Date,Open,High,Low,Close,Adj Close,Volume
2004-08-19,2.4737354365031994,2.5741690854691477,2.3737974059468163,2.482146978378296,897427216,2.482146978378296
2004-08-20,2.4987204731158568,2.698351211098458,2.4861048179091636,2.6793036460876465,458857488,2.6793036460876465
2004-08-23,2.7396632406056924,2.8071961798130696,2.6976100195939625,2.706267833709717,366857939,2.706267833709717
2004-08-24,2.75178412557581,2.76068915586773,2.562048443861394,2.594207286834717,306396159,2.594207286834717
2004-08-25,2.596433027191337,2.67163537106293,2.569716753992065,2.622159957885742,184645512,2.622159957885742
2004-08-26,2.596185610284768,2.670397902318206,2.589011811430422,2.6694085597991943,142572401,2.6694085597991943
2004-08-27,2.674108613114946,2.6869724342490247,2.6144916077364946,2.625870704650879,124826132,2.625870704650879
2004-08-30,2.6043484676111937,2.6095440544570794,2.5234580039978027,2.5234580039978027,104429967,2.5234580039978027
2004-08-31,2.53063218384483,2.5655113601953596,2.527168774813275,2.5323634147644043,98825037,2.5323634147644043
2004-09-01,2.5405267344097617,2.5472058621285667,2.4655725524949648,2.4799203872680664,183633734,2.4799203872680664
2004-09-02,2.453698696685634,2.532363502296871,2.4475140036586374,2.5110890865325928,303810504,2.5110890865325928
2004-09-03,2.4972368588240657,2.516779096323428,2.4569146401122635,2.473982810974121,103538639,2.473982810974121
2004-09-07,2.4987203421613122,2.5232107100579584,2.4640883860659333,2.5128207206726074,117506800,2.5128207206726074
2004-09-08,2.4920412697484386,2.5486907180002323,2.486104977970934,2.530632257461548,100186120,2.530632257461548
2004-09-09,2.536321354904519,2.5407738697754674,2.498473439313741,2.530879497528076,81620792,2.530879497528076
2004-09-10,2.5133157730511146,2.63601319075319,2.5058945200775025,2.605586290359497,174804764,2.605586290359497
2004-09-13,2.63774412540179,2.6817767302322273,2.6335388281219636,2.6592657566070557,157628624,2.6592657566070557
2004-09-14,2.6580292120978917,2.7705840808638693,2.6417019837014135,2.7579684257507324,217608605,2.7579684257507324
2004-09-15,2.7349630413905537,2.8257488334741243,2.7260570643274065,2.7705843448638916,215279909,2.7705843448638916
2004-09-16,2.7789946436313597,2.8645857936475405,2.7619264727483204,2.8193166255950928,186207345,2.8193166255950928
2004-09-17,2.83044857887593,2.906392812728882,2.808926945396902,2.906392812728882,190350817,2.906392812728882
2004-09-20,2.8930342597150305,3.0080629672161043,2.888581744852673,2.952651262283325,213585582,2.952651262283325
2004-09-21,2.9637830830742757,2.9788728055388747,2.906887365506458,2.915050506591797,145262446,2.915050506591797
2004-09-22,2.9041659394373673,2.9603195289927187,2.8895706521315754,2.928407907485962,152344894,2.928407907485962
2004-09-23,2.9397883074278135,3.033542596530334,2.8947654104255016,2.9887681007385254,171524515,2.9887681007385254
2004-09-24,2.9917359091319455,3.0699060481025486,2.962546751630271,2.964277982711792,183336625,2.964277982711792
2004-09-27,2.957598202490673,2.9902517119524865,2.9140612159999795,2.9254403114318848,141994242,2.9254403114318848
2004-09-28,3.000642001086619,3.1515392312103043,2.9736785102472276,3.138181686401367,340190355,3.138181686401367
2004-09-29,3.1342239153586062,3.340038421643162,3.1225973644930938,3.2425734996795654,613229953,3.2425734996795654
2004-09-30,3.2133831958211525,3.2727529842104146,3.1911194363758835,3.2059619426727295,276468402,3.2059619426727295
2004-10-01,3.23564668959898,3.320743409210812,3.1886453411456195,3.279679536819458,303934969,3.279679536819458
2004-10-04,3.345728414471005,3.3858022334675177,3.315548020817656,3.3410274982452393,261693228,3.3410274982452393
2004-10-05,3.3311334057782203,3.4268661499067377,3.2712689465478793,3.422908306121826,300887589,3.422908306121826
2004-10-06,3.402624199222931,3.4248877218393874,3.364281610537885,3.3909976482391357,268900140,3.3909976482391357
2004-10-07,3.387039503884894,3.4602615022259124,3.3778860732977267,3.434781789779663,283643194,3.434781789779663
2004-10-08,3.4315669685262216,3.4553145041560422,3.3895128075249046,3.407076597213745,222442656,3.407076597213745
2004-10-11,3.3890181945034428,3.435030436765829,3.311095511487649,3.345975637435913,210437827,3.345975637435913
2004-10-12,3.3256906688107053,3.4041080255782217,3.299963736491573,3.398913621902466,234419380,3.398913621902466
2004-10-13,3.545358118231161,3.5510483768187067,3.4652097722739885,3.4854938983917236,397203256,3.4854938983917236
2004-10-14,3.488214950278395,3.5221050199566886,3.427608845990587,3.512704372406006,209835578,3.512704372406006
2004-10-15,3.585185470458315,3.5992860867560226,3.5114678547994336,3.5649003982543945,265150137,3.5649003982543945
2004-10-18,3.542389580125926,3.690813686842118,3.4931623319097453,3.6898245811462402,282061287,3.6898245811462402
2004-10-19,3.7229727079461257,3.7699740532390345,3.6450500294188326,3.6596450805664062,363918964,3.6596450805664062
2004-10-20,3.6618710611605914,3.6856195450672766,3.4533352664108175,3.475351572036743,456613107,3.475351572036743
2004-10-21,3.572074399305695,3.7138193803894466,3.5033049127849436,3.6952664852142334,585767401,3.6952664852142334
2004-10-22,4.218709930799171,4.456930753430581,4.058906232822164,4.265463829040527,1481207196,4.265463829040527
2004-10-25,4.363669955719394,4.809684863714768,4.2684307063463525,4.6357808113098145,1315480331,4.6357808113098145
2004-10-26,4.6095596430159205,4.765404997195227,4.452724472779645,4.497251987457275,895628499,4.497251987457275
2004-10-27,4.520010376422338,4.6882241762866075,4.496510058381364,4.600407123565674,536262538,4.600407123565674
2004-10-28,4.617970079692293,4.808694859797653,4.591254042657451,4.781731605529785,596097978,4.781731605529785
2004-10-29,4.920013016923128,4.946234618620137,4.714940645791889,4.715930461883545,849672890,4.715930461883545
2004-11-01,4.7879159147325225,4.889833342056488,4.731514870408718,4.849264144897461,490828877,4.849264144897461
2004-11-02,4.917293027710879,4.928919342041515,4.782722074184982,4.82056999206543,455553149,4.82056999206543
2004-11-03,4.9024495133216925,4.9870508355657,4.718650635422941,4.741408824920654,557630330,4.741408824920654
2004-11-04,4.6615077140737915,4.709993069876743,4.535594592904901,4.5689897537231445,578544429,4.5689897537231445
2004-11-05,4.501704758608245,4.509620445521412,4.1694822327598065,4.189271450042725,796297573,4.189271450042725
2004-11-08,4.228357839389887,4.339923383247866,4.190508500126626,4.268431186676025,449349985,4.268431186676025
2004-11-09,4.306775071236407,4.333986018478739,4.088343947155125,4.173193454742432,444226854,4.173193454742432
2004-11-10,4.22192545891035,4.267689538862703,4.114565449715797,4.152413368225098,427355853,4.152413368225098
2004-11-11,4.183829422829773,4.54548923261003,4.1452384400970095,4.527431011199951,601666773,4.527431011199951
2004-11-12,4.582101482170415,4.695150789367855,4.38840774053163,4.502199172973633,672354740,4.502199172973633
2004-11-15,4.46385583860302,4.658538900352221,4.421802868899218,4.573194980621338,477844390,4.573194980621338
2004-11-16,4.390881124559873,4.439613702826286,4.2258835138933915,4.268183708190918,839832142,4.268183708190918
2004-11-17,4.181108686629641,4.390881027235388,4.180613778582336,4.2671942710876465,728034662,4.2671942710876465
2004-11-18,4.212524756288593,4.314690354685946,4.099722660278995,4.144497394561768,667677273,4.144497394561768
2004-11-19,4.18308663652939,4.204855958902877,4.119264340650402,4.190507888793945,352086780,4.190507888793945
2004-11-22,4.068553759622674,4.192982165919368,3.9903838633039777,4.084137916564941,496582362,4.084137916564941
2004-11-23,4.155134794841581,4.225883921377956,4.118770652159538,4.144002914428711,498393124,4.144002914428711
2004-11-24,4.324583866703904,4.383706186854781,4.267441178378773,4.3231000900268555,613531078,4.3231000900268555
2004-11-26,4.3488280760817855,4.453466792962079,4.336954071648,4.4376349449157715,260175560,4.4376349449157715
2004-11-29,4.461629850322042,4.525699363179262,4.391127954063902,4.47869873046875,428263241,4.47869873046875
2004-11-30,4.470288689181116,4.526937430409446,4.458909592206739,4.501705169677734,309154460,4.501705169677734
2004-12-01,4.500962987208768,4.51456798636106,4.4415934363078025,4.451735973358154,315743063,4.451735973358154
2004-12-02,4.450250866266664,4.490078416377459,4.416855700402501,4.437882900238037,251374696,4.437882900238037
2004-12-03,4.451488376446569,4.478946063242137,4.393354916687197,4.462619781494141,235647968,4.462619781494141
2004-12-06,4.431202284392441,4.470040483049649,4.3542689594217645,4.360948085784912,251097661,4.360948085784912
2004-12-07,4.353774340968092,4.358722947364558,4.218956192410759,4.240725040435791,275866153,4.240725040435791
2004-12-08,4.214009112320908,4.296384538077297,4.1739343504737105,4.204855918884277,302802741,4.204855918884277
2004-12-09,4.211535426686783,4.291932174858788,4.167502817553239,4.290200233459473,307307563,4.290200233459473
2004-12-10,4.29020026926051,4.3260695005418865,4.237262629843446,4.2461676597595215,173335277,4.2461676597595215
2004-12-13,4.25903195338535,4.2840169988784735,4.191746235108943,4.216483116149902,193466452,4.216483116149902
2004-12-14,4.230088729305787,4.423534798858452,4.195456530271095,4.420319080352783,445198482,4.420319080352783
2004-12-15,4.40300343355503,4.469793290925977,4.370102702549197,4.447282314300537,460559845,4.447282314300537
2004-12-16,4.377276223332329,4.4648460622298645,4.352538871002824,4.365401744842529,344197318,4.365401744842529
2004-12-17,4.372574648411459,4.465092606873314,4.367380245649216,4.454702854156494,296555412,4.454702854156494
2004-12-20,4.502199240965822,4.662002440984135,4.498983049126674,4.576905727386475,394854485,4.576905727386475
2004-12-21,4.608817652921921,4.6476549104013545,4.536831028485924,4.54548978805542,221479058,4.54548978805542
2004-12-22,4.549200081904904,4.622175096304809,4.527184016341888,4.608570098876953,156865776,4.608570098876953
2004-12-23,4.637017611012124,4.6654660628450975,4.601149327071621,4.648149490356445,145125936,4.648149490356445
2004-12-27,4.679071824453029,4.781731380412981,4.677834317557467,4.7473464012146,245079187,4.7473464012146
2004-12-28,4.75229395287684,4.787916441711697,4.725083480563312,4.768373966217041,166453579,4.768373966217041
2004-12-29,4.744130433664515,4.787173696504173,4.744130433664515,4.771836757659912,107525527,4.771836757659912
2004-12-30,4.773568023609506,4.90368668837341,4.745862645228426,4.8881025314331055,237057231,4.8881025314331055
2004-12-31,4.928424698090111,4.944503763675792,4.763425666138496,4.769115924835205,307889737,4.769115924835205
2005-01-03,4.883153529587953,5.037515083371453,4.835164033998703,5.014509677886963,636143518,5.014509677886963
2005-01-04,4.982104497011161,5.019952413543538,4.78618389229459,4.8114166259765625,552298420,4.8114166259765625
2005-01-05,4.785442022246641,4.870785953869913,4.755262577291138,4.786926746368408,330698912,4.786926746368408
2005-01-06,4.8257635709590945,4.846048642053653,4.643696627873632,4.664228916168213,417041336,4.664228916168213
2005-01-07,4.715930741924951,4.805232996928826,4.66991897241335,4.795337677001953,387964757,4.795337677001953
2005-01-10,4.811417011421375,4.900471580556073,4.745367854729239,4.825270175933838,302714411,4.825270175933838
2005-01-11,4.83912208158769,4.890823152214927,4.778761779000717,4.787668228149414,279391317,4.787668228149414
2005-01-12,4.807211286324574,4.846791619480834,4.712467882535802,4.83318567276001,328338096,4.83318567276001
2005-01-13,4.833185316894293,4.882907236527725,4.800284587697296,4.831948757171631,275002929,4.831948757171631
2005-01-14,4.848522384387273,4.947719482635677,4.802263872671569,4.946730613708496,387057368,4.946730613708496
2005-01-18,4.971466640843434,5.071653074007201,4.914323944920881,5.043947696685791,528878966,5.043947696685791
2005-01-19,5.062501265929844,5.078580331688614,4.8660862259840245,4.88068151473999,451995865,4.88068151473999
2005-01-20,4.761941489658461,4.854706669721244,4.749573051568057,4.797068119049072,361413608,4.797068119049072
2005-01-21,4.8124054074968345,4.832690954563562,4.653592491285645,4.65755033493042,371724110,4.65755033493042
2005-01-24,4.667692921397968,4.683524769741973,4.460640912382925,4.470536231994629,563010421,4.470536231994629
2005-01-25,4.500715654298492,4.5081369071699084,4.36094888308557,4.381481647491455,427966132,4.381481647491455
2005-01-26,4.434666393444785,4.6855028398749825,4.431697892370051,4.681297779083252,494161321,4.681297779083252
2005-01-27,4.669424345068699,4.671898411997283,4.581359118160172,4.652603626251221,266089645,4.652603626251221
2005-01-28,4.7005928104452215,4.816364832063449,4.6095600356076485,4.70850944519043,490158373,4.70850944519043
2005-01-31,4.791380009912516,4.857428691760977,4.7426474281803985,4.839123249053955,385306832,4.839123249053955
2005-02-01,4.808448117548903,4.864850119159971,4.715683867260784,4.747099876403809,756384528,4.747099876403809
2005-02-02,5.332137275641503,5.363058369173416,5.038009904541971,5.094905853271484,1316889593,5.094905853271484
2005-02-03,5.095649663862786,5.278211556484533,5.091196438075917,5.21612024307251,521471303,5.21612024307251
2005-02-04,5.107522923819823,5.139186145446258,5.011788765702757,5.05532693862915,594993855,5.05532693862915
2005-02-07,5.077590553115026,5.105790364882637,4.836400798675841,4.849264144897461,520359150,4.849264144897461
2005-02-08,4.8722703117966155,4.947966135718338,4.812157696433382,4.9138288497924805,460921194,4.9138288497924805
2005-02-09,4.966273330755356,4.987052368319401,4.68674116714192,4.739184379577637,689434520,4.739184379577637
2005-02-10,4.748831038717219,4.75476804128398,4.582596387636641,4.650129318237305,762154073,4.650129318237305
2005-02-11,4.617475370844137,4.757489352508031,4.6028800830383,4.6357808113098145,526606480,4.6357808113098145
2005-02-14,4.52322710801906,4.776290436881638,4.477463026207868,4.774063587188721,1548269624,4.774063587188721
2005-02-15,4.789152942111134,4.943514532634349,4.7762900682295,4.829474925994873,1035177611,4.829474925994873
2005-02-16,4.816364806009014,4.93089789924424,4.806469486227273,4.908139705657959,663770685,4.908139705657959
2005-02-17,4.893791609935944,4.941287629146272,4.868560296922928,4.895524024963379,418137429,4.895524024963379
2005-02-18,4.91061410502681,4.918777010325501,4.8648500239222745,4.896760940551758,340708289,4.896760940551758
2005-02-22,4.860891708301611,4.920260310079917,4.709745841580664,4.733988285064697,541369609,4.733988285064697
2005-02-23,4.781731020449088,4.810921120627483,4.666949304550072,4.797811031341553,625776806,4.797811031341553
2005-02-24,4.536089274463427,4.696387381194169,4.50788898857315,4.672639846801758,1036442333,4.672639846801758
2005-02-25,4.679072168964683,4.69811973631913,4.589027315012542,4.597933292388916,400435325,4.597933292388916
2005-02-28,4.601148835556822,4.6968815669027135,4.597438209505101,4.650375843048096,313908211,4.650375843048096
2005-03-01,4.682535311651681,4.693914407968445,4.50219934396959,4.602632999420166,373844027,4.602632999420166
2005-03-02,4.599911996908701,4.642460830879696,4.5605798286434,4.580864429473877,292512314,4.580864429473877
2005-03-03,4.604365064799697,4.644438883415108,4.5593435863672855,4.626133441925049,305484756,4.626133441925049
2005-03-04,4.618464942959185,4.632070415375784,4.578143907363094,4.59867525100708,271979640,4.59867525100708
2005-03-07,4.645181965711429,4.690203917835162,4.6266288333537835,4.670660495758057,347995502,4.670660495758057
2005-03-08,4.6778342414519924,4.696387372659381,4.57566959519318,4.581358432769775,323050350,4.581358432769775
2005-03-09,4.556869825628903,4.567754014922391,4.456683377978495,4.486120700836182,456119263,4.486120700836182
2005-03-10,4.477709451834457,4.482409420453236,4.388407680096684,4.452229976654053,440063306,4.452229976654053
2005-03-11,4.463610067097307,4.4762257252963575,4.382223963991515,4.398303031921387,322335682,4.398303031921387
2005-03-14,4.411414276348317,4.41314527071369,4.268927155485176,4.328791618347168,447535208,4.328791618347168
2005-03-15,4.336459213201835,4.452724232325054,4.309494541442854,4.418339729309082,418446584,4.418339729309082
2005-03-16,4.371091122733089,4.418339920667922,4.3292853658609936,4.343880653381348,285317446,4.343880653381348
2005-03-17,4.381729509235049,4.443819404468827,4.34882877453111,4.435161590576172,331662510,4.435161590576172
2005-03-18,4.4232872319195495,4.462619870579381,4.410918793354811,4.453713893890381,284663002,4.453713893890381
2005-03-21,4.434666905362603,4.506404900289435,4.38469776296465,4.474494457244873,300470030,4.474494457244873
2005-03-22,4.481915024770192,4.500715373004017,4.399539596642163,4.418092727661133,226112360,4.418092727661133
2005-03-23,4.402507101032928,4.4586609278897065,4.402507101032928,4.427492141723633,194526410,4.427492141723633
2005-03-24,4.470040904472618,4.473998747788164,4.432935116997489,4.434171676635742,148763520,4.434171676635742
2005-03-28,4.494283526522314,4.57146407905501,4.476224829678019,4.487851142883301,350830087,4.487851142883301
2005-03-29,4.478698524955858,4.533863006192707,4.404980913976105,4.442087173461914,259890496,4.442087173461914
2005-03-30,4.468556666130341,4.488594522882992,4.442829971388731,4.4638566970825195,250378977,4.4638566970825195
2005-03-31,4.40201321801348,4.487109939594601,4.394344747516483,4.465340614318848,271758815,4.465340614318848
2005-04-01,4.496262724397859,4.5256995702942415,4.452477334191632,4.453713893890381,248206866,4.453713893890381
2005-04-04,4.4514883894615656,4.584326913947472,4.448766632101311,4.583585262298584,324266893,4.583585262298584
2005-04-05,4.643943893829491,4.706529628170398,4.639986050606737,4.664723873138428,350777892,4.664723873138428
2005-04-06,4.681297730152392,4.6914402665837915,4.6402336235798565,4.680802822113037,210891521,4.680802822113037
2005-04-07,4.669918062747447,4.814384306541636,4.666454654088064,4.793109893798828,389141150,4.793109893798828
2005-04-08,4.791379821300315,4.826258763812335,4.73596764007455,4.750810146331787,205431131,4.750810146331787
2005-04-11,4.776536321125419,4.818836507964093,4.7574887577896074,4.779999256134033,217231195,4.779999256134033
2005-04-12,4.774310028393146,4.8094376057166395,4.685502689815656,4.79805850982666,293881426,4.79805850982666
2005-04-13,4.785936022604146,4.806963218873156,4.693419011159043,4.772578716278076,263214910,4.772578716278076
2005-04-14,4.780989589320151,4.807953317799469,4.702572470653825,4.735967636108398,247030473,4.735967636108398
2005-04-15,4.702572065878708,4.708509067865602,4.568000652304052,4.576411247253418,464831797,4.576411247253418
2005-04-18,4.566022144181924,4.647655459533743,4.5390584141826755,4.6251444816589355,262994085,4.6251444816589355
2005-04-19,4.683524551419647,4.749573225649463,4.651365474575048,4.7347307205200195,338463908,4.7347307205200195
2005-04-20,4.912344741684257,4.959840760887278,4.846296537172526,4.900471210479736,620376641,4.900471210479736
2005-04-21,4.95786192453848,5.071158927561592,4.930650506501641,5.051863670349121,712737539,5.051863670349121
2005-04-22,5.513957470611004,5.541168414120128,5.300225871631778,5.338569641113281,1333182435,5.338569641113281
2005-04-25,5.388291428000899,5.559473719030743,5.3808701756618955,5.529541492462158,796574608,5.529541492462158
2005-04-26,5.447660980996138,5.491693587072517,5.399917748744888,5.411296844482422,693469588,5.411296844482422
2005-04-27,5.392496812148925,5.463245457230805,5.361575241278556,5.436776638031006,412131000,5.436776638031006
2005-04-28,5.4298497454910475,5.493672039400765,5.385569450480096,5.428613185882568,348613811,5.428613185882568
2005-04-29,5.489467114470932,5.497878657038176,5.38829180555108,5.4422197341918945,368182886,5.4422197341918945
2005-05-02,5.492930036392555,5.533746923496192,5.447413654356743,5.498867511749268,392160425,5.498867511749268
2005-05-03,5.487983586126548,5.643828956033635,5.474872547616246,5.595344066619873,713873782,5.595344066619873
2005-05-04,5.621070319717257,5.686624086322452,5.6153805348498285,5.652486324310303,485151677,5.652486324310303
2005-05-05,5.655455000197787,5.655455000197787,5.587674861389722,5.614885330200195,301509913,5.614885330200195
2005-05-06,5.650012543527214,5.671039742720515,5.602270254370289,5.640613079071045,271570110,5.640613079071045
2005-05-09,5.640118151477531,5.652486116047051,5.5765430721802804,5.591137886047363,222302131,5.591137886047363
2005-05-10,5.577532851402981,5.6351704597473145,5.5589797191053245,5.6351704597473145,254783425,5.6351704597473145
2005-05-11,5.664112874657104,5.738572141285481,5.63838570881378,5.721503734588623,460873014,5.721503734588623
2005-05-12,5.709629551242108,5.744757129674209,5.64506512649299,5.657929420471191,359269602,5.657929420471191
2005-05-13,5.669308802635589,5.716556184179268,5.623296560081976,5.670792579650879,297731805,5.670792579650879
2005-05-16,5.681677039941834,5.7296674922770565,5.654218878201303,5.715567111968994,228107811,5.715567111968994
2005-05-17,5.703446565309839,5.774937344222399,5.694540587307079,5.767021656036377,313526787,5.767021656036377
2005-05-18,5.7788936499143695,5.936223238686914,5.776666800809281,5.916186332702637,494325936,5.916186332702637
2005-05-19,5.9453769566323915,5.965908298812419,5.894170315404051,5.916681289672852,390116793,5.916681289672852
2005-05-20,5.966898440917737,5.9782775363772815,5.928307456045675,5.976792812347412,327763952,5.976792812347412
2005-05-23,6.015136332776801,6.3847118339975495,6.004004454981689,6.319157600402832,858738744,6.319157600402832
2005-05-24,6.356511683344479,6.566284966702798,6.270920535149102,6.332764148712158,1166078427,6.332764148712158
2005-05-25,6.251872785099157,6.45595629306821,6.1999244882906375,6.451751232147217,725023418,6.451751232147217
2005-05-26,6.455462061681622,6.524725986009,6.38966012590019,6.411923885345459,543895039,6.411923885345459
2005-05-27,6.443092243178111,6.581374759711079,6.413160015350843,6.580137252807617,489190760,6.580137252807617
2005-05-31,6.664986298820821,6.886880790866224,6.663502521987318,6.858927249908447,892805959,6.858927249908447
2005-06-01,7.005620980215736,7.245325551732192,6.9764304034154065,7.124359130859375,1412944285,7.124359130859375
2005-06-02,7.1424175928980524,7.168391503295262,7.040252471850958,7.121885776519775,721658854,7.121885776519775
2005-06-03,7.094426025474947,7.156517324211796,6.862389952681745,6.932891845703125,754108027,6.932891845703125
2005-06-06,6.985583469850809,7.266600327407155,6.971730306046254,7.19708776473999,904413304,7.19708776473999
2005-06-07,7.349469675706279,7.411065125539328,7.181255878479623,7.251014232635498,976566743,7.251014232635498
2005-06-08,7.244336052931472,7.252746648074134,6.876985940934636,6.915575981140137,1031889331,6.915575981140137
2005-06-09,7.04322169388045,7.1367285323489265,6.940313970365381,7.082553386688232,660109011,7.082553386688232
2005-06-10,7.099374277273982,7.106548312093449,6.9269544867703186,6.9883036613464355,509767599,6.9883036613464355
2005-06-13,6.922008131658042,7.03011025974713,6.840374823223779,6.9944891929626465,514047581,6.9944891929626465
2005-06-14,6.891581434942377,6.957134730288516,6.870801453293561,6.88564395904541,405189077,6.88564395904541
2005-06-15,6.802774430237914,6.859669915794708,6.615512578395416,6.797827243804932,838454999,6.797827243804932
2005-06-16,6.784468147093849,6.884407369661946,6.755030826543549,6.863132953643799,500364485,6.863132953643799
2005-06-17,6.901723627008143,6.9338812828063965,6.8250375089860125,6.9338812828063965,418940428,6.9338812828063965
2005-06-20,6.829737056617207,7.116195984733312,6.7218821508400755,7.092201232910156,844140229,7.092201232910156
2005-06-21,7.1260911639234115,7.181255649020994,7.049405046817851,7.120400905609131,607560783,7.120400905609131
2005-06-22,7.165671176395234,7.231224942720172,7.140933825661939,7.15651798248291,420530365,7.15651798248291
2005-06-23,7.1243591708002585,7.292821610628929,7.087253380117041,7.166660785675049,564363474,7.166660785675049
2005-06-24,7.196098954608465,7.371734018420824,7.163444966745861,7.353180885314941,713512433,7.353180885314941
2005-06-27,7.393996281349026,7.5317834081542525,7.269319717726847,7.522630214691162,714785186,7.522630214691162
2005-06-28,7.576558359890953,7.650028758968544,7.470681667327881,7.470681667327881,764314139,7.470681667327881
2005-06-29,7.483051277358717,7.529557004668076,7.2270194815587745,7.241119861602783,734691521,7.241119861602783
2005-06-30,7.281194468494588,7.394738684464501,7.199561164653829,7.276494026184082,606039101,7.276494026184082
2005-07-01,7.298510310931762,7.328195321795824,7.154539429029711,7.204755783081055,370487492,7.204755783081055
2005-07-05,7.225782684842771,7.321763110971458,7.179523229081376,7.315084457397461,300883574,7.315084457397461
2005-07-06,7.354417342378787,7.361838595517461,7.207972385500193,7.211435794830322,321211484,7.211435794830322
2005-07-07,7.158744506719302,7.317310193115836,7.136975184410355,7.310879230499268,428484066,7.310879230499268
2005-07-08,7.328442050994479,7.3593645667135945,7.274020639758982,7.327947616577148,299422117,7.327947616577148
2005-07-11,7.33215294142563,7.337101074546793,7.199065778245055,7.256704330444336,336869956,7.256704330444336
2005-07-12,7.257693975110947,7.28267901739747,7.1968401757606895,7.217867374420166,235475323,7.217867374420166
2005-07-13,7.235924884944591,7.402407696637912,7.225783295119568,7.393008232116699,459230882,7.393008232116699
2005-07-14,7.553305716347271,7.588185131288527,7.422939830076775,7.4432244300842285,428307406,7.4432244300842285
2005-07-15,7.451882006487379,7.505315025531811,7.415766032941774,7.450645446777344,338801168,7.450645446777344
2005-07-18,7.4212077592249015,7.468209342377864,7.365548837189628,7.4098286628723145,249242734,7.4098286628723145
2005-07-19,7.473156504457938,7.677239533662047,7.465735251730928,7.666107654571533,506748324,7.666107654571533
2005-07-20,7.558994654517084,7.733145924180827,7.465735037253873,7.7180562019348145,574561556,7.7180562019348145
2005-07-21,7.768766860597595,7.8615320418901415,7.698513600885043,7.766046524047852,794543021,7.766046524047852
2005-07-22,7.578784267833108,7.6500287648318785,7.330421896364738,7.480576992034912,938978379,7.480576992034912
2005-07-25,7.480330579101276,7.50259433880837,7.296532610483402,7.318548679351807,387800142,7.318548679351807
2005-07-26,7.297768788479771,7.371733626128295,7.225535892226463,7.324484825134277,394147846,7.324484825134277
2005-07-27,7.365301825571365,7.377423048316818,7.233204935213065,7.3452653884887695,289798178,7.3452653884887695
2005-07-28,7.357138104797848,7.357138104797848,7.2549720359666,7.260415077209473,237912424,7.260415077209473
2005-07-29,7.226772811687178,7.244089384923931,7.099375420792135,7.1184234619140625,335785908,7.1184234619140625
2005-08-01,7.127327919819919,7.2356772608920705,7.126833011779791,7.213661193847656,227344963,7.213661193847656
2005-08-02,7.213413512629368,7.409334108484631,7.201539982016399,7.40117073059082,292701018,7.40117073059082
2005-08-03,7.3717329411576245,7.414280822067743,7.3123629238947965,7.354416370391846,238113174,7.354416370391846
2005-08-04,7.3111271484168565,7.396470136597045,7.3037058954630405,7.365054130554199,210245108,7.365054130554199
2005-08-05,7.359365306158075,7.384349401821507,7.206240277794663,7.231966972351074,238478538,7.231966972351074
2005-08-08,7.2628892450873215,7.313600033588921,7.185955434065888,7.204755783081055,179943955,7.204755783081055
2005-08-09,7.222319862499915,7.240131343330068,7.136975926433628,7.212672233581543,232038489,7.212672233581543
2005-08-10,7.205991649866866,7.231471597472484,7.047178751400623,7.0669684410095215,276191367,7.0669684410095215
2005-08-11,7.072162992611082,7.089231872575679,6.9417971190200385,7.026646137237549,301722708,7.026646137237549
2005-08-12,7.009579118668876,7.178782269162421,6.967030285013265,7.166908264160156,264423423,7.166908264160156
2005-08-15,7.168886137628596,7.242356061665877,7.019719913868171,7.025409698486328,328213631,7.025409698486328
2005-08-16,7.047179393085468,7.119164596870863,7.009082840010731,7.066226959228516,285433881,7.066226959228516
2005-08-17,7.062763424100897,7.088985025230364,7.0254099441528535,7.052620887756348,155914222,7.052620887756348
2005-08-18,6.825284701120174,6.938829390436926,6.802773726469064,6.926212787628174,476692087,6.926212787628174
2005-08-19,6.950951352333739,6.962330449480485,6.917061278137043,6.9264607429504395,222547046,6.9264607429504395
2005-08-22,6.957134846134266,6.962824631299293,6.761957313036156,6.778283596038818,273541472,6.778283596038818
2005-08-23,6.831469601245366,6.920029252041926,6.781004609267392,6.916070461273193,233740846,6.916070461273193
2005-08-24,6.86634924759156,7.043963463237664,6.838643394427938,6.990035533905029,345012362,6.990035533905029
2005-08-25,6.989540671570166,7.025409900787658,6.925718373667151,6.990530014038086,175720183,6.990530014038086
2005-08-26,7.012546303840577,7.0506428572125595,6.9922621778237195,7.015020370483398,150775031,7.015020370483398
2005-08-29,6.981872384342875,7.152065341064778,6.981872384342875,7.135490894317627,237005036,7.135490894317627
2005-08-30,7.109269338419603,7.161712542063095,7.071915857485386,7.106301784515381,192398464,7.106301784515381
2005-08-31,7.130048898931636,7.136728026004967,7.034314744213887,7.074884414672852,202114747,7.074884414672852
2005-09-01,7.072658874276319,7.111990566304993,7.050146951810173,7.081069469451904,110095123,7.081069469451904
2005-09-02,7.087501389820418,7.173587447473257,7.085769448461035,7.135490894317627,137894934,7.135490894317627
2005-09-06,7.149096495308147,7.158744596941247,7.094674136042265,7.10234260559082,169123549,7.10234260559082
2005-09-07,7.072163133730658,7.309889003964967,7.057073411905956,7.294304847717285,301104399,7.294304847717285
2005-09-08,7.293315797844512,7.4033966064172505,7.256951660083405,7.307168960571289,265523531,7.307168960571289
2005-09-09,7.35392169103111,7.398943639791126,7.336110685298481,7.398696422576904,176278267,7.398696422576904
2005-09-12,7.464498320191242,7.703707968926243,7.445945189297873,7.662149429321289,417017246,7.662149429321289
2005-09-13,7.643844338882535,7.8053785360636665,7.573837346308022,7.710140705108643,413540262,7.710140705108643
2005-09-14,7.637164476728401,7.749719349454522,7.428628703866934,7.495419502258301,452722579,7.495419502258301
2005-09-15,7.409333970307045,7.588184734583779,7.369506424066097,7.486020088195801,620966845,7.486020088195801
2005-09-16,7.520652219339477,7.532526223972716,7.41799171214668,7.426155090332031,304328438,7.426155090332031
2005-09-19,7.445945021338812,7.56963129491475,7.43877098635647,7.5149617195129395,231339881,7.5149617195129395
2005-09-20,7.573342718410048,7.7007401050908655,7.550584525028785,7.616880893707275,375441994,7.616880893707275
2005-09-21,7.629249095341756,7.761594611343656,7.568642987290302,7.715582370758057,406305245,7.715582370758057
2005-09-22,7.705686970908265,7.89665893730057,7.672786246013107,7.702470779418945,522206047,7.702470779418945
2005-09-23,7.742794427105182,7.8469377641227105,7.732651890278878,7.801173686981201,340623975,7.801173686981201
2005-09-26,7.903586293510443,7.9394545743588925,7.731909096368788,7.774456977844238,397259466,7.774456977844238
2005-09-27,7.791030617770893,7.876621763886646,7.752193361719067,7.766046524047852,275954483,7.766046524047852
2005-09-28,7.772973420511616,7.794741322687557,7.5597367311154215,7.569631576538086,321095049,7.569631576538086
2005-09-29,7.586453790301205,7.686392061598001,7.571611285219024,7.659181118011475,225393676,7.659181118011475
2005-09-30,7.772974115804763,7.854111571370643,7.725230878534614,7.828384876251221,367424053,7.828384876251221
2005-10-03,7.758378418864114,7.918676530848892,7.737598437596775,7.883301734924316,367785402,7.883301734924316
2005-10-04,7.914718435226744,7.947618689863426,7.686886456969403,7.6933183670043945,367143003,7.6933183670043945
2005-10-05,7.735124145014265,7.789794196465143,7.619106335630499,7.6861443519592285,334384676,7.6861443519592285
2005-10-06,7.770993964667734,7.779404559787973,7.670807527699674,7.73660945892334,320950509,7.73660945892334
2005-10-07,7.787073121034734,7.833579795954791,7.68193949680736,7.7425456047058105,271827070,7.7425456047058105
2005-10-10,7.7504628446767585,7.78781632614573,7.6475551209168335,7.684660911560059,223723439,7.684660911560059
2005-10-11,7.68367141872096,7.734135463503098,7.541431057650034,7.572105884552002,342984790,7.572105884552002
2005-10-12,7.549842492309492,7.599069503073342,7.396469780776816,7.4452033042907715,373643277,7.4452033042907715
2005-10-13,7.470682216822156,7.470682216822156,7.190655656704956,7.357880592346191,424292413,7.357880592346191
2005-10-14,7.418734149466803,7.426898475188001,7.236668123016474,7.325721740722656,342041267,7.325721740722656
2005-10-17,7.359365266480405,7.549842828695263,7.286636987791298,7.544894695281982,303802474,7.544894695281982
2005-10-18,7.54390457734424,7.6181166253946,7.4889873113258005,7.502346038818359,284173173,7.502346038818359
2005-10-19,7.520157138084427,7.665365517928959,7.5191668484564484,7.636422634124756,281479113,7.636422634124756
2005-10-20,7.668334210195368,7.696534495881373,7.451139678033112,7.500366687774658,558553779,7.500366687774658
2005-10-21,8.554178926768198,8.569764979549433,8.237540994814898,8.408228874206543,919128253,8.408228874206543
2005-10-24,8.494065526817003,8.64075909576856,8.464875901097829,8.624678611755371,378682093,8.624678611755371
2005-10-25,8.553684789801865,8.593759559176423,8.481451886341517,8.58163833618164,276163262,8.58163833618164
2005-10-26,8.566052417259433,8.806499089719441,8.563825568044326,8.792645454406738,357635500,8.792645454406738
2005-10-27,8.82134211010933,8.833463331323069,8.699633569151436,8.733772277832031,206145800,8.733772277832031
2005-10-28,8.788441442219645,8.8794751577488,8.782257222961409,8.860179901123047,237025111,8.860179901123047
2005-10-31,8.911386791026615,9.270326331800767,8.893329513422602,9.205760955810547,575866428,9.205760955810547
2005-11-01,9.198834291591341,9.496672313639097,9.128332866350332,9.384860038757324,656696267,9.384860038757324
2005-11-02,9.442250669003428,9.523883501506836,9.33019022683536,9.392281532287598,424200069,9.392281532287598
2005-11-03,9.459814421282255,9.562968412615147,9.434333997786123,9.547383308410645,299052737,9.547383308410645
2005-11-04,9.64707458793001,9.691849317819392,9.535015101796375,9.658206939697266,354319116,9.658206939697266
2005-11-07,9.773731774210942,9.832359201109114,9.700756275342796,9.77199935913086,385098052,9.77199935913086
2005-11-08,9.75270255263711,9.785851443251428,9.612442309697201,9.645094871520996,317084071,9.645094871520996
2005-11-09,9.565196186987313,9.605270955283943,9.351465036597801,9.379170417785645,420245300,9.379170417785645
2005-11-10,9.35962813446581,9.680966012294173,9.336621777220412,9.67478084564209,366516664,9.67478084564209
2005-11-11,9.774224425414197,9.818256555066695,9.619120734861433,9.657464027404785,283615089,9.657464027404785
2005-11-14,9.700013074012709,9.850912195990631,9.685417785707008,9.819989204406738,313486637,9.819989204406738
2005-11-15,9.75591997004743,9.820731611478612,9.67107047294249,9.716835021972656,346289130,9.716835021972656
2005-11-16,9.800941601012033,9.86649583916652,9.749240051568687,9.8491792678833,349111670,9.8491792678833
2005-11-17,9.93947113430099,9.989194002601463,9.88331682918253,9.980287551879883,369869183,9.980287551879883
2005-11-18,9.981276293262065,10.00626038614597,9.8912333459283,9.900137901306152,282077347,9.900137901306152
2005-11-21,9.874412334633519,10.141823712220502,9.733903909534313,10.126485824584961,414953540,10.126485824584961
2005-11-22,10.10892210426471,10.323148626244548,10.04905859267764,10.302369117736816,385278727,10.302369117736816
2005-11-23,10.316468329951421,10.506451447745832,10.285299069289522,10.460439682006836,404912042,10.460439682006836
2005-11-25,10.532672996834005,10.606143873502575,10.520799939489509,10.602927207946777,194329675,10.602927207946777
2005-11-28,10.63261281984164,10.667739453785828,10.450050936967083,10.475778579711914,441986487,10.475778579711914
2005-11-29,10.500019612416413,10.54801006560771,9.947882183484376,9.982514381408691,863054861,9.982514381408691
2005-11-30,10.000325559628418,10.103974937943628,9.785110168279658,10.016404151916504,626202395,10.016404151916504
2005-12-01,10.122527139275904,10.276887286972878,10.100016166004385,10.243492126464844,391257051,10.243492126464844
2005-12-02,10.31399432086086,10.378064310268691,10.237804057296996,10.332795143127441,302870996,10.332795143127441
2005-12-05,10.315478111160852,10.327847496370465,10.0008189101957,10.039656639099121,413118688,10.039656639099121
2005-12-06,10.110157548866487,10.300883248387306,9.936996583834388,10.007250785827637,607279734,10.007250785827637
2005-12-07,10.04732574734605,10.060684002243214,9.870453662561815,9.999336242675781,468385066,9.999336242675781
2005-12-08,10.02605308915295,10.158397674560547,9.960251622334559,10.158397674560547,357735875,10.158397674560547
2005-12-09,10.266004049911828,10.285299306957919,10.106694807467223,10.122528076171875,306881974,10.122528076171875
2005-12-12,10.256851608470127,10.271199679830675,10.141081010236503,10.206881523132324,279046027,10.206881523132324
2005-12-13,10.204160472195957,10.340216134597048,10.182886531068224,10.327600479125977,327775997,10.327600479125977
2005-12-14,10.316469008631737,10.383013068637124,10.27812571012805,10.363964080810547,266210095,10.363964080810547
2005-12-15,10.367674467228548,10.46736552096763,10.303110043936442,10.452770233154297,242738446,10.452770233154297
2005-12-16,10.521789358910468,10.698908672930251,10.45771936394311,10.640775680541992,655668429,10.640775680541992
2005-12-19,10.69148727271029,11.038058372711468,10.392412192688887,10.503483772277832,880760980,10.503483772277832
2005-12-20,10.584127146482388,10.691486672696595,10.505213703388435,10.630632400512695,404899997,10.630632400512695
2005-12-21,10.724881547250355,10.806762542027412,10.407253834405813,10.54627799987793,450558497,10.54627799987793
2005-12-22,10.680849956231723,10.707813683838372,10.53638416304782,10.687528610229492,302995460,10.687528610229492
2005-12-23,10.690250821594287,10.69890910857344,10.606886512042887,10.66007137298584,184492943,10.66007137298584
2005-12-27,10.683076296305437,10.683076296305437,10.457967475499478,10.504472732543945,269116950,10.504472732543945
2005-12-28,10.497051372814562,10.582148092756826,10.420861103798012,10.555184364318848,285783185,10.555184364318848
2005-12-29,10.587094415545169,10.605647073213209,10.369158703480581,10.393401145935059,278873383,10.393401145935059
2005-12-30,10.322157107247529,10.345410680796553,10.234835439407016,10.262540817260742,304621533,10.262540817260742
2006-01-03,10.452029333989895,10.777325540439469,10.34565961892465,10.76644229888916,526815259,10.76644229888916
2006-01-04,10.98091493120024,11.106086425888565,10.878255361704936,11.014062881469727,613747887,11.014062881469727
2006-01-05,11.032861851311187,11.17015454590182,10.921543066294841,11.16248607635498,433952486,11.16248607635498
2006-01-06,11.30175713939996,11.638928284220437,11.21196045473805,11.51919937133789,712938289,11.51919937133789
2006-01-09,11.537753082994463,11.710666867035116,11.402439053389635,11.549874305725098,513593887,11.549874305725098
2006-01-10,11.4885252791144,11.632742902613344,11.429649692666086,11.620621681213379,365247927,11.620621681213379
2006-01-11,11.657976057461127,11.752968098188267,11.606275449621611,11.666881561279297,361646478,11.666881561279297
2006-01-12,11.718582125365685,11.749999553045114,11.416292272735342,11.468982696533203,406530084,11.468982696533203
2006-01-13,11.485803004907646,11.54962577712612,11.419012678848173,11.533794403076172,307411953,11.533794403076172
2006-01-17,11.454881574408066,11.624086142369652,11.441771483469093,11.555068016052246,332051965,11.555068016052246
2006-01-18,11.065021278989855,11.313879036529741,10.96483484288573,11.005898475646973,822499417,11.005898475646973
2006-01-19,11.160754300722179,11.218145637792968,10.71127738949404,10.796621322631836,583671575,10.796621322631836
2006-01-20,10.852281300745007,10.885181086122266,9.764826605187512,9.881587028503418,1650832619,9.881587028503418
2006-01-23,10.077506467558386,10.597237603359105,10.036690049863834,10.575221061706543,913065614,10.575221061706543
2006-01-24,10.786229676184176,11.006886660238488,10.747887329614528,10.959391593933105,620902605,10.959391593933105
2006-01-25,11.162979758731721,11.23644967829666,10.617768281268198,10.711276054382324,752401655,10.711276054382324
2006-01-26,10.873059797101762,10.884192150852689,10.477756574169772,10.742693901062012,518982008,10.742693901062012
2006-01-27,10.760751691539438,10.840405843742111,10.611833141525093,10.723398208618164,339355237,10.723398208618164
2006-01-30,10.618016444102262,10.71820287919382,10.513378204705875,10.55840015411377,344843732,10.55840015411377
2006-01-31,10.651164992716193,10.874543264824512,10.48789839028294,10.702864646911621,885948351,10.702864646911621
2006-02-01,9.623575418907468,9.944418855503693,9.586221938518579,9.938976287841797,1088966472,9.938976287841797
2006-02-02,9.98944188007311,10.055737779265533,9.795500421860101,9.796984672546387,474078326,9.796984672546387
2006-02-03,9.737119184343145,9.744046002546595,9.21639730716535,9.438539505004883,734012987,9.438539505004883
2006-02-06,9.531551099901082,9.645094835034623,9.389311225491252,9.52635669708252,358956433,9.52635669708252
2006-02-07,9.474161093242081,9.49172393439809,8.98831865168722,9.10136890411377,667701363,9.10136890411377
2006-02-08,9.11522150612758,9.169891555540485,8.773598579974523,9.130064010620117,835283155,9.130064010620117
2006-02-09,9.18250709650341,9.261665856555451,8.809220481141939,8.875021934509277,478282024,8.875021934509277
2006-02-10,8.953686857885833,9.01676702513604,8.735750217465121,8.970012664794922,611222457,8.970012664794922
2006-02-13,8.57495797909444,8.672917559813236,8.457454978480548,8.551704406738281,791668286,8.551704406738281
2006-02-14,8.542553154274716,8.699882778932478,8.470073035500977,8.492831230163574,588357072,8.492831230163574
2006-02-15,8.442118680802073,8.559126308697133,8.357021965825911,8.46957778930664,519821141,8.46957778930664
2006-02-16,8.550963742034334,9.07861056590681,8.521773164617553,9.065253257751465,855815829,9.065253257751465
2006-02-17,9.149359673081312,9.205760245467161,8.99499856669111,9.121901512145996,574955025,9.121901512145996
2006-02-21,9.064758894627916,9.240393953400778,9.031858164062921,9.068469047546387,348742290,9.068469047546387
2006-02-22,9.082321492469768,9.126849009445104,9.000935875769665,9.041257858276367,260018976,9.041257858276367
2006-02-23,9.044226395406053,9.430871301366372,9.038784774771262,9.35245418548584,503945859,9.35245418548584
2006-02-24,9.333405252937546,9.401927042724369,9.239155824238479,9.335878372192383,260344190,9.335878372192383
2006-02-27,9.431613052913226,9.689623543515008,9.407122444623795,9.656970977783203,410019113,9.656970977783203
2006-02-28,9.726729202165135,9.834089672238504,8.373842927118503,8.970260620117188,1583416872,8.970260620117188
2006-03-01,9.117201394669557,9.139217934818243,8.9376070852576,9.024188995361328,484256334,9.024188995361328
2006-03-02,9.011326069104706,9.427408787901442,8.959871731249136,9.312379837036133,735960259,9.312379837036133
2006-03-03,9.50656570583724,9.579293972932296,9.29530866910325,9.35517406463623,480273461,9.35517406463623
2006-03-06,9.422708647895554,9.484303627475853,9.082074553390562,9.105822563171387,358928328,9.105822563171387
2006-03-07,9.029630485626008,9.114479979607616,8.859684280449919,9.01552963256836,416708092,9.01552963256836
2006-03-08,8.75529491770723,8.90619311255585,8.671435223894985,8.754057884216309,471585016,8.754057884216309
2006-03-09,8.791410149106754,8.86908561186777,8.44780851605234,8.484914779663086,558501584,8.484914779663086
2006-03-10,8.497284870283103,8.52202269989661,8.20167363163631,8.348859786987305,775921484,8.348859786987305
2006-03-13,8.433709206057527,8.561601046321732,8.298148894442141,8.33797550201416,547741403,8.33797550201416
2006-03-14,8.339954024146207,8.716703622429922,8.228140793283417,8.686771392822266,740794310,8.686771392822266
2006-03-15,8.677123112108664,8.714972922892255,8.423812590404754,8.522021293640137,512666424,8.522021293640137
2006-03-16,8.623690925183082,8.627153860778987,8.358753619477502,8.38027572631836,402169802,8.38027572631836
2006-03-17,8.381016475883644,8.454734561919764,8.285282798110135,8.405506134033203,343350155,8.405506134033203
2006-03-20,8.468587318538612,8.660302861475174,8.448797626444714,8.613301277160645,417864410,8.613301277160645
2006-03-21,8.65832324663558,8.699139664259881,8.38794431643718,8.408722877502441,394717975,8.408722877502441
2006-03-22,8.404517578050104,8.51212526309958,8.348857712050982,8.416143417358398,304978867,8.416143417358398
2006-03-23,8.468835212692193,8.552943068400884,8.415650351739199,8.457456588745117,298502683,8.457456588745117
2006-03-24,9.118684222024228,9.155048830752094,8.967538844239192,9.048925399780273,609500025,9.048925399780273
2006-03-27,9.080837740681106,9.19512504052852,9.02913713245817,9.14515495300293,282001062,9.14515495300293
2006-03-28,9.195124163027925,9.347258419076162,9.181765908476397,9.330931663513184,359173242,9.330931663513184
2006-03-29,9.39871189199026,9.87020628115253,9.388074921133011,9.77076244354248,763952790,9.77076244354248
2006-03-30,9.627533792428308,9.73415167704697,9.489499426252532,9.608981132507324,590673723,9.608981132507324
2006-03-31,9.616401342637051,9.693828639724371,9.49988720319304,9.64756965637207,1466331647,9.64756965637207
2006-04-03,9.635943575799558,9.708670902286878,9.59636324718184,9.640148162841797,326125835,9.640148162841797
2006-04-04,9.64509417559629,10.016154856894536,9.601557429639215,10.002302169799805,630984252,10.002302169799805
2006-04-05,10.097791411649112,10.25536825724001,9.964704229218988,10.092597007751465,538430634,10.092597007751465
2006-04-06,10.055489075280729,10.238545369933842,10.029267948494905,10.171506881713867,345229172,10.171506881713867
2006-04-07,10.201934419815197,10.21281955563611,9.994388448211412,10.04732608795166,282089392,10.04732608795166
2006-04-10,10.070085337953977,10.31968476338182,10.02481522073523,10.300142288208008,374201361,10.300142288208008
2006-04-11,10.301132257938296,10.367427207544951,10.048810597571,10.133907318115234,445953300,10.133907318115234
2006-04-12,10.117579577828106,10.17521812966166,10.023330145407709,10.116342544555664,241582128,10.116342544555664
2006-04-13,10.10842658594603,10.136379180066756,9.907312070955978,9.948375701904297,263098475,9.948375701904297
2006-04-17,9.980286794727649,10.204160452134577,9.91572237263594,10.063652038574219,331618345,10.063652038574219
2006-04-18,10.091110229711335,10.138111810646377,9.93204915831476,9.99983024597168,326724069,9.99983024597168
2006-04-19,10.205892143052553,10.23236143497815,10.061425409333324,10.154685974121094,272284779,10.154685974121094
2006-04-20,10.167303317196072,10.290742388377073,10.097790755476694,10.26600456237793,492699864,10.26600456237793
2006-04-21,11.104599384526031,11.149621333052972,10.789693909242775,10.812699317932129,905433112,10.812699317932129
2006-04-24,10.869594827947264,11.000702351209238,10.798350808284415,10.896806716918945,354780840,10.896806716918945
2006-04-25,10.875286591335103,10.910166008712464,10.538116364173893,10.566811561584473,384194678,10.566811561584473
2006-04-26,10.581158452872431,10.638053459655008,10.477013699667657,10.537372589111328,292203159,10.537372589111328
2006-04-27,10.461678306826869,10.560627724265704,10.374601948063543,10.390435218811035,334766100,10.390435218811035
2006-04-28,10.35580112770698,10.53143618559671,10.2981635187954,10.338732719421387,297964674,10.338732719421387
2006-05-01,10.351842084846448,10.37583825716613,9.859074709477714,9.867732048034668,416001453,9.867732048034668
2006-05-02,9.9216606618001,9.956540075575637,9.607990313465343,9.76630973815918,526136725,9.76630973815918
2006-05-03,9.804652253271637,9.932049636287053,9.66933918304537,9.750725746154785,324098263,9.750725746154785
2006-05-04,9.771997739298767,9.866989764860055,9.702238917719539,9.765071868896484,186777474,9.765071868896484
2006-05-05,9.835574369691313,9.91176558283228,9.69160301232734,9.753941535949707,243509324,9.753941535949707
2006-05-08,9.773978639522968,9.823700560758239,9.648807155329704,9.765815734863281,205511431,9.765815734863281
2006-05-09,9.788574516528021,10.11758089167896,9.740335895793004,10.11263370513916,366994449,10.11263370513916
2006-05-10,10.100511434310071,10.184618332721513,9.940954976235338,9.968660354614258,248415646,9.968660354614258
2006-05-11,9.979545921765517,10.011457783076773,9.523389397317898,9.573358535766602,357045296,9.573358535766602
2006-05-12,9.48776591180785,9.520666636949644,9.24063964745218,9.254987716674805,405016432,9.254987716674805
2006-05-15,9.299514692618338,9.40390569909708,9.109531604501239,9.306192398071289,344891912,9.306192398071289
2006-05-16,9.301000117779813,9.32252222528623,9.150101936767818,9.184982299804688,260617209,9.184982299804688
2006-05-17,9.167912957114817,9.396239387640644,9.158265801703187,9.264141082763672,427347823,9.264141082763672
2006-05-18,9.370017245859644,9.44497142030331,9.17038603309226,9.177312850952148,234274840,9.177312850952148
2006-05-19,9.233961417338612,9.264140863430708,8.919550352879057,9.15331745147705,457636930,9.15331745147705
2006-05-22,9.099637295719361,9.227776320817297,9.035320092366206,9.176322937011719,345466056,9.176322937011719
2006-05-23,9.25696866652424,9.496178356024329,9.24088912581105,9.290858268737793,360666820,9.290858268737793
2006-05-24,9.334642676690754,9.485292680834307,9.192650011089864,9.43111801147461,383584400,9.43111801147461
2006-05-25,9.377439541312404,9.47440931898375,9.209967385530845,9.474162101745605,329012615,9.474162101745605
2006-05-26,9.512752512859256,9.545653243403734,9.400939283016621,9.433592796325684,147229793,9.433592796325684
2006-05-30,9.357648470425048,9.424934179761841,9.188692071806582,9.200813293457031,173287097,9.200813293457031
2006-05-31,9.246824772029255,9.356905579547412,9.073168409944516,9.197844505310059,320448635,9.197844505310059
2006-06-01,9.240393419859059,9.474161455999125,9.19240296877064,9.465008735656738,252061259,9.465008735656738
2006-06-02,9.569399294663347,9.575337243648168,9.337116467514715,9.386343002319336,256413512,9.386343002319336
2006-06-05,9.30569948336382,9.436065364555358,9.255483130157124,9.262657165527344,223173385,9.262657165527344
2006-06-06,9.315595023993424,9.647569871950969,9.308668205679515,9.647322654724121,411930250,9.647322654724121
2006-06-07,9.727719671854839,9.767793490719782,9.56099011797137,9.561237335205078,357788070,9.561237335205078
2006-06-08,9.59191146783703,9.753199405235568,9.365317449748938,9.729204177856445,415933198,9.729204177856445
2006-06-09,9.70174542183869,9.781894003967048,9.532541807131672,9.562721252441406,247223193,9.562721252441406
2006-06-12,9.60650533365449,9.659690184154629,9.424933295958603,9.438291549682617,201516513,9.438291549682617
2006-06-13,9.4224611129364,9.573358341343052,9.353690205470045,9.561484336853027,307512327,9.561484336853027
2006-06-14,9.643364281927845,9.67477981031938,9.363584502471301,9.508792877197266,312045255,9.508792877197266
2006-06-15,9.563958621886751,9.70323001340385,9.474409151710676,9.672307968139648,272445379,9.672307968139648
2006-06-16,9.625306141416825,9.670575305378796,9.598095199598996,9.664885520935059,212979318,9.664885520935059
2006-06-19,9.668598135210722,9.766310513297439,9.572864442252186,9.60155963897705,306468429,9.60155963897705
2006-06-20,9.59883722033466,9.69382830314674,9.561236524188688,9.57756233215332,162201701,9.57756233215332
2006-06-21,9.673791892189213,9.993893681082124,9.641385597423765,9.94763469696045,351087046,9.94763469696045
2006-06-22,9.934029257464605,10.043367469321025,9.598096093115958,9.893707275390625,237362370,9.893707275390625
2006-06-23,9.963218469258242,10.136132230287968,9.913248387107842,10.015167236328125,213388847,10.015167236328125
2006-06-26,10.06192103556206,10.10026433248414,9.975340069551995,9.999336242675781,142580431,9.999336242675781
2006-06-27,10.036193136791628,10.09284282043066,9.919928110078809,9.9523344039917,164899777,9.9523344039917
2006-06-28,9.994140399398242,10.055241885920122,9.922896376792835,10.046088218688965,148976315,10.046088218688965
2006-06-29,10.092595230756851,10.345163130288874,10.03891405011084,10.335515975952148,267326263,10.335515975952148
2006-06-30,10.28084574962695,10.373116493225098,10.19995457502319,10.373116493225098,251258261,10.373116493225098
2006-07-03,10.390680245116199,10.482950041202203,10.376084958115468,10.468850135803223,86591354,10.468850135803223
2006-07-05,10.4272903024526,10.458954943267214,10.281834706679453,10.425806999206543,200171490,10.425806999206543
2006-07-06,10.473304056820853,10.522777813441499,10.438671858870924,10.46860408782959,148036806,10.46860408782959
2006-07-07,10.539351407341382,10.584867788129339,10.28777238542467,10.400821685791016,242581861,10.400821685791016
2006-07-10,10.474786624514591,10.519066921761775,10.300141396444891,10.345163345336914,178121149,10.345163345336914
2006-07-11,10.352832711100938,10.514615080458126,10.217272418260912,10.502493858337402,239747276,10.502493858337402
2006-07-12,10.44139084955742,10.457470386701699,10.308799077196163,10.321661949157715,197003661,10.321661949157715
2006-07-13,10.241267477734295,10.348627007217681,10.063900006271586,10.113374710083008,278018189,10.113374710083008
2006-07-14,10.150480874694567,10.179176070015423,9.860558525957838,9.981525421142578,303216285,9.981525421142578
2006-07-17,10.009478255654104,10.167056037225564,9.986967279314248,10.09012222290039,233347377,10.09012222290039
2006-07-18,10.13613291789759,10.15641799166986,9.83903747737011,9.970393180847168,342751921,9.970393180847168
2006-07-19,9.771502753146741,9.923142555331507,9.762844468440438,9.87020492553711,342017177,9.87020492553711
2006-07-20,10.00082016419591,10.004778481622402,9.540210874171484,9.576327323913574,503427925,9.576327323913574
2006-07-21,9.552082742221701,9.690860632985407,9.343052540226699,9.650290489196777,471946365,9.650290489196777
2006-07-24,9.717331115522928,9.743800412256965,9.43013095802354,9.669835090637207,324656348,9.669835090637207
2006-07-25,9.52437724352688,9.679975374489821,9.494197800473296,9.63173770904541,231307761,9.63173770904541
2006-07-26,9.603043296657065,9.694818666499838,9.474408880225702,9.53625202178955,222105397,9.53625202178955
2006-07-27,9.582510744422668,9.585479245446813,9.349485308412115,9.459566116333008,226489769,9.459566116333008
2006-07-28,9.449672063167458,9.636686705550657,9.442993408564595,9.601065635681152,163956253,9.601065635681152
2006-07-31,9.598096356302234,9.627038769222999,9.482077593001224,9.56346321105957,184500973,9.56346321105957
2006-08-01,9.526604576493671,9.542931332074879,9.289125442504883,9.289125442504883,219347097,9.289125442504883
2006-08-02,9.291351577868532,9.33019025644684,9.034083693580826,9.084300994873047,284976172,9.084300994873047
2006-08-03,9.028641567270558,9.348495173740439,8.988566804810361,9.28615665435791,254028606,9.28615665435791
2006-08-04,9.389312206963622,9.417017585943375,9.196113364211469,9.248062133789062,204571922,9.248062133789062
2006-08-07,9.189928939369675,9.39351753148755,9.181270653434831,9.349485397338867,158467758,9.349485397338867
2006-08-08,9.46995633924034,9.511515355637998,9.377686532891506,9.424934387207031,230589077,9.424934387207031
2006-08-09,9.469460302436726,9.515967449030521,9.310152013524098,9.32450008392334,173086347,9.32450008392334
2006-08-10,9.248803908357647,9.342558912070821,9.213677276114382,9.256720542907715,171114986,9.256720542907715
2006-08-11,9.261666012423388,9.283435334838716,9.103347542462545,9.115715980529785,151224711,9.115715980529785
2006-08-14,9.189929539834372,9.279726228939907,9.119922543306942,9.13872241973877,199476896,9.13872241973877
2006-08-15,9.254494373716499,9.441508046901863,9.217139945893306,9.42419147491455,268932260,9.42419147491455
2006-08-16,9.486282948998706,9.609227581280338,9.452640567706254,9.591169357299805,235005569,9.591169357299805
2006-08-17,9.558267848854666,9.647569145374849,9.49716636353515,9.543672561645508,203969673,9.543672561645508
2006-08-18,9.556290009469942,9.575585266919655,9.4187500878285,9.483314514160156,198830482,9.483314514160156
2006-08-21,9.35319614089943,9.375459900198678,9.281953058334317,9.333406448364258,161535213,9.333406448364258
2006-08-22,9.344043161463082,9.381891077628598,9.272551916445195,9.357895851135254,167188323,9.357895851135254
2006-08-23,9.341816619778355,9.357401724966422,9.218624764864044,9.237672805786133,146238089,9.237672805786133
2006-08-24,9.262658090067395,9.31114298037434,9.208729684393687,9.245094299316406,139822131,9.245094299316406
2006-08-25,9.229014350248946,9.284427004133436,9.214667225904678,9.233467102050781,99037832,9.233467102050781
2006-08-28,9.291599167846732,9.423697471618652,9.276509444569658,9.423697471618652,167184308,9.423697471618652
2006-08-29,9.419490966926755,9.457587044241317,9.330931321459833,9.374221801757812,179068687,9.374221801757812
2006-08-30,9.38065372995262,9.515226093660374,9.363338105240732,9.418749809265137,162382376,9.418749809265137
2006-08-31,9.43705518361361,9.453381939319385,9.355669569498206,9.363832473754883,118839777,9.363832473754883
2006-09-01,9.424687152396233,9.431860240886353,9.330684931212442,9.365564346313477,107316747,9.365564346313477
2006-09-05,9.396980301962031,9.533778565191442,9.336869577495596,9.508051872253418,163582859,9.508051872253418
2006-09-06,9.45214470500835,9.479108430992698,9.391784869467108,9.40365982055664,149522354,9.40365982055664
2006-09-07,9.385107271052075,9.443486527961532,9.335878840001758,9.36284351348877,154256030,9.36284351348877
2006-09-08,9.319058022682709,9.419739843777277,9.319058022682709,9.34701156616211,123798294,9.34701156616211
2006-09-11,9.35715470700165,9.516215797609645,9.34503348448195,9.501373291015625,181847062,9.501373291015625
2006-09-12,9.523882691008788,9.715101882776512,9.520914190181564,9.694570541381836,218503948,9.694570541381836
2006-09-13,9.77496824688868,10.062169337345216,9.773732160629034,10.057469367980957,392192544,10.057469367980957
2006-09-14,10.00131530827827,10.050295582737284,9.942687877597853,9.993399620056152,215448538,9.993399620056152
2006-09-15,10.079978963740391,10.143553570856028,10.061673523297047,10.139348983764648,314703180,10.139348983764648
2006-09-18,10.142318249380365,10.357285476571516,10.12920626391204,10.258336067199707,285333506,10.258336067199707
2006-09-19,10.277383850787432,10.278125502478888,9.715350158761952,9.9891939163208,573858932,9.9891939163208
2006-09-20,10.070578726943497,10.07775276201524,9.761856526379221,9.820731163024902,367283528,9.820731163024902
2006-09-21,9.90236443563927,10.103973375895308,9.891480248574815,10.064393997192383,429287065,10.064393997192383
2006-09-22,10.018136014604215,10.07923750350753,9.928586548431072,9.98845100402832,186681114,9.98845100402832
2006-09-25,10.032979955551864,10.12871270756928,9.956788733235364,9.993399620056152,230352192,9.993399620056152
2006-09-26,10.030999361297361,10.08492776451786,9.938728606933177,10.064889907836914,212369039,10.064889907836914
2006-09-27,10.050787949002205,10.172496484733964,9.953570019056555,9.96717643737793,235949093,9.96717643737793
2006-09-28,9.995872728126445,10.067611191337587,9.908301942797287,9.983503341674805,205061752,9.983503341674805
2006-09-29,10.021848350852302,10.033969573800706,9.929824806714683,9.941946029663086,132932403,9.941946029663086
2006-10-02,9.941945404518593,10.04336793386411,9.914734458909004,9.93056583404541,146623529,9.93056583404541
2006-10-03,9.926855222735268,10.054747040072087,9.850168628585992,9.994882583618164,219407321,9.994882583618164
2006-10-04,10.017888696565427,10.285051894675016,9.970392680121975,10.283320426940918,267470802,10.283320426940918
2006-10-05,10.258583079080088,10.346153863464709,10.163591988973973,10.187092781066895,232460064,10.187092781066895
2006-10-06,10.147760159459672,10.436939925519935,10.136133371464869,10.402060508728027,294559960,10.402060508728027
2006-10-09,10.508430978969216,10.685303073657526,10.474293214542675,10.612327575683594,304468963,10.612327575683594
2006-10-10,10.675653877750094,10.831252013244843,10.448812666635872,10.554194450378418,393011603,10.554194450378418
2006-10-11,10.51387187176211,10.634836857819444,10.482701666364097,10.550482749938965,226260915,10.550482749938965
2006-10-12,10.601444434804462,10.629150764982654,10.488642323175753,10.573739051818848,194486260,10.573739051818848
2006-10-13,10.581653923813967,10.624697192938033,10.527231083903278,10.570274353027344,145443121,10.570274353027344
2006-10-16,10.580169528082589,10.617275794060063,10.42283990753059,10.432982444763184,173423607,10.432982444763184
2006-10-17,10.397112237322713,10.482456175247542,10.308058146406257,10.405524253845215,209221284,10.405524253845215
2006-10-18,10.463656218942436,10.507193921510938,10.327848707649732,10.372623443603516,241594173,10.372623443603516
2006-10-19,10.395381789644219,10.624697093596456,10.379055032542919,10.539600372314453,461864718,10.539600372314453
2006-10-20,11.354201039377187,11.381660149827148,11.220620376095464,11.371023178100586,467662368,11.371023178100586
2006-10-23,11.435585871332522,11.988714046112799,11.388338965714361,11.893227577209473,606444615,11.893227577209473
2006-10-24,11.781909755149387,11.82099470366532,11.661439191294793,11.708439826965332,347706422,11.708439826965332
2006-10-25,11.811841101322322,12.084199656316198,11.752967408190516,12.037199020385742,368877480,12.037199020385742
2006-10-26,12.063916243957117,12.16979152647526,11.977830654201876,12.000094413757324,282322262,12.000094413757324
2006-10-27,11.97040812895942,12.003556073933064,11.688154267869697,11.755192756652832,265150137,11.755192756652832
2006-10-30,11.74579299260023,11.885311592520269,11.626806682478806,11.789082527160645,263508004,11.789082527160645
2006-10-31,11.825941625259013,11.927365094229337,11.721549655273046,11.78463077545166,252358369,11.78463077545166
2006-11-01,11.843259127648482,11.852411848633936,11.50930463152879,11.564716339111328,217865564,11.564716339111328
2006-11-02,11.56471614045963,11.718829091133115,11.537010760740511,11.624333381652832,210253137,11.624333381652832
2006-11-03,11.681723282320421,11.719323980182981,11.504356763987701,11.671086311340332,197043811,11.671086311340332
2006-11-06,11.719819516288661,11.865522340825478,11.684197502941238,11.798483848571777,200408375,11.798483848571777
2006-11-07,11.798482425121557,11.84968953672672,11.670342458298414,11.690133094787598,196618221,11.690133094787598
2006-11-08,11.635216160414068,11.916974628456781,11.591925681055269,11.750245094299316,319794191,11.750245094299316
2006-11-09,11.787352607987545,11.861316972410249,11.672570879103368,11.691618919372559,195899538,11.691618919372559
2006-11-10,11.720067188477437,11.743319816631354,11.63373343564249,11.714377403259277,112287309,11.714377403259277
2006-11-13,11.747771384116776,11.902875084021597,11.728970562507072,11.89941120147705,174326980,11.89941120147705
2006-11-14,11.891249234446095,12.120069146777452,11.886301101047556,12.10399055480957,290019003,12.10399055480957
2006-11-15,12.20615552706086,12.364969390046806,12.169049263000488,12.169049263000488,336083018,12.169049263000488
2006-11-16,12.244992978828394,12.311288870971554,12.18463314160667,12.267256736755371,204467533,12.267256736755371
2006-11-17,12.201702495158903,12.360269137275004,12.195517328630514,12.33874797821045,221266263,12.33874797821045
2006-11-20,12.329099991372848,12.329099991372848,12.186860103739393,12.246230125427246,205748315,12.246230125427246
2006-11-21,12.283086929945094,12.616051556368138,12.265523142514898,12.607394218444824,338363534,12.607394218444824
2006-11-22,12.640049534142527,12.690265890046762,12.511662331014424,12.566826820373535,180702789,12.566826820373535
2006-11-24,12.479997399068795,12.554209921623784,12.467628013848048,12.492365837097168,69567783,12.492365837097168
2006-11-27,12.402569598945512,12.41271213525369,11.991435050964355,11.991435050964355,294086191,11.991435050964355
2006-11-28,11.90188667375078,12.117844668192186,11.800463195786953,12.108938217163086,313073093,12.108938217163086
2006-11-29,12.226192168100646,12.238560605827335,11.929590249517414,11.988960266113281,253558852,11.988960266113281
2006-11-30,11.977582981606258,12.131201495909957,11.912275956059736,11.992919921875,223936234,11.992919921875
2006-12-01,12.021862520556327,12.081479761933963,11.836826576773992,11.893722534179688,226100315,11.893722534179688
2006-12-04,11.94814432818222,12.05773069884401,11.857853213680984,11.993907928466797,196730641,11.993907928466797
2006-12-05,12.056988717297004,12.10745323599287,11.994899305813227,12.047094345092773,164735162,12.047094345092773
2006-12-06,12.046104087809763,12.180675501275132,11.985745199120295,12.089394569396973,178679233,12.089394569396973
2006-12-07,12.126995776751881,12.165833508487562,11.933796934176298,11.939239501953125,187271318,11.939239501953125
2006-12-08,11.921922866606128,12.08667373047998,11.873932414548861,11.975603103637695,159591956,11.975603103637695
2006-12-11,11.995641006022689,12.09409502997302,11.967934679915388,11.971150398254395,131025281,11.971150398254395
2006-12-12,11.969171103274933,12.031261459038117,11.88085867329665,11.917964935302734,167866857,11.917964935302734
2006-12-13,11.989950364081189,12.009988218749687,11.800214470908612,11.848946571350098,187182988,11.848946571350098
2006-12-14,11.880116402924179,11.966696413506007,11.806151099978841,11.926374435424805,190668002,11.926374435424805
2006-12-15,11.939239148343601,11.975602812341462,11.869974755816507,11.881353378295898,208410256,11.881353378295898
2006-12-18,11.936024046025219,11.941712883962266,11.39699670596913,11.448451042175293,321865927,11.448451042175293
2006-12-19,11.421733454991125,11.609489716220818,11.34207836507077,11.592667579650879,264467588,11.592667579650879
2006-12-20,11.626560888428477,11.663666208307912,11.436824965460968,11.45092487335205,175366863,11.45092487335205
2006-12-21,11.482587325071162,11.509056617239763,11.1896964850506,11.28518295288086,279174507,11.28518295288086
2006-12-22,11.317341979004343,11.345542738789302,11.199344536658225,11.269845962524414,160129965,11.269845962524414
2006-12-26,11.29309967495563,11.366075168306788,11.245356440669182,11.318084716796875,83282999,11.318084716796875
2006-12-27,11.379184152065179,11.57906257297212,11.356920396232054,11.577824592590332,169894428,11.577824592590332
2006-12-28,11.555315567256798,11.591432964268725,11.434844995444994,11.442513465881348,125115211,11.442513465881348
2006-12-29,11.431133685010689,11.48976110572081,11.375721982494166,11.391058921813965,102751700,11.391058921813965
2007-01-03,11.527609103132221,11.791309363227045,11.406644108209592,11.56694221496582,309415434,11.56694221496582
2007-01-04,11.601823059585818,11.971645855238181,11.585743519324947,11.954577445983887,316686586,11.954577445983887
2007-01-05,11.93577624172038,12.059462521933046,11.827178736712472,12.051794052124023,275914333,12.051794052124023
2007-01-08,12.064162684109014,12.118091085242407,11.928355180357286,11.962492942810059,190888826,11.962492942810059
2007-01-09,12.0087517578751,12.078017103361269,11.903618127037827,12.009989738464355,216062832,12.009989738464355
2007-01-10,11.983517533616578,12.209122646377583,11.924395682232069,12.10794734954834,239634856,12.10794734954834
2007-01-11,12.29941399230727,12.411969807245704,12.274182682309627,12.3617525100708,289408724,12.3617525100708
2007-01-12,12.417906097332393,12.492365837097168,12.368679562428689,12.492365837097168,179618741,12.492365837097168
2007-01-16,12.555446192745082,12.69026482138028,12.45031257356945,12.474555015563965,303890804,12.474555015563965
2007-01-17,12.45253890443506,12.56088919269307,12.22965600298561,12.30139446258545,268968395,12.30139446258545
2007-01-18,12.233117559057565,12.281604337387652,12.057730680575622,12.067625999450684,238169384,12.067625999450684
2007-01-19,12.0713369233159,12.14010688383172,12.0406630430704,12.115121841430664,199878396,12.115121841430664
2007-01-22,12.183151538299828,12.186861691542491,11.836827629588708,11.89471435546875,216982266,11.89471435546875
2007-01-23,11.893475671202237,11.991436213955128,11.806895646338925,11.850433349609375,187319498,11.850433349609375
2007-01-24,11.984014642383759,12.357301302401288,11.955319446353252,12.345674514770508,243280470,12.345674514770508
2007-01-25,12.39341773596025,12.479998705607828,12.01394685674836,12.074058532714844,255694828,12.074058532714844
2007-01-26,12.144311493068944,12.31673081568047,12.047836160790695,12.265771865844727,220684089,12.265771865844727
2007-01-29,12.319206610944306,12.337759270619076,12.133676225426575,12.182408332824707,191744020,12.182408332824707
2007-01-30,12.220254714576539,12.319205061977893,12.151485705488689,12.228171348571777,167846782,12.228171348571777
2007-01-31,12.281851117748426,12.492365565635534,12.257607729445693,12.405784606933594,490074058,12.405784606933594
2007-02-01,12.517104585375384,12.51735180260344,11.911780415379406,11.917223930358887,628695706,11.917223930358887
2007-02-02,11.938496559679711,11.997619363071646,11.81975746564729,11.911038398742676,252402534,11.911038398742676
2007-02-05,11.812089525473132,11.824458911783607,11.532309711581151,11.556305885314941,289356529,11.556305885314941
2007-02-06,11.579558342217918,11.708192759287343,11.558778834378288,11.663169860839844,213673912,11.663169860839844
2007-02-07,11.721054741761105,11.734165778576376,11.596378651392394,11.626806259155273,165409681,11.626806259155273
2007-02-08,11.578321427115604,11.719324284560482,11.506582965048482,11.65203857421875,163679219,11.65203857421875
2007-02-09,11.667377040489857,11.69285557156915,11.416292410797588,11.42594051361084,195072449,11.42594051361084
2007-02-12,11.396008260861688,11.438308930671738,11.255994265668747,11.336885452270508,231042771,11.336885452270508
2007-02-13,11.358159183038644,11.447955871833368,11.311405762166862,11.356922149658203,163113105,11.356922149658203
2007-02-14,11.379185313496444,11.605037665664444,11.359890056471675,11.525877952575684,228806420,11.525877952575684
2007-02-15,11.52760876037085,11.530824478492136,11.396995667488753,11.415548324584961,162302076,11.415548324584961
2007-02-16,11.448450469530682,11.630269737000265,11.430144081700218,11.62507438659668,248006116,11.62507438659668
2007-02-20,11.588709225617981,11.694586388893194,11.495696829131138,11.678506851196289,163313855,11.678506851196289
2007-02-21,11.622603007116771,11.841280405819411,11.570654231266197,11.77152156829834,226469694,11.77152156829834
2007-02-22,11.841526874087071,11.978819585126248,11.73515715653721,11.771272659301758,230617182,11.771272659301758
2007-02-23,11.768798243217754,11.798483252841748,11.572136475247383,11.64189624786377,155886118,11.64189624786377
2007-02-26,11.696564358932378,11.756427860338794,11.471949068090222,11.501139640808105,159391206,11.501139640808105
2007-02-27,11.255499974952105,11.37423908094308,11.061805736792799,11.101386070251465,373908266,11.101386070251465
2007-02-28,11.141952129258902,11.222597030944748,10.959638445056365,11.118205070495605,322496281,11.118205070495605
2007-03-01,10.950487080379897,11.191676374917229,10.884438404240692,11.088027000427246,348710170,11.088027000427246
2007-03-02,11.010845782901917,11.099652650312073,10.851784706115723,10.851784706115723,264331078,10.851784706115723
2007-03-05,10.810721019511732,11.020494796091391,10.810226585024852,10.907939910888672,255156819,10.907939910888672
2007-03-06,11.069225587202984,11.354447001554743,11.066998737891769,11.318578720092773,302477526,11.318578720092773
2007-03-07,11.445727889327637,11.456860241457159,11.237934717756952,11.271329879760742,262343656,11.271329879760742
2007-03-08,11.359890194233383,11.515241121214112,11.233235409509367,11.24857234954834,215316044,11.24857234954834
2007-03-09,11.329712273337298,11.339607594122246,11.134286554980731,11.205035209655762,199854306,11.205035209655762
2007-03-12,11.195387799331073,11.261683694618682,11.15927040329707,11.249314308166504,139135567,11.249314308166504
2007-03-13,11.1345312493213,11.179554143577603,10.954444408257876,10.959391593933105,256048147,10.959391593933105
2007-03-14,10.964340879307562,11.098664135811585,10.859701687167481,11.082337379455566,321877972,11.082337379455566
2007-03-15,11.078873221028182,11.127360001620666,10.981903448612941,11.037562370300293,158359353,11.037562370300293
2007-03-16,11.024203259220405,11.05017811526491,10.881717112745743,10.905464172363281,227212468,10.905464172363281
2007-03-19,10.964834669043258,11.09470611336991,10.900022081891912,11.063288688659668,208687290,11.063288688659668
2007-03-20,11.027668445441398,11.072443180709072,10.973492824905131,11.01505184173584,137372985,11.01505184173584
2007-03-21,11.015545806938087,11.29433579644799,11.013319904727503,11.293841361999512,232801338,11.293841361999512
2007-03-22,11.270588281839672,11.432865071198012,11.194397073023653,11.429649353027344,228079706,11.429649353027344
2007-03-23,11.415054751163519,11.463045203776819,11.306952624169016,11.424454689025879,165068406,11.424454689025879
2007-03-26,11.392790704134319,11.5028715133667,11.270835890663893,11.5028715133667,189118214,11.5028715133667
2007-03-27,11.467003273451827,11.508562288440208,11.387595396217096,11.468734741210938,150208917,11.468734741210938
2007-03-28,11.425444393869393,11.513756828170106,11.382895562289077,11.425692558288574,184352418,11.425692558288574
2007-03-29,11.491740849711256,11.527610081963418,11.25549967739415,11.401944160461426,160137995,11.401944160461426
2007-03-30,11.431134822810938,11.463293902332662,11.28369957531583,11.333669662475586,135714793,11.333669662475586
2007-04-02,11.323774027903614,11.34282112121582,11.18425541914096,11.34282112121582,138457033,11.34282112121582
2007-04-03,11.479370789906907,11.731692413443362,11.478133756694806,11.690875053405762,261046814,11.690875053405762
2007-04-04,11.67949694360798,11.700770884773075,11.616168607349874,11.651790618896484,151718555,11.651790618896484
2007-04-05,11.658717428915551,11.678259903959109,11.617159359288948,11.66391372680664,109039179,11.66391372680664
2007-04-09,11.700276663154698,11.700772044825777,11.517467565831634,11.582280158996582,122943100,11.582280158996582
2007-04-10,11.554574270616019,11.6461024313753,11.506831031458072,11.539978981018066,119618686,11.539978981018066
2007-04-11,11.529094140173449,11.611717739347883,11.443750204224637,11.491246223449707,153051532,11.491246223449707
2007-04-12,11.478133922813567,11.577083320520845,11.434596225710061,11.561993598937988,108721995,11.561993598937988
2007-04-13,11.588216393266672,11.596132081008811,11.462303252351767,11.534784317016602,112211024,11.534784317016602
2007-04-16,11.58846219277986,11.799472976675888,11.580793723218992,11.732187271118164,203877329,11.732187271118164
2007-04-17,11.72056053943252,11.784630527138058,11.666137706228342,11.695822715759277,128885290,11.695822715759277
2007-04-18,11.657727404671126,11.871457575603163,11.614931358727253,11.775230407714844,227670177,11.775230407714844
2007-04-19,11.737877000121662,11.922171289562653,11.616417563986884,11.667376518249512,442034667,11.667376518249512
2007-04-20,12.134169421032304,12.183149687866983,11.923901230223832,11.935280799865723,488283372,11.935280799865723
2007-04-23,11.876407569893047,11.997620744471545,11.830890233118545,11.851175308227539,227834792,11.851175308227539
2007-04-24,11.839548388579912,11.873437986833794,11.763850663287034,11.81283187866211,148341946,11.81283187866211
2007-04-25,11.873932085386487,11.907822629874083,11.77770396671325,11.824210166931152,159266742,11.824210166931152
2007-04-26,11.826930742784873,11.984014082697216,11.802442029679586,11.903122901916504,165614446,11.903122901916504
2007-04-27,11.87566360315396,11.933302156028441,11.832621285403974,11.849441528320312,117466650,11.849441528320312
2007-04-30,11.852905044659623,11.907327877601134,11.660696029663086,11.660696029663086,146193924,11.660696029663086
2007-05-01,11.680733447759629,11.696070387549229,11.482340205004503,11.601821899414062,146876473,11.601821899414062
2007-05-02,11.59316402322152,11.65327569838655,11.520930178938077,11.522168159484863,122967190,11.522168159484863
2007-05-03,11.533052732196596,11.727242364238153,11.510047319043354,11.706461906433105,144306878,11.706461906433105
2007-05-04,11.629527578473548,11.746287992055784,11.524641169472044,11.654265403747559,158592223,11.654265403747559
2007-05-07,11.679497274058456,11.69631751706373,11.539236073221431,11.559025764465332,121256803,11.559025764465332
2007-05-08,11.530824379561661,11.581288894612014,11.496193132156147,11.547645568847656,116639561,11.547645568847656
2007-05-09,11.531319881472557,11.669354226887384,11.475165581274121,11.60800552368164,156179212,11.60800552368164
2007-05-10,11.553335452533513,11.613942503994075,11.40441691976571,11.415548324584961,148004686,11.415548324584961
2007-05-11,11.424454272293323,11.552347033648866,11.403922929521032,11.545914649963379,118205408,11.545914649963379
2007-05-14,11.51474688163179,11.564963237046003,11.379185644070924,11.423218727111816,155488633,11.423218727111816
2007-05-15,11.427670551879011,11.442018623275565,11.315115671759354,11.329710960388184,165377561,11.329710960388184
2007-05-16,11.428659780104912,11.704234046096309,11.354942636248447,11.691123008728027,263150670,11.691123008728027
2007-05-17,11.687413921461033,11.755688503941409,11.646597502318066,11.650307655334473,187122763,11.650307655334473
2007-05-18,11.6767763757165,11.693350349239566,11.620374853976616,11.634475708007812,148390126,11.634475708007812
2007-05-21,11.61493200494837,11.85414261130298,11.54542039416485,11.641402244567871,247295463,11.641402244567871
2007-05-22,11.700772914554024,11.849443311285365,11.700772914554024,11.77152156829834,154135581,11.77152156829834
2007-05-23,11.894215650464714,11.958286583744798,11.719323210247184,11.72476577758789,203166675,11.72476577758789
2007-05-24,11.753956261564557,11.854142699908556,11.663665142599788,11.733671188354492,167569747,11.733671188354492
2007-05-25,11.866512362448201,11.996383825130179,11.806400682681394,11.96100902557373,214741900,11.96100902557373
2007-05-29,11.99761918694546,12.165832979954695,11.972882310181703,12.049814224243164,209502334,12.049814224243164
2007-05-30,11.985251284003965,12.339984326226077,11.948145020008209,12.3340482711792,290918361,12.3340482711792
2007-05-31,12.382532693993756,12.585873118685829,12.295951730312257,12.316978454589844,358310019,12.316978454589844
2007-06-01,12.393416882862988,12.49286071945995,12.317472889924069,12.378575325012207,192679513,12.378575325012207
2007-06-04,12.31697842800911,12.62866913883593,12.309062741067871,12.543572425842285,285104652,12.543572425842285
2007-06-05,12.609870451564657,12.838690373103685,12.53219498376048,12.834732055664062,419450332,12.834732055664062
2007-06-06,12.783029808988282,12.882721806383305,12.74617076493479,12.820136070251465,316650452,12.820136070251465
2007-06-07,12.857242100561896,13.024219811951879,12.678144114875192,12.74122428894043,426813829,12.74122428894043
2007-06-08,12.769425361870931,12.854521131602942,12.602695810812635,12.751861572265625,255281284,12.751861572265625
2007-06-11,12.715498236014918,12.820137430281607,12.61605344527994,12.649201393127441,186604829,12.649201393127441
2007-06-12,12.58414328040645,12.657365046327369,12.447097792151842,12.486678123474121,257742474,12.486678123474121
2007-06-13,12.544067962269006,12.579937191953931,12.336273836756073,12.498303413391113,282414606,12.498303413391113
2007-06-14,12.501768240848513,12.514136680380114,12.410733570655358,12.438935279846191,185540856,12.438935279846191
2007-06-15,12.571279282689899,12.591317140407076,12.399108098702609,12.514384269714355,247889682,12.514384269714355
2007-06-18,12.521556032252784,12.76447582287513,12.47356463765995,12.7446870803833,194161046,12.7446870803833
2007-06-19,12.715251209312251,12.79539979615195,12.654149716233375,12.722672462463379,174864989,12.722672462463379
2007-06-20,12.788226342510415,12.832505695721524,12.592800646568989,12.615311622619629,174178426,12.615311622619629
2007-06-21,12.640297500864538,12.746914438620827,12.524032460053144,12.71772575378418,177049146,12.71772575378418
2007-06-22,12.774867500181482,12.986866212887712,12.766950865948317,12.986618995666504,289228049,12.986618995666504
2007-06-25,13.085566606979793,13.234238866570788,12.947037830342905,13.046977043151855,318188194,13.046977043151855
2007-06-26,13.178332865092283,13.18995965223093,13.017787536143011,13.117232322692871,228433026,13.117232322692871
2007-06-27,12.98711489292317,13.061080210016417,12.852544409303338,13.019026756286621,245842035,13.019026756286621
2007-06-28,12.984144282509941,13.098431566833181,12.957427774486327,12.987360000610352,167360967,12.987360000610352
2007-06-29,13.012345004431275,13.046482764587788,12.850068219074195,12.930217742919922,155805818,12.930217742919922
2007-07-02,12.999235162329551,13.156564776404473,12.967324248498906,13.120201110839844,140026895,13.120201110839844
2007-07-03,13.137022229582259,13.219644879842312,13.048957958694388,13.218160629272461,75152639,13.218160629272461
2007-07-05,13.248339153314713,13.467018406326282,13.163985041124567,13.398494720458984,198457088,13.398494720458984
2007-07-06,13.38909588475412,13.453906577221042,13.326757364439347,13.343331336975098,110291857,13.343331336975098
2007-07-09,13.432387249066515,13.574378976019862,13.364606156791377,13.421502113342285,149751208,13.421502113342285
2007-07-10,13.451929204637828,13.531335186881778,13.398990620218633,13.440796852111816,154818129,13.440796852111816
2007-07-11,13.447476052372496,13.518966345422536,13.35842102358765,13.468749046325684,132868163,13.468749046325684
2007-07-12,13.503134649766592,13.539250147656032,13.363615107997367,13.490023612976074,138179998,13.490023612976074
2007-07-13,13.553846742278745,13.671596973158044,13.53752093300846,13.658980369567871,210269197,13.658980369567871
2007-07-16,13.61296891500911,13.817793592169895,13.588478307858534,13.679512023925781,264969462,13.679512023925781
2007-07-17,13.730224505014608,13.796766665764968,13.6644221015316,13.729233741760254,173792986,13.729233741760254
2007-07-18,13.701776264460179,13.71686598739731,13.45242406296052,13.593179702758789,244111573,13.593179702758789
2007-07-19,13.691137820151116,13.69262207056216,13.413584887670396,13.570667266845703,446756299,13.570667266845703
2007-07-20,12.663054571581394,12.94209178139027,12.603684549412511,12.866395950317383,713556598,12.866395950317383
2007-07-23,12.838937004110434,12.863427612161564,12.669238951517908,12.678144454956055,255221059,12.678144454956055
2007-07-24,12.598737038921044,12.83102082388762,12.544562368682971,12.71500301361084,223719424,12.71500301361084
2007-07-25,12.788720512745241,12.789709381655083,12.506219419613815,12.610116958618164,222631361,12.610116958618164
2007-07-26,12.584884299128898,12.68012354899025,12.340972781045208,12.566577911376953,276368027,12.566577911376953
2007-07-27,12.579689432617458,12.77981413249593,12.504734311025544,12.662806510925293,221189978,12.662806510925293
2007-07-30,12.688285116527881,12.84709800998554,12.628420667994117,12.767196655273438,159126217,12.767196655273438
2007-07-31,12.869115919033726,12.874311269421172,12.616052627563477,12.616052627563477,171460275,12.616052627563477
2007-08-01,12.628421895817537,12.777093215640267,12.570041691961306,12.688780784606934,177791919,12.688780784606934
2007-08-02,12.708076432671238,12.739491964121958,12.591316021360884,12.641037940979004,126669014,12.641037940979004
2007-08-03,12.61729104212305,12.6952137230762,12.442892074584961,12.442892074584961,127524207,12.442892074584961
2007-08-06,12.442891646509572,12.619763727439139,12.430523207975526,12.616052627563477,146607469,12.616052627563477
2007-08-07,12.609868980018959,12.860458197443922,12.592305191620445,12.764971733093262,171211346,12.764971733093262
2007-08-08,12.847101335290354,13.006410598754883,12.79144240621744,13.006410598754883,163362034,13.006410598754883
2007-08-09,12.883216404217189,13.03213493838586,12.73058677027894,12.733060836791992,194586635,12.733060836791992
2007-08-10,12.620506965369074,12.831763088794713,12.507951137993913,12.758294105529785,235888868,12.758294105529785
2007-08-13,12.85204683369586,12.857241236616845,12.691006135259885,12.752107620239258,127648672,12.752107620239258
2007-08-14,12.757550367221178,12.7991084327514,12.5665774402194,12.581419944763184,145892800,12.581419944763184
2007-08-15,12.591315780647193,12.657859836616849,12.28729353660853,12.308073043823242,217191045,12.308073043823242
2007-08-16,12.171275374851946,12.280366363789776,11.885311362477056,12.158906936645508,347120233,12.158906936645508
2007-08-17,12.305351754002263,12.393416968805074,12.162122052938463,12.369668960571289,219997525,12.369668960571289
2007-08-20,12.429533110962584,12.432007177490439,12.2697294409343,12.317225456237793,108296406,12.317225456237793
2007-08-21,12.342459172032164,12.570537443803241,12.313516757884647,12.532195091247559,144965337,12.532195091247559
2007-08-22,12.615062953107023,12.77066108249561,12.597499165307124,12.684080123901367,130595677,12.684080123901367
2007-08-23,12.764477450145298,12.767694115762259,12.54184175522917,12.670228958129883,123529289,12.670228958129883
2007-08-24,12.680617570448117,12.753344895878467,12.578945940226271,12.739740371704102,99278731,12.739740371704102
2007-08-27,12.72564059515479,12.800347558981603,12.650686414095512,12.696697235107422,93352602,12.696697235107422
2007-08-28,12.65390051762156,12.739244448288293,12.511908797588836,12.526998519897461,131446855,12.526998519897461
2007-08-29,12.562619825155458,12.697685666674055,12.547530103696001,12.687295913696289,102354216,12.687295913696289
2007-08-30,12.674434281424244,12.749635684493045,12.630402142667418,12.650687217712402,106465569,12.650687217712402
2007-08-31,12.692739142284365,12.776846039310524,12.652417161492398,12.74592399597168,119550431,12.74592399597168
2007-09-04,12.740235469916676,13.061326126409117,12.730340150592395,12.990824699401855,148301796,12.990824699401855
2007-09-05,12.947533644097161,13.097937387340275,12.91908661300042,13.056379318237305,133012703,13.056379318237305
2007-09-06,13.094969145892161,13.106595933547009,12.81989024269197,12.9505033493042,145579631,12.9505033493042
2007-09-07,12.810490106427523,12.894101626654274,12.784268030300536,12.847347259521484,147093283,12.847347259521484
2007-09-10,12.895090056896596,12.914633478306868,12.637822173764432,12.726876258850098,129515644,12.726876258850098
2007-09-11,12.788967499770921,12.904243659510573,12.757798238630665,12.89632797241211,108549350,12.89632797241211
2007-09-12,12.876537623140324,13.060831910283952,12.838689707358855,12.928980827331543,119887690,12.928980827331543
2007-09-13,12.963861280096419,13.04178396164782,12.94308177205705,12.981672286987305,75927532,12.981672286987305
2007-09-14,12.942587049232426,13.117480461472821,12.918345551542448,13.079879760742188,111010541,13.079879760742188
2007-09-17,13.024962110011579,13.092989473499369,12.964108782322404,12.994535446166992,88229471,12.994535446166992
2007-09-18,13.024713703907775,13.290145426688692,12.969054784826834,13.241165161132812,169260059,13.241165161132812
2007-09-19,13.340116970416833,13.59194230215069,13.329974433218608,13.527626037597656,221904647,13.527626037597656
2007-09-20,13.531335705610944,13.773762037563563,13.507341426278035,13.675555229187012,221828362,13.675555229187012
2007-09-21,13.762382909152212,13.87246467290183,13.67555566817268,13.855395317077637,321669193,13.855395317077637
2007-09-24,13.877659881357818,14.136413940205275,13.852923000909543,14.05131721496582,212674178,14.05131721496582
2007-09-25,13.9518704756507,14.08941039126943,13.923670663189949,14.075556755065918,109633398,14.075556755065918
2007-09-26,14.110188844483822,14.144573820820272,13.947169465184793,14.054777145385742,134345680,14.054777145385742
2007-09-27,14.143090387220802,14.143338551644904,13.995903309531533,14.038451194763184,82560301,14.038451194763184
2007-09-28,14.026083873360394,14.089164050279855,13.954839844542665,14.03276252746582,105975740,14.03276252746582
2007-10-01,14.099553146247727,14.455275997682811,14.090646695868838,14.410748481750488,189158364,14.410748481750488
2007-10-02,14.43128136037431,14.76350438127354,14.347916110011786,14.456266403198242,283759629,14.456266403198242
2007-10-03,14.502276570068503,14.570056712565114,14.356573748624887,14.447112083435059,155761653,14.447112083435059
2007-10-04,14.473580642821933,14.473580642821933,14.27494019418571,14.3236722946167,119915795,14.3236722946167
2007-10-05,14.523551840127128,14.743467193572641,14.521077773457018,14.695228576660156,203507949,14.695228576660156
2007-10-08,14.718728235512204,15.096219442484111,14.692753379052727,15.080388069152832,201873847,15.080388069152832
2007-10-09,15.216198372217352,15.430671167581572,15.049963248758418,15.21792984008789,352026555,15.21792984008789
2007-10-10,15.370805132063609,15.477670219334147,15.258003042878464,15.470497131347656,216231462,15.470497131347656
2007-10-11,15.674580383947246,15.866789402995991,15.065051651375718,15.386636734008789,473729022,15.386636734008789
2007-10-12,15.435618746064188,15.792330477534325,15.293625125091513,15.767346382141113,273971076,15.767346382141113
2007-10-15,15.794062577576279,15.828446610210126,15.227082657070119,15.339883804321289,278793083,15.339883804321289
2007-10-16,15.299809471483657,15.483608380186942,15.139016920517681,15.238214492797852,241915372,15.238214492797852
2007-10-17,15.595667696192764,15.683484744665812,15.37649495364021,15.670621871948242,242124152,15.670621871948242
2007-10-18,15.718365956205183,15.865800249169551,15.547430871467144,15.822509765625,493410518,15.822509765625
2007-10-19,16.19208675536115,16.289304696583162,15.9118125020866,15.948423385620117,633927242,15.948423385620117
2007-10-22,15.799008661436167,16.202970105107585,15.739885860873128,16.097835540771484,267575192,16.097835540771484
2007-10-23,16.357579618010657,16.762034578495946,16.326657573626992,16.716766357421875,272766578,16.716766357421875
2007-10-24,16.64106566698002,16.758816821322647,16.315769531018464,16.718000411987305,297278110,16.718000411987305
2007-10-25,16.788750394879443,16.795924430120714,16.414473000982237,16.53717041015625,232688918,16.53717041015625
2007-10-26,16.673718636495966,16.735810876619944,16.526036211149375,16.687820434570312,134658850,16.687820434570312
2007-10-29,16.766240271905733,16.82140476011197,16.625731849696088,16.802356719970703,123111730,16.802356719970703
2007-10-30,16.759809269368333,17.313926338076804,16.759809269368333,17.186777114868164,277058606,17.186777114868164
2007-10-31,17.33321960421422,17.48931312561035,17.218190662823723,17.48931312561035,276103037,17.48931312561035
2007-11-01,17.38517050378609,17.655548491752516,17.36018546053336,17.395559310913086,262066622,17.395559310913086
2007-11-02,17.576140741221273,17.652084736402877,17.250350113883435,17.594446182250977,234535815,17.594446182250977
2007-11-05,17.489065438773196,18.06396199701145,17.466308193163634,17.950664520263672,356679932,17.950664520263672
2007-11-06,18.24528584973091,18.349924087524414,17.93458590732468,18.349924087524414,338716853,18.349924087524414
2007-11-07,18.33359929930063,18.484744691888707,17.888574190434348,18.131000518798828,332180444,18.131000518798828
2007-11-08,18.17206456671027,18.179236707681685,16.751645348254634,17.163768768310547,662963671,17.163768768310547
2007-11-09,16.717013993840357,16.867911233729153,16.356590191643356,16.42486572265625,457231416,16.42486572265625
2007-11-12,16.27075041533492,16.572298599081197,15.490781962795586,15.6357421875,410625377,15.6357421875
2007-11-13,15.955347116265958,16.34941512619829,15.63574073835957,16.340261459350586,339082217,16.340261459350586
2007-11-14,16.655168312174293,16.709838364660456,15.73963958107478,15.873468399047852,325001637,15.873468399047852
2007-11-15,15.796536085490105,16.017440297694417,15.436112326723444,15.575878143310547,279752666,15.575878143310547
2007-11-16,15.682002996448466,15.720345348380734,15.238709334316113,15.674334526062012,363067785,15.674334526062012
2007-11-19,15.574395300473016,15.752009994340913,15.30005804564094,15.481877326965332,221924722,15.481877326965332
2007-11-20,15.7448374582373,16.30439715728133,15.655535194721448,16.043169021606445,395099399,16.043169021606445
2007-11-21,15.925170156613683,16.573290410313643,15.88336486863977,16.339521408081055,281591533,16.339521408081055
2007-11-23,16.57402738204396,16.778853924258208,16.527275865388802,16.739768981933594,109958613,16.739768981933594
2007-11-26,16.826354445542737,17.152887706006613,16.450345530155207,16.47508430480957,272622038,16.47508430480957
2007-11-27,16.692769680545407,16.733091661483318,16.085714064310785,16.662342071533203,357515050,16.662342071533203
2007-11-28,16.873601606036875,17.175149809320494,16.626969729333155,17.124685287475586,317846919,17.124685287475586
2007-11-29,17.08733311624913,17.38517213658529,17.01361501294704,17.241943359375,249250764,17.241943359375
2007-11-30,17.588261437743167,17.589744740974716,16.87359912099799,17.142988204956055,317003771,17.142988204956055
2007-12-03,17.093764562289422,17.192467711239857,16.849606733518012,16.859254837036133,173652461,16.859254837036133
2007-12-04,16.77959673815539,17.118250187851647,16.75015800165324,16.92430877685547,169906473,16.92430877685547
2007-12-05,17.136306785675533,17.289679944662343,17.006931689706498,17.27928924560547,169015145,17.27928924560547
2007-12-06,17.26172950644992,17.725802647223247,17.242187032298823,17.69364356994629,197096005,17.69364356994629
2007-12-07,17.686962794081502,17.76142348019619,17.575893123100226,17.68399429321289,154661545,17.68399429321289
2007-12-10,17.711701716646736,17.92963742077336,17.66247423468404,17.771812438964844,154826159,17.771812438964844
2007-12-11,17.80941434946754,17.83538825908567,17.2859712097758,17.29636001586914,246484434,17.29636001586914
2007-12-12,17.66247706074695,17.670391801474594,17.031673361384893,17.300073623657227,247287433,17.300073623657227
2007-12-13,17.2248695615237,17.25727680152542,16.851336669941322,17.168962478637695,202387766,17.168962478637695
2007-12-14,17.00718391393368,17.30873211278592,17.00099874702042,17.06778907775879,147490767,17.06778907775879
2007-12-17,17.019302532102863,17.20285326233804,16.41744322637249,16.554983139038086,220262515,16.554983139038086
2007-12-18,16.676939222596094,16.74001845186635,16.1411276013198,16.656902313232422,287742502,16.656902313232422
2007-12-19,16.678175851206593,16.809036169958038,16.549293270270027,16.756345748901367,177506855,16.756345748901367
2007-12-20,16.965624962659653,17.093516786582484,16.83649610534935,17.06110954284668,177551020,17.06110954284668
2007-12-21,17.263710746542714,17.297847564786426,17.148928063179515,17.234272003173828,216086922,17.234272003173828
2007-12-24,17.19221582177019,17.33420753479004,17.14447353781568,17.33420753479004,65380146,17.33420753479004
2007-12-26,17.291165812083936,17.643178500213914,17.27187150295191,17.584304809570312,101579322,17.584304809570312
2007-12-27,17.49104343558479,17.71194763623501,17.334455490112305,17.334455490112305,118141168,17.334455490112305
2007-12-28,17.438104604478767,17.51281155869977,17.230559607761442,17.378734588623047,102892225,17.378734588623047
2007-12-31,17.280778390185468,17.377748166814524,17.083125842432683,17.105390548706055,95404263,17.105390548706055
2008-01-02,17.139773097773265,17.251090930189548,16.765249458272148,16.94978904724121,172921733,16.94978904724121
2008-01-03,16.95152321906526,16.99085443561748,16.73531708549889,16.9532527923584,130587647,16.9532527923584
2008-01-04,16.8137363116265,16.845152790801855,16.2029714649087,16.252445220947266,215195594,16.252445220947266
2008-01-07,16.176749691429396,16.38305957716318,15.766356769452944,16.06072998046875,257096061,16.06072998046875
2008-01-08,16.153496340262627,16.325669411853838,15.60927458700767,15.626096725463867,214364490,15.626096725463867
2008-01-09,15.585525590545817,16.16190638641775,15.399253570671554,16.158443450927734,270598482,16.158443450927734
2008-01-10,15.955844222772162,16.257392393268564,15.834631064942679,15.998392105102539,254317685,15.998392105102539
2008-01-11,15.898699838737764,16.06617292307738,15.5872563545318,15.788618087768555,199826201,15.788618087768555
2008-01-14,16.107486448698456,16.262342956303154,15.9617836097554,16.173782348632812,178566813,16.173782348632812
2008-01-15,15.977860043430034,16.055783673015426,15.717623650051822,15.77377700805664,223562839,15.77377700805664
2008-01-16,15.559057082836963,15.83166284742851,14.890158327077248,15.23697566986084,423983259,15.23697566986084
2008-01-17,15.35596390180643,15.479155754566936,14.793188548050416,14.861959457397461,329903943,14.861959457397461
2008-01-18,15.049221444420438,15.089543428283282,14.804073822774637,14.848601341247559,342864341,14.848601341247559
2008-01-22,13.903138114497938,14.780572689464243,13.88260582358773,14.455276489257812,381484558,14.455276489257812
2008-01-23,13.870484296764644,14.050820264862312,12.838689578385624,13.571410179138184,681171664,13.571410179138184
2008-01-24,13.823236565886637,14.339999154528805,13.707960411594694,14.21136474609375,377445475,14.21136474609375
2008-01-25,14.639815811287196,14.71872830267129,14.005797438089992,14.011240005493164,279684411,14.011240005493164
2008-01-28,14.124289661006232,14.15570613857537,13.570915233114668,13.753477096557617,233540097,13.753477096557617
2008-01-29,13.864549472862146,13.885823416888217,13.37474958980386,13.618412971496582,252262009,13.618412971496582
2008-01-30,13.585509960909645,13.863557331684275,13.445001551494352,13.562751770019531,318774383,13.562751770019531
2008-01-31,13.333682285324896,14.174505862065265,13.216922834247102,13.959290504455566,597081651,13.959290504455566
2008-02-01,13.077899205923838,13.275798962872829,12.616052910750065,12.762003898620605,706658840,12.762003898620605
2008-02-04,12.59304792480752,12.68482424446758,12.18438647108295,12.255631446838379,528256642,12.255631446838379
2008-02-05,12.10720661104981,12.591316689641705,12.084695634474159,12.536894798278809,449811709,12.536894798278809
2008-02-06,12.64425383321355,12.644996432091839,12.317473386261792,12.410980224609375,306600924,12.410980224609375
2008-02-07,12.29100515871507,12.719703517064179,12.239056388471084,12.491129875183105,318344779,12.491129875183105
2008-02-08,12.601456898970662,12.807272331278465,12.583894057855787,12.781545639038086,274179856,12.781545639038086
2008-02-11,12.876289941021454,12.955201488091573,12.700160459126613,12.892121315002441,233913491,12.892121315002441
2008-02-12,12.9472848910974,13.125641209817989,12.691005899662068,12.816177368164062,267490877,12.816177368164062
2008-02-13,12.92526951944253,13.234238931951815,12.831020090658141,13.225086212158203,265981240,13.225086212158203
2008-02-14,13.317359178463327,13.383902294572582,13.135538943897053,13.166460990905762,260039050,13.166460990905762
2008-02-15,13.068994603236153,13.176602293775803,12.970540580352326,13.101895332336426,210389647,13.101895332336426
2008-02-19,13.233003237754998,13.235971738917756,12.52947319814355,12.590079307556152,254968114,12.590079307556152
2008-02-20,12.455507769814727,12.641038143559477,12.339489955513187,12.591316223144531,267486862,12.591316223144531
2008-02-21,12.686554636738222,12.69546108741094,12.3563121978521,12.43942928314209,227963272,12.43942928314209
2008-02-22,12.419638540678372,12.591315264595474,12.30807253938015,12.561631202697754,221462998,12.561631202697754
2008-02-25,12.515866113749574,12.529472532683274,12.01592470037879,12.033241271972656,336167332,12.033241271972656
2008-02-26,11.40887045254634,11.539236337146933,11.05388924656865,11.482834815979004,934983461,11.482834815979004
2008-02-27,11.382401152417259,11.762367400392703,11.370279930741223,11.697308540344238,406393575,11.697308540344238
2008-02-28,11.638927473100546,11.851420609743307,11.561252015475842,11.759892463684082,264463573,11.759892463684082
2008-02-29,11.672817721992951,11.867500811364119,11.494214171221474,11.65574836730957,378429149,11.65574836730957
2008-03-03,11.663913656376547,11.693844938251669,11.134532523984259,11.305468559265137,303312645,11.305468559265137
2008-03-04,11.155314304776203,11.21493060556846,10.780047972105672,10.998231887817383,546910299,10.998231887817383
2008-03-05,11.014307882327099,11.234964865779991,10.98338678795075,11.074914932250977,298578968,11.074914932250977
2008-03-06,11.074668072141366,11.213445017080405,10.66625481846152,10.703855514526367,299923991,10.703855514526367
2008-03-07,10.609358273713243,10.88443810627759,10.544052198235947,10.719934463500977,324082204,10.719934463500977
2008-03-10,10.60812101241394,10.661801247028583,10.217518759663047,10.231865882873535,320701579,10.231865882873535
2008-03-11,10.51980883103097,10.888148282435168,10.504719108625775,10.88047981262207,354399416,10.88047981262207
2008-03-12,10.884685679148296,11.079368773031405,10.83669522665224,10.888890266418457,267073318,10.888890266418457
2008-03-13,10.70311394589172,11.057106295225315,10.606885820769044,10.958897590637207,310222448,10.958897590637207
2008-03-14,10.958155450648881,11.115485060944819,10.652401733311066,10.83298397064209,263961699,10.83298397064209
2008-03-17,10.587342898441758,10.728841147401868,10.194514691884445,10.386476516723633,316710676,10.386476516723633
2008-03-18,10.611831707607532,10.905216963303342,10.5264877816669,10.86365795135498,290573072,10.86365795135498
2008-03-19,10.91189757123343,11.069968835484872,10.678375798266492,10.686539649963379,248086416,10.686539649963379
2008-03-20,10.570770117001944,10.77806888794801,10.327849328940792,10.724883079528809,398022314,10.724883079528809
2008-03-24,10.845600362555718,11.52216759068867,10.828036573614762,11.393037796020508,271554050,11.393037796020508
2008-03-25,11.316353096125987,11.316600313366804,11.032863118768418,11.151107788085938,234138331,11.151107788085938
2008-03-26,11.195881878840735,11.450181263267911,11.11424809849137,11.334410667419434,209811488,11.334410667419434
2008-03-27,11.032861882690138,11.097426304587056,10.89655995094628,10.985365867614746,234162421,10.985365867614746
2008-03-28,11.068977311266847,11.220122681025027,10.743681165158563,10.836941719055176,175704123,10.836941719055176
2008-03-31,10.776583060489905,10.950981072977163,10.686786379080239,10.896063804626465,178522648,10.896063804626465
2008-04-01,11.075905613577062,11.539977807413829,11.054383507241946,11.520435333251953,244637537,11.520435333251953
2008-04-02,11.624085870908447,11.76855166263708,11.388833577700625,11.520188331604004,240859429,11.520188331604004
2008-04-03,11.421981505787198,11.460571073130291,11.085552957721207,11.258467674255371,272152284,11.258467674255371
2008-04-04,11.305219019937532,11.820252018242503,11.28518211298238,11.653521537780762,236772166,11.653521537780762
2008-04-07,11.800462462095666,12.008503808730167,11.713881495909332,11.795268058776855,238631108,11.795268058776855
2008-04-08,11.701762820470346,11.728972821296274,11.428908846929009,11.572385787963867,182561731,11.572385787963867
2008-04-09,11.605037796112038,11.6760336584306,11.318332115758684,11.482834815979004,242830791,11.482834815979004
2008-04-10,11.501881921438166,11.722044473255384,11.424948115950011,11.603799819946289,203656504,11.603799819946289
2008-04-11,11.479865931992327,11.558778426111592,11.255745999737313,11.316104888916016,167413162,11.316104888916016
2008-04-14,11.308931078610568,11.316105114071862,11.135522877381103,11.172876358032227,154280120,11.172876358032227
2008-04-15,11.33292765386485,11.372258873704842,10.976461242281607,11.053642272949219,183790319,11.053642272949219
2008-04-16,10.993283156668145,11.336638552771555,10.909177196367668,11.256241798400879,306372069,11.256241798400879
2008-04-17,11.271083824938769,11.363601798115269,11.045726841686726,11.120433807373047,536122013,11.120433807373047
2008-04-18,13.23968364613347,13.548653108743439,12.981424976421037,13.34358024597168,732158060,13.34358024597168
2008-04-21,13.343084319394594,13.422244030644693,13.11797362412926,13.30350399017334,298703433,13.30350399017334
2008-04-22,13.298061340443105,13.873453257159813,13.297814123225718,13.729233741760254,318730218,13.729233741760254
2008-04-23,13.801961440951255,13.835851983746238,13.381674192252348,13.518718719482422,197597880,13.518718719482422
2008-04-24,13.637460296534533,13.716619065756657,13.358669347649444,13.43337631225586,166023975,13.43337631225586
2008-04-25,13.581307008551466,13.679761042986474,13.42570884803328,13.458609580993652,167200368,13.458609580993652
2008-04-28,13.503628410632162,13.7740073008421,13.333434999630343,13.657989501953125,160945009,13.657989501953125
2008-04-29,13.62607970713403,13.937027817169309,13.605794634682995,13.815072059631348,174491595,13.815072059631348
2008-04-30,13.907590191273023,14.467892390634816,13.815072225243908,14.206417083740234,317304895,14.206417083740234
2008-05-01,14.305862220015506,14.716997726887072,14.272714273551154,14.671233177185059,265101957,14.671233177185059
2008-05-02,14.805062186708025,14.90302272400692,14.33035301186347,14.3795804977417,281001329,14.3795804977417
2008-05-05,14.814215724426921,14.817678659984342,14.52404616227991,14.716255187988281,252181709,14.716255187988281
2008-05-06,14.619778994068723,14.644516819156829,14.42188018213366,14.504999160766602,185866070,14.504999160766602
2008-05-07,14.60172030293132,14.82979853845915,14.259355732435354,14.322930335998535,265511486,14.322930335998535
2008-05-08,14.501041169645285,14.577726818915801,14.320705195971376,14.422127723693848,205684075,14.422127723693848
2008-05-09,14.322931726306987,14.471355835288836,14.132454167139901,14.179454803466797,180068420,14.179454803466797
2008-05-12,14.217799905975816,14.514647214435643,14.07333314868841,14.46987247467041,195285244,14.46987247467041
2008-05-13,14.501782079168649,14.544329962580864,14.3117989599477,14.421879768371582,207314163,14.421879768371582
2008-05-14,14.508215144559028,14.62448017774221,14.23016679721919,14.25614070892334,175688063,14.25614070892334
2008-05-15,14.3229322547145,14.420644630973719,14.239071621285978,14.372406959533691,174359100,14.372406959533691
2008-05-16,14.383042893929218,14.463438691467786,14.306109084656203,14.34939956665039,171604815,14.34939956665039
2008-05-19,14.311799209151273,14.567335625679991,14.18737032781438,14.286319732666016,225020282,14.286319732666016
2008-05-20,14.21482916088681,14.409016866867157,14.172280330366245,14.31303596496582,133040807,14.31303596496582
2008-05-21,14.311056783095445,14.382548022597936,13.553351183392513,13.605299949645996,259693761,13.605299949645996
2008-05-22,13.653784748957161,13.709690884641848,13.364357804575823,13.592187881469727,203813089,13.592187881469727
2008-05-23,13.530346518056012,13.679759494357885,13.303999730591887,13.472460746765137,177924414,13.472460746765137
2008-05-27,13.480870715648008,13.917237498966768,13.453411609192736,13.87518310546875,155199554,13.87518310546875
2008-05-28,14.049335720677105,14.137153718454087,13.880132108828981,14.056756973266602,162623276,14.056756973266602
2008-05-29,14.218786558894433,14.493123793276595,14.179454393740999,14.421879768371582,194526410,14.421879768371582
2008-05-30,14.43350658085587,14.593063038319007,14.379827292053415,14.491145133972168,129491554,14.491145133972168
2008-06-02,14.409511270526979,14.443896249540312,14.13171110180727,14.223980903625488,147518872,14.223980903625488
2008-06-03,14.261088320194604,14.360038678114105,13.86801290850466,14.033504486083984,172857493,14.033504486083984
2008-06-04,13.984770809463111,14.298192980655184,13.965475553402737,14.155211448669434,135032244,14.155211448669434
2008-06-05,14.275435088418872,14.54655660060303,14.253912982611977,14.50351333618164,157255230,14.50351333618164
2008-06-06,14.341485807583233,14.365481036179956,14.026084899902344,14.026084899902344,190089843,14.026084899902344
2008-06-09,14.0523034829482,14.100293931439833,13.491755039863126,13.8002290725708,212324874,13.8002290725708
2008-06-10,13.594662964706826,13.823731986362342,13.525893951395316,13.70870304107666,146844353,13.70870304107666
2008-06-11,13.7599099484639,13.787120894570117,13.468503334623197,13.486808776855469,153087667,13.486808776855469
2008-06-12,13.574873692474284,13.803446376403187,13.528366545078715,13.678523063659668,220487355,13.678523063659668
2008-06-13,13.889779685630376,14.241297957447443,13.886069532819107,14.137648582458496,248303226,14.137648582458496
2008-06-16,14.01371580059305,14.325405593244918,14.01371580059305,14.169808387756348,142243171,14.169808387756348
2008-06-17,14.257378567485954,14.299927402552475,14.060221392216901,14.08693790435791,139035192,14.08693790435791
2008-06-18,13.964486035227093,14.0753094409377,13.83214147089398,13.911795616149902,135754943,13.911795616149902
2008-06-19,13.73789396100854,13.946429749981114,13.625585349629292,13.857869148254395,228176066,13.857869148254395
2008-06-20,13.778214745711974,13.778214745711974,13.46974068467521,13.51723575592041,240221045,13.51723575592041
2008-06-23,13.490765931201441,13.683470334088176,13.408143283844833,13.487055778503418,145981130,13.487055778503418
2008-06-24,13.485324744786865,13.634985887477326,13.236961413089354,13.415070533752441,187604562,13.415070533752441
2008-06-25,13.481117618764749,13.798498090690735,13.448958544578876,13.630284309387207,165506041,13.630284309387207
2008-06-26,13.45959825058999,13.480129594390073,13.067757989873916,13.081610679626465,227228528,13.081610679626465
2008-06-27,13.053409784895043,13.110800171398559,12.741965351730363,13.063055992126465,218716743,13.063055992126465
2008-06-30,13.171903695273096,13.308700082006494,12.939124500723475,13.022241592407227,151176531,13.022241592407227
2008-07-01,12.85303804517083,13.27703643918774,12.789215269602115,13.227808952331543,199139637,13.227808952331543
2008-07-02,13.271841064674483,13.367574754259389,13.013336138825885,13.037578582763672,169553154,13.037578582763672
2008-07-03,13.132568700591666,13.339126734804864,13.048957186362085,13.28396224975586,96379907,13.28396224975586
2008-07-07,13.415070333111217,13.580810065121613,13.249329653908386,13.4548978805542,170845981,13.4548978805542
2008-07-08,13.506350438408923,13.733935207961412,13.358174494401553,13.717608451843262,198035514,13.717608451843262
2008-07-09,13.624348808650227,13.746057362518037,13.37623267889227,13.396517753601074,166782808,13.396517753601074
2008-07-10,13.481860761226367,13.593178597790672,13.128611048489919,13.372273445129395,173917451,13.372273445129395
2008-07-11,13.271593789468808,13.345805371549956,12.849326865883121,13.204802513122559,200002860,13.204802513122559
2008-07-14,13.333436910129006,13.359658986159365,12.750872818670388,12.903502464294434,177655409,12.903502464294434
2008-07-15,12.77140452844161,13.048958448223612,12.395891014566976,12.766704559326172,243750224,12.766704559326172
2008-07-16,12.715992947836277,13.27159428023525,12.630896226853258,13.249330520629883,190398997,13.249330520629883
2008-07-17,13.213708101737678,13.285198395215874,12.974744720259592,13.19589614868164,352813493,13.19589614868164
2008-07-18,12.327863769960212,12.34344792808342,11.829158396515151,11.906586647033691,453389067,11.906586647033691
2008-07-21,11.895702100478985,11.975109033732933,11.520188594245298,11.596875190734863,236944811,11.596875190734863
2008-07-22,11.545419993124115,11.880117056615395,11.517713668347238,11.802441596984863,188363396,11.802441596984863
2008-07-23,11.913758140113234,12.300154816932013,11.826929022612878,12.102008819580078,196497772,12.102008819580078
2008-07-24,12.287047568775357,12.291253103528513,11.765583992004395,11.765583992004395,142166886,11.765583992004395
2008-07-25,12.034477727038055,12.198734156227848,11.911038661515994,12.170286178588867,127817302,12.170286178588867
2008-07-28,12.173007703395339,12.173007703395339,11.753462066021035,11.802689552307129,126873778,11.802689552307129
2008-07-29,11.856616311955625,12.053526261278336,11.824459127416326,11.95086669921875,112532223,11.95086669921875
2008-07-30,12.009988759026902,12.022851632042238,11.69607024836836,11.940723419189453,140151360,11.940723419189453
2008-07-31,11.739361968003806,11.89594898058484,11.662180939233908,11.719324111938477,115033564,11.719324111938477
2008-08-01,11.6886487818621,11.706212570518808,11.441029008924586,11.573619842529297,120766974,11.573619842529297
2008-08-04,11.58005349727138,11.701019451840418,11.42618775830017,11.453398704528809,99852875,11.453398704528809
2008-08-05,11.56694244372303,11.875911876567574,11.535772235424165,11.870222091674805,143917423,11.870222091674805
2008-08-06,11.833610284510204,12.115616938319656,11.68864911405331,12.030767440795898,135538133,12.030767440795898
2008-08-07,11.923408308500932,11.972883963244215,11.78512672348683,11.852165222167969,111367875,11.852165222167969
2008-08-08,11.877643355986704,12.263546599489246,11.767314382295861,12.245240211486816,150132633,12.245240211486816
2008-08-11,12.182408067970927,12.588348247134249,12.16533871213643,12.389459609985352,170207597,12.389459609985352
2008-08-12,12.418154028937009,12.520320098730542,12.319205571825316,12.433243751525879,110641162,12.433243751525879
2008-08-13,12.408259690200463,12.4562491947527,12.217286752120481,12.36942195892334,145563571,12.36942195892334
2008-08-14,12.31178452989992,12.55693119545578,12.27690416809919,12.504487991333008,117181585,12.504487991333008
2008-08-15,12.54159537655766,12.63238188617745,12.504736326443474,12.619765281677246,142359606,12.619765281677246
2008-08-18,12.612095419632231,12.616052789586199,12.257608654368473,12.326626777648926,133855851,12.326626777648926
2008-08-19,12.131941253173817,12.326129884485969,12.037939994004095,12.133673667907715,122316761,12.133673667907715
2008-08-20,12.238066323329354,12.286799374193908,11.937507955300473,11.99761962890625,159881036,11.99761962890625
2008-08-21,11.946166793847313,12.11883431356615,11.855875663490867,12.035469055175781,141090868,12.035469055175781
2008-08-22,12.158412427025693,12.242024893907276,12.108443288997078,12.13590145111084,92232419,12.13590145111084
2008-08-25,12.025078506950837,12.294467608299518,11.911038434153383,11.948391914367676,80874004,11.948391914367676
2008-08-26,11.959523375540439,11.959523375540439,11.641153058361157,11.729466438293457,132823998,11.729466438293457
2008-08-27,11.718829010425788,11.746040902681136,11.498914600443353,11.591432571411133,176141757,11.591432571411133
2008-08-28,11.688154211808486,11.786113795780258,11.634722142002241,11.72006607055664,121642242,11.72006607055664
2008-08-29,11.620374970803812,11.651544233131323,11.436824226862573,11.4605712890625,154504960,11.4605712890625
2008-09-02,11.794030284062767,11.927860042119384,11.414312226664906,11.509056091308594,245376296,11.509056091308594
2008-09-03,11.595142522155312,11.732682442853294,11.368795732105768,11.488276481628418,173230887,11.488276481628418
2008-09-04,11.379183810862967,11.459333329458952,11.1169678286781,11.1382417678833,194666935,11.1382417678833
2008-09-05,11.020247360126502,11.192666702519665,10.886417586756588,10.98957347869873,182051827,10.98957347869873
2008-09-08,11.181781157003307,11.20453935000219,10.32908441448273,10.38845443725586,362068052,10.38845443725586
2008-09-09,10.468107633378583,10.695939601433436,10.26600330431159,10.356541633605957,290267933,10.356541633605957
2008-09-10,10.500264996342608,10.500513160723868,10.134400606137982,10.245223999023438,250005583,10.245223999023438
2008-09-11,10.101500227081466,10.762977734000918,10.0527681244669,10.729829788208008,259826256,10.729829788208008
2008-09-12,10.64226000001486,10.933665668374443,10.612327769683734,10.826554298400879,242023777,10.826554298400879
2008-09-15,10.4886409850776,10.933170719994584,10.481466949386578,10.732550621032715,263680649,10.732550621032715
2008-09-16,10.537125866523969,11.114001120364394,10.525500026278404,10.95691967010498,280676114,10.95691967010498
2008-09-17,10.84683761628781,10.863164372267317,10.227414493929558,10.253388404846191,366444394,10.253388404846191
2008-09-18,10.454998197633964,10.864155051330389,10.154687023908442,10.86168098449707,344863807,10.86168098449707
2008-09-19,11.403923555986129,11.430391902265244,10.965577090455765,11.110785484313965,401740198,11.110785484313965
2008-09-22,11.233975929089812,11.233975929089812,10.612326013778375,10.64052677154541,176952786,10.64052677154541
2008-09-23,10.717461138662753,10.9039813348562,10.531189106899365,10.619007110595703,208948265,10.619007110595703
2008-09-24,10.64547511038268,11.008124789433747,10.639786272526342,10.763472557067871,170316002,10.763472557067871
2008-09-25,10.855742368686542,11.131811056314733,10.784993729130472,10.874543190002441,201564693,10.874543190002441
2008-09-26,10.587590804724659,10.814184824141412,10.415171460158744,10.662792205810547,212493504,10.662792205810547
2008-09-29,10.377570362794954,10.476519770375358,9.417760351511072,9.424934387207031,432129680,9.424934387207031
2008-09-30,9.795499688104087,10.51535648106749,9.704960403022715,9.907807350158691,123914728,9.907807350158691
2008-10-01,10.170765092216149,10.314983655564326,9.971629262339466,10.18486499786377,250326782,10.18486499786377
2008-10-02,10.137123194630988,10.14182316340324,9.548621179752615,9.659690856933594,240293315,9.659690856933594
2008-10-03,9.829388410328901,10.204159243025622,9.476138733381873,9.571130752563477,320914374,9.571130752563477
2008-10-06,9.251276294347328,9.300998206117171,8.835193667718444,9.182753562927246,450506303,9.182753562927246
2008-10-07,9.235199549964415,9.276015972216618,8.543543432640163,8.559374809265137,443833384,8.559374809265137
2008-10-08,8.167287039622735,8.880464215098314,8.067100601689727,8.363947868347168,474829130,8.363947868347168
2008-10-09,8.522515821516853,8.6227022637111,7.957266400089965,8.138096809387207,324210683,8.138096809387207
2008-10-10,7.746751562726035,8.457455098626475,7.676002449428318,8.21280288696289,425500926,8.21280288696289
2008-10-13,8.801306200686888,9.448435703126126,8.552942851846428,9.425429344177246,357555200,9.425429344177246
2008-10-14,9.734893031990623,9.75888825707456,8.831237382909249,8.972487449645996,312559174,8.972487449645996
2008-10-15,8.773104849604588,8.880712542214894,8.381759975591967,8.390170097351074,269863738,8.390170097351074
2008-10-16,8.231603024945157,8.818867928821463,7.6547273997180385,8.732781410217285,652022815,8.732781410217285
2008-10-17,9.374470127873668,9.548620920909057,8.993265919711789,9.215655326843262,572104380,9.215655326843262
2008-10-20,9.39401309370361,9.424439759547075,8.895307698610452,9.383376121520996,271148536,9.383376121520996
2008-10-21,9.211945366535264,9.4937038514325,8.954923758641451,8.973477363586426,232146894,8.973477363586426
2008-10-22,8.830991451975185,9.145155325967425,8.509652594503466,8.798337936401367,263383540,8.798337936401367
2008-10-23,8.74836722625894,8.855973962509028,8.360979755304573,8.715466499328613,260127380,8.715466499328613
2008-10-24,8.076006529059123,8.669702040745154,8.033211425534866,8.393138885498047,295463334,8.393138885498047
2008-10-27,8.28231492805545,8.484914650694435,8.054483893737103,8.150712013244629,248957670,8.150712013244629
2008-10-28,8.387202243075427,9.135754201223888,8.126470481222917,9.121901512145996,325431241,9.121901512145996
2008-10-29,9.048678595546583,9.17756022301053,8.716702816554804,8.855974197387695,391726805,8.855974197387695
2008-10-30,9.114728235375807,9.202298075869338,8.865127858017896,8.897781372070312,320753774,8.897781372070312
2008-10-31,8.810459151641293,9.201308680406198,8.763705727979419,8.889618873596191,298044974,8.889618873596191
2008-11-03,8.845586255952766,8.979415082373237,8.446076567410719,8.571248054504395,239072757,8.571248054504395
2008-11-04,8.743172960211377,9.211203500285828,8.546757443108223,9.077127456665039,295097969,9.077127456665039
2008-11-05,8.958636180362584,9.125118531839028,8.44310958519303,8.46611499786377,278901487,8.46611499786377
2008-11-06,8.40995959005678,8.520040387147974,8.059678398053002,8.19350814819336,344277618,8.19350814819336
2008-11-07,8.240509552781566,8.439151926138399,8.04780512932185,8.191530227661133,187953866,8.191530227661133
2008-11-10,8.113854305464928,8.149476319705748,7.655470930925253,7.885776042938232,324415448,7.885776042938232
2008-11-11,7.636175814592898,7.824426520142235,7.4340714726465285,7.704697608947754,407385278,7.704697608947754
2008-11-12,7.471919063198422,7.730176259648124,7.118422152257653,7.198570251464844,403550960,7.198570251464844
2008-11-13,7.217619552991059,7.742794690862388,6.926460633020215,7.720035076141357,531372276,7.720035076141357
2008-11-14,7.501604766003865,8.039394603073749,7.484535884085635,7.669076919555664,382110897,7.669076919555664
2008-11-17,7.495419287100471,7.672539524593157,7.370496453215518,7.42417573928833,302883041,7.42417573928833
2008-11-18,7.460045659532317,7.513478203559061,7.058805487312654,7.357385158538818,335095329,7.357385158538818
2008-11-19,7.307169063021652,7.425907685566721,6.891333588513631,6.930912971496582,314558640,6.930912971496582
2008-11-20,6.800052955089524,6.999188806529129,6.407965945472117,6.420828819274902,392642224,6.420828819274902
2008-11-21,6.493804268902502,6.663503271383753,6.117549110643782,6.491826057434082,411315956,6.491826057434082
2008-11-24,6.6607817237036535,6.677849657696394,6.159849535163391,6.368385314941406,403695499,6.368385314941406
2008-11-25,6.646433163886655,7.091211490093159,6.612790312035641,6.977171897888184,432462924,6.977171897888184
2008-11-26,6.933386688785631,7.308900162523086,6.832458130633557,7.2255353927612305,255217044,7.2255353927612305
2008-11-28,7.188182790418295,7.333391189475354,7.131286357717524,7.24705696105957,103004645,7.24705696105957
2008-12-01,7.091706642052128,7.1090222673436605,6.579643033928604,6.579890251159668,229304279,6.579890251159668
2008-12-02,6.672408094243149,6.871544411644721,6.495536482292013,6.805495262145996,234463545,6.805495262145996
2008-12-03,6.675376434564408,6.960102948201547,6.563810902331404,6.912359714508057,237077306,6.912359714508057
2008-12-04,6.8406217215630924,7.012793360303422,6.648660391711159,6.786447525024414,196196647,6.786447525024414
2008-12-05,6.704319720462922,7.031346919728596,6.531157781512789,7.025163173675537,261825722,7.025163173675537
2008-12-08,7.1735876800901295,7.654728772306585,6.975936081991636,7.4734039306640625,326993073,7.4734039306640625
2008-12-09,7.364064942885829,7.866480430939677,7.347242805456976,7.56889009475708,276629001,7.56889009475708
2008-12-10,7.64978117582287,7.789794210755516,7.532773076561056,7.6393914222717285,210265182,7.6393914222717285
2008-12-11,7.524362898626221,7.739825504155386,7.366786539686821,7.426650524139404,248094446,7.426650524139404
2008-12-12,7.315084495549873,7.828632323514882,7.272783356584691,7.811068534851074,229741913,7.811068534851074
2008-12-15,7.7677780457048025,7.878601931073264,7.54761594633559,7.685155868530273,270526212,7.685155868530273
2008-12-16,7.780396387239185,8.150961816177812,7.699999152078865,8.04656982421875,283442445,8.04656982421875
2008-12-17,7.882312752700035,7.968646032056111,7.7284465439223204,7.798205375671387,232456049,7.798205375671387
2008-12-18,7.834321392560724,7.924612505252206,7.6465651321656924,7.675507068634033,191254191,7.675507068634033
2008-12-19,7.693071315300999,7.861285112739988,7.643844304097789,7.672787189483643,225345496,7.672787189483643
2008-12-22,7.63295939427585,7.656212020402774,7.189418558240632,7.349716663360596,157291365,7.349716663360596
2008-12-23,7.4318449056025315,7.503087981958881,7.33883203272373,7.372227668762207,151674390,7.372227668762207
2008-12-24,7.4578194004727,7.578042752447354,7.381133276976364,7.494183540344238,77148090,7.494183540344238
2008-12-26,7.521888206483661,7.551325998594673,7.3794015825203525,7.430113315582275,78657728,7.430113315582275
2008-12-29,7.426650023517976,7.455344743655151,7.212918900218597,7.357385158538818,148631025,7.357385158538818
2008-12-30,7.440997167911192,7.589668487309638,7.3892970386357995,7.498140811920166,154316255,7.498140811920166
2008-12-31,7.5251039603635155,7.693317740484619,7.485771325298767,7.610447883605957,115904817,7.610447883605957
2009-01-02,7.633949175299024,7.960977314290866,7.557264000925329,7.948608875274658,144961322,7.948608875274658
2009-01-05,7.940691887124179,8.194002852895906,7.7922677928148865,8.115089416503906,196293007,8.115089416503906
2009-01-06,8.237044062824872,8.430490078043432,8.074024703436551,8.263760566711426,257971329,8.263760566711426
2009-01-07,8.121770326954532,8.185839375145571,7.885034241960177,7.965677738189697,180453860,7.965677738189697
2009-01-08,7.873406960226043,8.044341087341309,7.8501529135034644,8.044341087341309,144567852,8.044341087341309
2009-01-09,8.101486308423631,8.101486308423631,7.75268882073388,7.794000148773193,174270770,7.794000148773193
2009-01-12,7.82467405785366,7.889981083795515,7.674271261032066,7.735124588012695,132667413,7.735124588012695
2009-01-13,7.712366242968258,7.930797818976785,7.6782289536756,7.775446891784668,177964564,7.775446891784668
2009-01-14,7.668581586665929,7.762583330231759,7.365548684283817,7.4452033042907715,219535801,7.4452033042907715
2009-01-15,7.361095960437981,7.509767756558702,7.09442672118007,7.3962225914001465,238269759,7.3962225914001465
2009-01-16,7.54538902624121,7.625291339529532,7.314837648573157,7.4130449295043945,209759293,7.4130449295043945
2009-01-20,7.399933504008411,7.408839481098876,6.9944891929626465,6.9944891929626465,202684876,6.9944891929626465
2009-01-21,7.133017720055051,7.5077881366383155,7.133017720055051,7.49739933013916,197718329,7.49739933013916
2009-01-22,7.372722350187863,7.652502156250045,7.301231580623941,7.582000255584717,331919470,7.582000255584717
2009-01-23,7.650523138853792,8.21181324716327,7.525598881669856,8.032219886779785,430921167,8.032219886779785
2009-01-26,8.035930673518642,8.113853346868167,7.929807715823039,8.011688232421875,185119281,8.011688232421875
2009-01-27,8.075508966462777,8.259060611994528,8.021581524262892,8.19993782043457,197830749,8.19993782043457
2009-01-28,8.360731671184425,8.715713800225917,8.319420822814838,8.625174522399902,308809170,8.625174522399902
2009-01-29,8.523010678215336,8.535626335380655,8.413424292495776,8.492831230163574,292444059,8.492831230163574
2009-01-30,8.526720590328717,8.628391285290558,8.311753359751018,8.37433910369873,187580472,8.37433910369873
2009-02-02,8.26945186064176,8.534388204587772,8.212803124920528,8.424802780151367,209056670,8.424802780151367
2009-02-03,8.474276244499828,8.484914161954155,8.258072009588462,8.421833992004395,263243015,8.421833992004395
2009-02-04,8.412433720211357,8.767910304813645,8.390169962044912,8.484914779663086,273718132,8.484914779663086
2009-02-05,8.433213109641088,8.791162808672436,8.336490555575827,8.75009822845459,291665150,8.75009822845459
2009-02-06,8.817879356295148,9.247073082319822,8.792646150091747,9.184487342834473,282579221,9.184487342834473
2009-02-09,9.18448783546149,9.42493453984274,9.086031913558532,9.369770050048828,199838246,9.369770050048828
2009-02-10,9.300752599063015,9.338353297680582,8.853254368471935,8.86859130859375,285213056,8.86859130859375
2009-02-11,8.879475086010899,9.029136221866816,8.732287069522847,8.856964111328125,210048373,8.856964111328125
2009-02-12,8.736245681159643,8.994998763723911,8.694686665823216,8.9808988571167,222844155,8.9808988571167
2009-02-13,8.9596237590756,8.97941439737923,8.787451646742431,8.848058700561523,166489714,8.848058700561523
2009-02-17,8.57174167326381,8.586089743684207,8.403033446774609,8.476503372192383,228067661,8.476503372192383
2009-02-18,8.589801742284113,8.741688794898614,8.423565670555416,8.73500919342041,241883252,8.73500919342041
2009-02-19,8.842863626259794,8.900501233659721,8.44558175234879,8.476008415222168,200295955,8.476008415222168
2009-02-20,8.362465886503388,8.631360599788684,8.287017261397747,8.570260047912598,249616129,8.570260047912598
2009-02-23,8.583863290696076,8.653128632264444,8.152196438384665,8.164813041687012,209626799,8.164813041687012
2009-02-24,8.188560898906456,8.648675720443718,8.18534423343939,8.545520782470703,244749957,8.545520782470703
2009-02-25,8.463886712571508,8.714972260086062,8.38398629851185,8.451271057128906,258529413,8.451271057128906
2009-02-26,8.558137425616232,8.719672587189434,8.340448901985194,8.340943336486816,225064447,8.340943336486816
2009-02-27,8.236304879245758,8.505199571685191,8.19078754325463,8.360980987548828,217612620,8.360980987548828
2009-03-02,8.245703473641848,8.428018110748576,8.064378652545056,8.093073844909668,232407869,8.093073844909668
2009-03-03,8.16506124030424,8.254610718740992,7.974089224766814,8.05151653289795,261970262,8.05151653289795
2009-03-04,7.994124759756851,8.138591490407915,7.801667579428914,7.889238357543945,313908211,7.889238357543945
2009-03-05,7.828880150194833,7.893197360704618,7.486515062764412,7.560727119445801,262175027,7.560727119445801
2009-03-06,7.599811681008958,7.673281608630339,7.278968243766891,7.633206844329834,290452622,7.633206844329834
2009-03-09,7.420713388649801,7.583732786153391,7.160228835640822,7.195850849151611,259822241,7.195850849151611
2009-03-10,7.3779181159414255,7.680950073015048,7.278968238567618,7.623311519622803,270217058,7.623311519622803
2009-03-11,7.671055149099219,7.9159555517451405,7.562458584885332,7.864253997802734,237832124,7.864253997802734
2009-03-12,7.855101363443463,8.039641443061784,7.758872769686882,8.003277778625488,201717262,8.003277778625488
2009-03-13,8.066852353579645,8.100494730085375,7.8919594500846335,8.02529239654541,156841686,8.02529239654541
2009-03-16,8.064132900261722,8.156650877438326,7.881076578288007,7.908287525177002,198613673,7.908287525177002
2009-03-17,7.920407770877548,8.295426368713379,7.893444516548036,8.295426368713379,189206544,8.295426368713379
2009-03-18,8.282314741557473,8.410701935212005,8.11508981798729,8.24001407623291,201239478,8.24001407623291
2009-03-19,8.204887518082467,8.311752606995398,8.098516863605887,8.161844253540039,165064391,8.161844253540039
2009-03-20,8.170747907054015,8.237291955053161,8.072788331967617,8.167285919189453,190226352,8.167285919189453
2009-03-23,8.25139581639819,8.644472240450025,8.238284775769054,8.623445510864258,171500425,8.623445510864258
2009-03-24,8.571494994985038,8.75306800001839,8.509651852344438,8.588069915771484,153372732,8.588069915771484
2009-03-25,8.667970043003768,8.691222667279282,8.31793606816193,8.511382102966309,174102141,8.511382102966309
2009-03-26,8.735504528578621,8.884670296359262,8.62097001263372,8.739461898803711,241032074,8.739461898803711
2009-03-27,8.658076033505703,8.707551684652042,8.546015587516095,8.601180076599121,133410187,8.601180076599121
2009-03-30,8.473782401763213,8.504951663103471,8.312989856185128,8.477246284484863,124227898,8.477246284484863
2009-03-31,8.631606647100437,8.744904125226752,8.563579285094049,8.610085487365723,146760038,8.610085487365723
2009-04-01,8.504208671378366,8.787698617039792,8.425791560797288,8.75925064086914,132542948,8.75925064086914
2009-04-02,8.987331598217793,9.146888081661187,8.91336722451414,8.967293739318848,180192885,8.967293739318848
2009-04-03,9.016766792927797,9.195370320272104,8.855973322406772,9.147379875183105,152160204,9.147379875183105
2009-04-06,9.078609582732861,9.148369353105645,8.940080805199424,9.109285354614258,131703815,9.109285354614258
2009-04-07,8.969766471408928,8.998214448936999,8.789431451311971,8.872054100036621,147755757,8.872054100036621
2009-04-08,8.992029891924243,9.029136154087745,8.811694878598225,8.954923629760742,111022586,8.954923629760742
2009-04-09,9.140452897473683,9.260429008090572,9.060056163624152,9.214665412902832,135811153,9.214665412902832
2009-04-13,9.185724713272142,9.377934710192639,9.160245233475758,9.35344409942627,122461301,9.35344409942627
2009-04-14,9.324499698991294,9.325736732208078,9.043978263680389,9.125858306884766,137658049,9.125858306884766
2009-04-15,9.08108341648732,9.42641742983685,9.008355147111242,9.387826919555664,197967259,9.387826919555664
2009-04-16,9.437302746174142,9.719307485166652,9.42542779558938,9.616400718688965,408931050,9.616400718688965
2009-04-17,9.549116220605548,9.890491019652691,9.519183991140833,9.702982902526855,430840867,9.702982902526855
2009-04-20,9.55232911648688,9.663647890487777,9.298524206149422,9.382879257202148,177820024,9.382879257202148
2009-04-21,9.305453086387205,9.506567628547366,9.303721618495375,9.43656063079834,148370051,9.43656063079834
2009-04-22,9.443487678816597,9.647570727229397,9.375707528991935,9.495683670043945,140597024,9.495683670043945
2009-04-23,9.585975101924845,9.641385860863798,9.427655670922963,9.516215324401855,104751167,9.516215324401855
2009-04-24,9.549856789168599,9.726234427492782,9.412565043973432,9.634953498840332,135923572,9.634953498840332
2009-04-27,9.507556708405373,9.63495408992389,9.468224542847333,9.547383308410645,91967429,9.547383308410645
2009-04-28,9.492962732921951,9.624070272226687,9.43829267827844,9.491971969604492,118185333,9.491971969604492
2009-04-29,9.54787948655557,9.770515190861898,9.544415603558699,9.683935165405273,144941247,9.683935165405273
2009-04-30,9.79005744920414,9.987709052371988,9.766310386397036,9.795252799987793,174881049,9.795252799987793
2009-05-01,9.771999502894415,9.835327847095199,9.685913911385596,9.738852500915527,97471985,9.738852500915527
2009-05-04,9.849673572619084,9.954312756197584,9.766062059832928,9.943923950195312,128600225,9.943923950195312
2009-05-05,9.89444856791724,10.018630227957669,9.826915643943611,9.968908309936523,96391952,9.968908309936523
2009-05-06,10.062910722170988,10.099769768074655,9.919681020101738,9.980782508850098,105710750,9.980782508850098
2009-05-07,9.996367903921772,10.018383498023514,9.709414056986748,9.811084747314453,120441759,9.811084747314453
2009-05-08,9.965444786535114,10.145533537482063,9.771257076156171,10.076268196105957,155183494,10.076268196105957
2009-05-11,9.964208124448707,10.19179098544128,9.92462779635128,10.092348098754883,102755715,10.092348098754883
2009-05-12,10.142564196142985,10.16680663737971,9.773977550323885,9.870452880859375,152200354,9.870452880859375
2009-05-13,9.748746247140488,9.80564220333019,9.606753573896134,9.636191368103027,114138220,9.636191368103027
2009-05-14,9.617886772599206,9.702240898190002,9.516216073083275,9.58572769165039,117920344,9.58572769165039
2009-05-15,9.674780600181089,9.749240343420121,9.625058681345434,9.64756965637207,120799094,9.64756965637207
2009-05-18,9.764578382041071,9.828401155408372,9.533778843327038,9.816774368286133,134570520,9.816774368286133
2009-05-19,9.79846903175033,9.93551262327161,9.721782437125174,9.86723804473877,113925426,9.86723804473877
2009-05-20,9.946645206332262,10.035204860289138,9.771257366245639,9.82518482208252,91702440,9.82518482208252
2009-05-21,9.803415774905638,9.965197184168218,9.742561504726346,9.80836296081543,109199779,9.80836296081543
2009-05-22,9.81231982327899,9.861548251384324,9.697043672475619,9.734149932861328,69001669,9.734149932861328
2009-05-26,9.695809205639124,10.018631356924642,9.647570585485763,10.002799034118652,124645457,10.002799034118652
2009-05-27,10.03446177918792,10.188327490152973,10.013928543843429,10.032482147216797,121826932,10.032482147216797
2009-05-28,10.109664265310046,10.182392541937208,10.008983392775663,10.152213096618652,107152133,10.152213096618652
2009-05-29,10.194513169790213,10.321167945861816,10.159633757647606,10.321167945861816,106325044,10.321167945861816
2009-06-01,10.358274354255354,10.627169013608173,10.35332716839272,10.55196762084961,133394127,10.55196762084961
2009-06-02,10.544298783998705,10.63607509322579,10.47379736234399,10.59748363494873,105337356,10.59748363494873
2009-06-03,10.538115419424992,10.69791814962848,10.488640716933652,10.677881240844727,141841672,10.677881240844727
2009-06-04,10.768172250662758,10.915113053293643,10.748382559305231,10.891364097595215,146069460,10.891364097595215
2009-06-05,11.009857049363328,11.066010405794444,10.871080096658575,10.991303443908691,147783862,10.991303443908691
2009-06-08,10.872068803938621,10.907195431879787,10.738981649775766,10.854010581970215,124412588,10.854010581970215
2009-06-09,10.849312377566651,10.896808398002573,10.680603186438217,10.77608871459961,130684007,10.77608871459961
2009-06-10,10.791177417705551,10.832241997221464,10.554689048432211,10.70138168334961,134859599,10.70138168334961
2009-06-11,10.680850321775804,10.729336157996503,10.596743417693808,10.612327575683594,115037579,10.612327575683594
2009-06-12,10.559389532649986,10.580169040640031,10.419622761772823,10.509420394897461,117173555,10.509420394897461
2009-06-15,10.426796329330427,10.426796329330427,10.241266910704182,10.309788703918457,150036273,10.309788703918457
2009-06-16,10.372622917870885,10.416655052684751,10.27639384943713,10.290741920471191,122445241,10.290741920471191
2009-06-17,10.295442743130746,10.382766315514461,10.180908224163389,10.269963264465332,140127270,10.269963264465332
2009-06-18,10.28282588497611,10.357284679918235,10.216529046986231,10.242751121520996,123870563,10.242751121520996
2009-06-19,10.345411027235722,10.401069949217215,10.255614342633233,10.39191722869873,171002566,10.39191722869873
2009-06-22,10.314241336609747,10.327600538185054,9.941697305952497,10.076763153076172,165594371,10.076763153076172
2009-06-23,10.0594471065564,10.117331925926576,9.958022696075004,10.03545093536377,116418737,10.03545093536377
2009-06-24,10.1111484799588,10.197482228395343,10.057221026137105,10.124753952026367,98680498,10.124753952026367
2009-06-25,10.068105445909305,10.28826801787404,10.055984224101104,10.285052299499512,122236461,10.285052299499512
2009-06-26,10.233350924965425,10.593280274224322,10.219251017879381,10.521294593811035,130756276,10.521294593811035
2009-06-29,10.538115343274265,10.582641912160007,10.445101993957945,10.492103576660156,87097243,10.492103576660156
2009-06-30,10.488641942407957,10.568047935143511,10.345660385963477,10.429024696350098,104144903,10.429024696350098
2009-07-01,10.493587669704759,10.548009557077455,10.34392653223743,10.364706039428711,92778458,10.364706039428711
2009-07-02,10.276146555356368,10.276146555356368,10.0634052412363,10.104964256286621,101081463,10.104964256286621
2009-07-06,10.055736586730815,10.158148924746685,9.936007677031048,10.132669448852539,90843231,10.132669448852539
2009-07-07,10.098778854961422,10.122280592983529,9.795499212295693,9.811578750610352,130860666,9.811578750610352
2009-07-08,9.894944184276378,10.043367343016552,9.846953732830094,9.95654010772705,138163938,9.95654010772705
2009-07-09,10.046336139727838,10.252399752412634,10.038420452392366,10.151966094970703,131515110,10.151966094970703
2009-07-10,10.13192804434086,10.324631503771439,10.110158720595152,10.251161575317383,117502785,10.251161575317383
2009-07-13,10.2949486799419,10.501504853619355,10.270458069379314,10.496063232421875,162434571,10.496063232421875
2009-07-14,10.481466258719557,10.55617321749134,10.411212051408192,10.505709648132324,116266167,10.505709648132324
2009-07-15,10.628655029765959,10.851785158696856,10.59971166961933,10.8391695022583,151646285,10.8391695022583
2009-07-16,10.802309845558657,11.02667699519687,10.738487073687415,10.948755264282227,263162715,10.948755264282227
2009-07-17,10.711277816107007,10.772625578438836,10.555431501950824,10.643248558044434,275191634,10.643248558044434
2009-07-20,10.63409469575395,10.707564612972972,10.544298025020447,10.641268730163574,126612804,10.641268730163574
2009-07-21,10.660316824552535,10.684064831902493,10.531187981779523,10.585115432739258,119173022,10.585115432739258
2009-07-22,10.587589231569991,10.642011115576214,10.476271397123682,10.579919815063477,103855823,10.579919815063477
2009-07-23,10.60441132793323,10.91437058103012,10.525746996037077,10.818636894226074,139649486,10.818636894226074
2009-07-24,10.780788979282597,11.143934066832728,10.760752068708182,11.050674438476562,145619780,11.050674438476562
2009-07-27,11.033852479575076,11.051416270765927,10.825316676514078,11.003178596496582,100551484,11.003178596496582
2009-07-28,10.909175737969766,10.953949522663859,10.787961632302908,10.88072681427002,101679697,10.88072681427002
2009-07-29,10.815916320698411,10.830017175434708,10.683818960368374,10.791426658630371,79777911,10.791426658630371
2009-07-30,10.949003071374527,11.16817582963657,10.949003071374527,11.023957252502441,128423566,11.023957252502441
2009-07-31,11.131317984373787,11.198603696867593,10.944550570356741,10.959888458251953,114844859,10.959888458251953
2009-08-03,11.10064310454613,11.228288657500837,11.073432158988163,11.186481475830078,104000363,11.186481475830078
2009-08-04,11.116227084256762,11.230760640119627,11.092973511233224,11.224081039428711,95950302,11.224081039428711
2009-08-05,11.280235571583022,11.302745597157408,11.079367337058155,11.160011291503906,94031136,11.160011291503906
2009-08-06,11.238181700172714,11.252528822965438,11.095447387907502,11.140716552734375,84752487,11.140716552734375
2009-08-07,11.272071685221102,11.364836867335203,11.255251442575501,11.307446479797363,102105287,11.307446479797363
2009-08-10,11.258962572792395,11.339853757999137,11.225567407433278,11.295327186584473,69941178,11.295327186584473
2009-08-11,11.222598956554009,11.310664178019172,11.190688041671928,11.229277610778809,68756755,11.229277610778809
2009-08-12,11.265641874124933,11.422476106832098,11.253519705055455,11.344058990478516,94007046,11.344058990478516
2009-08-13,11.432369303910468,11.495943907921056,11.352220727984667,11.435585021972656,80107140,11.435585021972656
2009-08-14,11.447954678637322,11.457849050264615,11.302250916018941,11.37918472290039,67255147,11.37918472290039
2009-08-17,11.1689183053334,11.181039527141165,10.961618606874193,11.005404472351074,105200846,11.005404472351074
2009-08-18,11.01059908993255,11.074916300249253,10.941830075005026,11.01505184173584,94396500,11.01505184173584
2009-08-19,10.884191018844836,11.008124517554975,10.848816223278183,10.982645988464355,90538092,10.982645988464355
2009-08-20,11.18128665445362,11.433112920862007,11.162238614397829,11.389328002929688,160555554,11.389328002929688
2009-08-21,11.516230342068889,11.529835813618604,11.444739101734866,11.508809089660645,142953825,11.508809089660645
2009-08-24,11.561003651153454,11.628783788900044,11.48852449213266,11.595141410827637,98503838,11.595141410827637
2009-08-25,11.605038274340261,11.734167130932468,11.59489573725038,11.660449981689453,93990986,11.660449981689453
2009-08-26,11.69483380934356,11.70077081123068,11.544925458886178,11.577083587646484,79810030,11.577083587646484
2009-08-27,11.591433224283458,11.591433224283458,11.397244550645276,11.529094696044922,80255695,11.529094696044922
2009-08-28,11.608254871302009,11.685187744841189,11.462799246901673,11.496689796447754,71129616,11.496689796447754
2009-08-31,11.373989783861214,11.42519500164449,11.329709489259837,11.42049503326416,78609548,11.42049503326416
2009-09-01,11.371270347303303,11.547894278420365,11.24115167314301,11.274299621582031,104185053,11.274299621582031
2009-09-02,11.275782780225361,11.337873136427246,11.195881418134713,11.206271171569824,72462593,11.206271171569824
2009-09-03,11.275783317778432,11.335895939114971,11.255499191566374,11.317837715148926,66094814,11.317837715148926
2009-09-04,11.319073776360945,11.44350265883139,11.27479347684196,11.411344528198242,60192775,11.411344528198242
2009-09-08,11.485309158154374,11.552100434823888,11.276278936208195,11.345047950744629,106666319,11.345047950744629
2009-09-09,11.355932769548243,11.534289105728975,11.349500385697986,11.47739315032959,88145156,11.47739315032959
2009-09-10,11.543688310611243,11.649811744689941,11.428659373790593,11.649811744689941,101764012,11.649811744689941
2009-09-11,11.63645445200197,11.70819291428626,11.567931708108121,11.679497718811035,76401301,11.679497718811035
2009-09-14,11.639175706204538,11.79477385224391,11.627796136059006,11.753214836120605,79324216,11.753214836120605
2009-09-15,11.752224608830048,11.846969425137907,11.6935971867321,11.813078880310059,96283547,11.813078880310059
2009-09-16,11.868986146761777,12.105722707038085,11.83633263213211,12.07900619506836,103799614,12.07900619506836
2009-09-17,12.135406621694354,12.303620418907206,12.050805288641865,12.163854598999023,179996150,12.163854598999023
2009-09-18,12.288778726460897,12.293974077257909,12.151734181325889,12.15742301940918,131832295,12.15742301940918
2009-09-21,12.065399852818226,12.341469509428755,12.027799154411001,12.29446792602539,84973311,12.29446792602539
2009-09-22,12.391438325556061,12.417906670495373,12.314504515757692,12.345426559448242,122103967,12.345426559448242
2009-09-23,12.38797395877481,12.541840625166206,12.312030915213832,12.330583572387695,108573440,12.330583572387695
2009-09-24,12.380305498451396,12.403558124238883,12.195516789440584,12.288777351379395,101482963,12.288777351379395
2009-09-25,12.227430070775597,12.366948683312122,12.170782276581829,12.182655334472656,82291296,12.182655334472656
2009-09-28,12.24103640596487,12.405786330967468,12.202939376996984,12.332316398620605,73847766,12.332316398620605
2009-09-29,12.357054224769987,12.362495845600412,12.195766288302675,12.332316398620605,84282733,12.332316398620605
2009-09-30,12.368679364182901,12.372142299449171,12.053030351962212,12.266018867492676,126139035,12.266018867492676
2009-10-01,12.19551798761677,12.281357305675524,12.04709482114868,12.052042007446289,112949783,12.052042007446289
2009-10-02,11.96644983399855,12.164348635347094,11.938249074839826,11.987228393554688,104421937,11.987228393554688
2009-10-05,12.063172751334955,12.181417402578623,11.956553938980116,12.084693908691406,86105539,12.084693908691406
2009-10-06,12.16336120210576,12.353096174600957,12.16336120210576,12.337512016296387,109701653,12.337512016296387
2009-10-07,12.343942623376117,12.838442434646021,12.31450482945528,12.802573204040527,195698788,12.802573204040527
2009-10-08,12.852791057659513,12.943823832833392,12.698677157490526,12.71945571899414,172797268,12.71945571899414
2009-10-09,12.780556672786153,12.900780011927399,12.727370873847242,12.770661354064941,109934523,12.770661354064941
2009-10-12,12.94802862148734,13.005914392377226,12.846605150616215,12.963366508483887,133386097,12.963366508483887
2009-10-13,12.972024258313175,13.04796730806849,12.897564511948069,13.014572143554688,121951397,13.014572143554688
2009-10-14,13.17165533856076,13.24883542079089,13.110801065362189,13.242403984069824,130824531,13.242403984069824
2009-10-15,13.203566914709642,13.281489599729213,13.043268792749593,13.108575820922852,244930632,13.108575820922852
2009-10-16,13.539497684394783,13.723050309409098,13.470234240677632,13.601836204528809,355001664,13.601836204528809
2009-10-19,13.672090047733882,13.694601021540183,13.57413046589337,13.657247543334961,129198459,13.657247543334961
2009-10-20,13.64611740603708,13.678523701516571,13.375490313618318,13.648097038269043,162354271,13.648097038269043
2009-10-21,13.603320348421487,13.836841159091277,13.580809374192647,13.632758140563965,147374332,13.632758140563965
2009-10-22,13.605548852735566,13.729235143837254,13.556074146856393,13.706724166870117,93810311,13.706724166870117
2009-10-23,13.735418399975813,13.800725419415423,13.635231968749867,13.69682788848877,96066737,13.69682788848877
2009-10-26,13.74778903818472,13.893491874816844,13.627565680349447,13.70969295501709,119261352,13.70969295501709
2009-10-27,13.629543575705144,13.718350446879871,13.461081606956768,13.563247680664062,129142249,13.563247680664062
2009-10-28,13.55285765866752,13.605548080093705,13.314884081160931,13.365595817565918,103096990,13.365595817565918
2009-10-29,13.43263449472475,13.650817436247149,13.382911626551003,13.631522178649902,101282213,13.631522178649902
2009-10-30,13.605548100688262,13.609752687965619,13.215686530605181,13.26219367980957,139260032,13.26219367980957
2009-11-02,13.28594065671293,13.34481624452881,13.067263284798383,13.209503173828125,128564090,13.209503173828125
2009-11-03,13.11104892705666,13.296332092470148,13.068748257447783,13.291136741638184,95564863,13.291136741638184
2009-11-04,13.377963609230692,13.494228634862749,13.269614270492875,13.366336822509766,93657741,13.366336822509766
2009-11-05,13.444508482047313,13.599859411552732,13.423975243931697,13.572152137756348,74185025,13.572152137756348
2009-11-06,13.549145679944735,13.649579330134358,13.494228412637913,13.632758140563965,73341877,13.632758140563965
2009-11-09,13.740366175121002,13.916743820861555,13.710186730573765,13.915011405944824,106393299,13.915011405944824
2009-11-10,13.920454359601496,14.070115500394188,13.902396135816094,14.020145416259766,89566463,14.020145416259766
2009-11-11,14.112168507825182,14.186875467267091,13.997881219315936,14.114148139953613,93135792,14.114148139953613
2009-11-12,14.089412182491797,14.17203483981629,13.988978516806213,14.047111511230469,75734813,14.047111511230469
2009-11-13,14.082731173380763,14.162386268543816,14.016435280345988,14.151006698608398,66921903,14.151006698608398
2009-11-16,14.223981109095416,14.27320859394737,14.169064786522751,14.255645751953125,88297726,14.255645751953125
2009-11-17,14.220766135271997,14.285825944958738,14.19231910360193,14.285578727722168,76955370,14.285578727722168
2009-11-18,14.264798164367676,14.317488583597543,14.151501638960648,14.264798164367676,62216331,14.264798164367676
2009-11-19,14.193554449220768,14.19924518132733,14.100294829966451,14.174260139465332,87045048,14.174260139465332
2009-11-20,14.087925583717082,14.13987434944514,14.085451517237335,14.099305152893066,80548789,14.099305152893066
2009-11-23,14.260840597860815,14.510935399846028,14.245256440364308,14.405801773071289,102281946,14.405801773071289
2009-11-24,14.410006691586883,14.453791608236637,14.262077021539534,14.42410659790039,64448667,14.42410659790039
2009-11-25,14.506235190074882,14.52231378176709,14.414211655626293,14.48966121673584,58667077,14.48966121673584
2009-11-27,14.149770209753381,14.408523302395746,14.124290732223704,14.341732025146484,55591593,14.341732025146484
2009-11-30,14.363253293665458,14.438454688492472,14.276176947495193,14.421879768371582,69262644,14.421879768371582
2009-12-01,14.548783172500938,14.625221603033948,14.42188022273698,14.591826438903809,93159882,14.591826438903809
2009-12-02,14.619778155926053,14.669501020479847,14.501534446631117,14.533445358276367,66777363,14.533445358276367
2009-12-03,14.571294050102631,14.630911289554724,14.471355775613976,14.48966121673584,57362205,14.48966121673584
2009-12-04,14.66974846069613,14.714523192881154,14.32738387146084,14.471602439880371,100920864,14.471602439880371
2009-12-07,14.451812853631644,14.562636267488125,14.372406866949106,14.502277374267578,65693315,14.502277374267578
2009-12-08,14.43425001413421,14.611369323680197,14.397144696144572,14.522067070007324,61188493,14.522067070007324
2009-12-09,14.53319912868384,14.57846829769253,14.436228406703583,14.570799827575684,71507025,14.570799827575684
2009-12-10,14.605927613569134,14.711555676083524,14.605185014673799,14.632148742675781,66982128,14.632148742675781
2009-12-11,14.710813317772738,14.71254383832964,14.538888421065801,14.607657432556152,69057879,14.607657432556152
2009-12-14,14.727386910859686,14.775872745670497,14.659606765648277,14.736787796020508,76822876,14.736787796020508
2009-12-15,14.676674457586826,14.752864716011398,14.619530342979868,14.67271614074707,91557900,14.67271614074707
2009-12-16,14.80778397945113,14.851569846223448,14.7592990907856,14.787004470825195,112797213,14.787004470825195
2009-12-17,14.754351834947323,14.784036847130228,14.68805593920049,14.69250774383545,105947635,14.69250774383545
2009-12-18,14.7442075973364,14.815946052773347,14.7187281226836,14.753854751586914,141789477,14.753854751586914
2009-12-21,14.783291762870785,14.838456246905537,14.735302261091586,14.809762001037598,103233500,14.809762001037598
2009-12-22,14.875563576468032,14.879521893695633,14.813968598962976,14.870121955871582,75513988,14.870121955871582
2009-12-23,14.928997046582838,15.160785449267179,14.912916560979935,15.13134765625,83218760,15.13134765625
2009-12-24,15.16226880343336,15.325288185687812,15.14594204876815,15.299560546875,34476745,15.299560546875
2009-12-28,15.378226076119864,15.485338378457152,15.299560802328577,15.408158302307129,68170566,15.408158302307129
2009-12-29,15.454419244826994,15.456892364427441,15.294863722109678,15.322320938110352,57205620,15.322320938110352
2009-12-30,15.300059161987457,15.40469741821289,15.28793793882759,15.40469741821289,58843737,15.40469741821289
2009-12-31,15.454666419945447,15.470745959670747,15.336668968200684,15.336668968200684,48974884,15.336668968200684
2010-01-04,15.509087086196505,15.572414476748204,15.442048595758756,15.50413990020752,78541293,15.50413990020752
2010-01-05,15.514776949996099,15.531103705754493,15.375258347980417,15.43586540222168,120638494,15.43586540222168
2010-01-06,15.482123244769038,15.482123244769038,14.999745619439768,15.046746253967285,159744526,15.046746253967285
2010-01-07,15.07494651030894,15.089789014862646,14.660595310434827,14.696464538574219,257533695,14.696464538574219
2010-01-08,14.644516590097474,14.922812145225418,14.57302629423096,14.892385482788086,189680313,14.892385482788086
2010-01-11,14.95274482243697,14.95274482243697,14.694981549875894,14.869874954223633,289597429,14.869874954223633
2010-01-12,14.78428389983503,14.796899556276129,14.545568666040332,14.606916427612305,194859654,14.606916427612305
2010-01-13,14.26084001709349,14.55496694285325,14.19677097471263,14.523056030273438,260838034,14.523056030273438
2010-01-14,14.444143463979502,14.698939170491133,14.417179737535117,14.591331481933594,170239717,14.591331481933594
2010-01-15,14.67766383793762,14.683106405382922,14.299181863086314,14.347667694091797,218194794,14.347667694091797
2010-01-19,14.377354228760874,14.605433443349959,14.25589384193728,14.536168098449707,173315202,14.536168098449707
2010-01-20,14.49559714751548,14.49559714751548,14.231154298126242,14.357810020446777,130515377,14.357810020446777
2010-01-21,14.432764380697742,14.516376841166219,14.155953089749682,14.421384811401367,253253712,14.421384811401367
2010-01-22,13.964240018349573,14.115138200472842,13.231023998159316,13.605795860290527,273035583,13.605795860290527
2010-01-25,13.521192771525882,13.602579333851363,13.247103698157279,13.358174324035645,177458675,13.358174324035645
2010-01-26,13.307956614621288,13.595652098413554,13.266398548045537,13.418038368225098,174873019,13.418038368225098
2010-01-27,13.389589629226252,13.547413659602316,13.242154404508257,13.41012191772461,159170382,13.41012191772461
2010-01-28,13.46924442502736,13.531335732315155,13.125642782858344,13.216924667358398,129648138,13.216924667358398
2010-01-29,13.320821110885815,13.38266425305219,13.002203567808396,13.1093168258667,166240784,13.1093168258667
2010-02-01,13.224592716268807,13.254524944223313,13.11822111208708,13.185506820678711,90369462,13.185506820678711
2010-02-02,13.233496066969815,13.233496066969815,13.05167681359457,13.138505935668945,164462143,13.138505935668945
2010-02-03,13.077899651902232,13.410123620915813,13.067015463264484,13.378458976745605,120413655,13.378458976745605
2010-02-04,13.283962116134266,13.308698045264824,13.000966605733176,13.031146049499512,135614418,13.031146049499512
2010-02-05,13.071221344055415,13.197380744505937,12.9242805418354,13.142711639404297,126713179,13.142711639404297
2010-02-08,13.172642883429686,13.407647936472895,13.148647659559566,13.196638107299805,108175956,13.196638107299805
2010-02-09,13.346795770522567,13.39602230853907,13.236219578519629,13.270109176635742,113206742,13.270109176635742
2010-02-10,13.211481524539648,13.303504109538205,13.053657482253621,13.220881462097168,107380987,13.220881462097168
2010-02-11,13.192928057458264,13.37029552276292,13.098432352067498,13.269120216369629,96761331,13.269120216369629
2010-02-12,13.184271452582632,13.287673614130231,13.123169960033486,13.187981605529785,91529795,13.187981605529785
2010-02-16,13.280745848544331,13.460339213246357,13.217171240961052,13.390332221984863,146723904,13.390332221984863
2010-02-17,13.407648320797362,13.44228051578065,13.299051767258836,13.313894271850586,81492313,13.313894271850586
2010-02-18,13.297318705123073,13.482107404699214,13.262686511825574,13.437827110290527,93826371,13.437827110290527
2010-02-19,13.371284327428961,13.457865292475155,13.350752984457436,13.376975059509277,102506786,13.376975059509277
2010-02-22,13.53999457419952,13.543704727215042,13.382912170294984,13.42743968963623,86105539,13.42743968963623
2010-02-23,13.432386745540057,13.447970902462897,13.167448500312409,13.23621940612793,115334688,13.23621940612793
2010-02-24,13.209255649500847,13.319583675398892,13.12341728362387,13.147164344787598,93412827,13.147164344787598
2010-02-25,13.039556995428006,13.07344754110177,12.863427507516027,13.02248764038086,132864148,13.02248764038086
2010-02-26,13.046979855773717,13.154093126587805,12.949514688390787,13.03164291381836,82279251,13.03164291381836
2010-03-01,13.09101246582163,13.192187782775507,13.054895067578219,13.177345275878906,89851528,13.177345275878906
2010-03-02,13.246361254841306,13.498186555101062,13.234733521269797,13.384395599365234,174925214,13.384395599365234
2010-03-03,13.416552956775025,13.559041001709854,13.339621044032713,13.489776611328125,124039193,13.489776611328125
2010-03-04,13.518966713275201,13.757187500968083,13.511545460674531,13.71909236907959,127829347,13.71909236907959
2010-03-05,13.88631788479377,14.042657693948499,13.850448651122287,13.957066535949707,157074555,13.957066535949707
2010-03-08,13.971166357291239,13.981061676851809,13.877905788330407,13.914270401000977,95813793,13.914270401000977
2010-03-09,13.849211071423113,13.968196436198536,13.766340259288272,13.857621192932129,127540267,13.857621192932129
2010-03-10,13.945933884767348,14.310562244484458,13.907590587646608,14.259851455688477,227043838,14.259851455688477
2010-03-11,14.20567537107015,14.501287491221605,14.204192067759415,14.375868797302246,169966698,14.375868797302246
2010-03-12,14.549029761104837,14.552492696544169,14.326888514703164,14.336288452148438,110548817,14.336288452148438
2010-03-15,14.018166281751864,14.086689021925823,13.753971587306214,13.931586265563965,186853758,13.931586265563965
2010-03-16,13.89819258553005,14.06121104621279,13.871723290941338,13.98155689239502,137774484,13.98155689239502
2010-03-17,14.058241486461018,14.136164166510508,13.95805504822704,13.990460395812988,133362007,13.990460395812988
2010-03-18,13.969680992722273,14.061704521000674,13.926143295074036,14.011240005493164,71354455,14.011240005493164
2010-03-19,13.852922439575195,14.05082126391252,13.785636725637405,13.852922439575195,192486794,13.852922439575195
2010-03-22,13.756692635722992,14.022371576122183,13.711423469872756,13.791077613830566,160792439,13.791077613830566
2010-03-23,13.779699179535104,13.811115659283221,13.407649556005728,13.580810546875,220876809,13.580810546875
2010-03-24,13.494476464765654,13.849210429222126,13.350752334994482,13.786871910095215,263592319,13.786871910095215
2010-03-25,13.828678307312027,14.149768949598771,13.8197728044719,13.924164772033691,157825359,13.924164772033691
2010-03-26,13.983286882852125,14.03573008480771,13.853416384841896,13.919464111328125,108252241,13.919464111328125
2010-03-29,13.927132012683938,13.96968084102766,13.86702034346069,13.913527488708496,124645457,13.913527488708496
2010-03-30,13.922926655270047,14.041666691975877,13.859846484366264,14.018908500671387,79412546,14.018908500671387
2010-03-31,13.977844663559342,14.093863422711639,13.922432959221997,14.029051780700684,121686407,14.029051780700684
2010-04-01,14.133689263573082,14.185638029596387,13.990212350779828,14.070609092712402,84423257,14.070609092712402
2010-04-05,14.122559096305844,14.221013122378247,14.075557511958992,14.125280380249023,76345092,14.125280380249023
2010-04-06,14.086936850153203,14.122311646446924,13.986503193489694,14.056262969970703,82712870,14.056262969970703
2010-04-07,14.03350408184702,14.069374260434243,13.8989336070009,13.940491676330566,103626969,13.940491676330566
2010-04-08,13.935048303515007,14.096583433097386,13.854157130122891,14.038202285766602,78191988,14.038202285766602
2010-04-09,14.038204741436,14.06986938704362,13.95187193292412,14.006789207458496,82572346,14.006789207458496
2010-04-12,14.034740441144567,14.199245031509253,14.006787845701027,14.167827606201172,94448695,14.167827606201172
2010-04-13,14.162879685047134,14.567334615249964,14.128246543278118,14.51513957977295,157078570,14.51513957977295
2010-04-14,14.596525998400894,14.65292657111984,14.446864859892925,14.570304870605469,136618166,14.570304870605469
2010-04-15,14.648722266731626,14.788983470359353,14.552741362456231,14.726150512695312,271485795,14.726150512695312
2010-04-16,13.927133605058193,14.070857749769392,13.596395777911074,13.609258651733398,491254466,13.609258651733398
2010-04-19,13.574625621724753,13.704248895062909,13.481860444370575,13.608020782470703,156343827,13.608020782470703
2010-04-20,13.708703455592156,13.844510965718909,13.631769641051497,13.730225563049316,119542401,13.730225563049316
2010-04-21,13.765350894143175,13.859104943819187,13.658979294677465,13.711917877197266,96018557,13.711917877197266
2010-04-22,13.655021772392868,13.667390210446614,13.441043436978138,13.532819747924805,131719875,13.532819747924805
2010-04-23,13.537520244195873,13.588726413263709,13.414328398892183,13.481613159179688,83889263,13.481613159179688
2010-04-26,13.481119969134616,13.481614403620117,13.091259324508725,13.151371002197266,175407013,13.151371002197266
2010-04-27,13.08482506490653,13.316862567381346,13.042277183861323,13.087546348571777,154364435,13.087546348571777
2010-04-28,13.16274877676067,13.230281703338614,12.888906917661922,13.090764045715332,136754676,13.090764045715332
2010-04-29,13.194165997779642,13.271593295381367,13.028425320033906,13.160274505615234,122814620,13.160274505615234
2010-04-30,13.138753050200554,13.300781665496942,12.997997427567302,13.00442886352539,97781139,13.00442886352539
2010-05-03,13.024220249568614,13.183034114765908,12.989093617230651,13.125642776489258,74590540,13.125642776489258
2010-05-04,13.0247146989568,13.030157266831823,12.472824487419585,12.526256561279297,243963019,12.526256561279297
2010-05-05,12.392921942811316,12.757551251043937,12.380306286671296,12.610116958618164,183975008,12.610116958618164
2010-05-06,12.58513137202175,12.802077266832578,11.37918495039746,12.33577823638916,200753664,12.33577823638916
2010-05-07,12.36793768193134,12.500282249783146,11.906833040855256,12.198981285095215,204322993,12.198981285095215
2010-05-10,12.714260351329477,12.93318682775225,12.680370754043379,12.904243469238281,165738910,12.904243469238281
2010-05-11,12.756313220815791,12.860457968908749,12.57202084328214,12.592552185058594,133402157,12.592552185058594
2010-05-12,12.666517817771563,12.666517817771563,12.418154481864239,12.502015113830566,154649500,12.502015113830566
2010-05-13,12.776847284029104,12.91290296190517,12.625207447952421,12.637823104858398,133530637,12.637823104858398
2010-05-14,12.610364327196525,12.640543773157761,12.275915407741275,12.554952621459961,165257111,12.554952621459961
2010-05-17,12.536398160496953,12.575483107242098,12.32786238972086,12.565835952758789,112170874,12.565835952758789
2010-05-18,12.616053197204279,12.64004937088858,12.29619956545419,12.328357696533203,113443627,12.328357696533203
2010-05-19,12.27616230282472,12.354826634043995,12.065399673895222,12.2308931350708,138344613,12.2308931350708
2010-05-20,11.999351780743229,12.011967437525886,11.720561773399604,11.750494003295898,197268650,11.750494003295898
2010-05-21,11.603305577405992,11.99761990341161,11.488029413653436,11.677270889282227,389084940,11.677270889282227
2010-05-24,11.89199094901764,12.116111840751815,11.794773956232195,11.803678512573242,174475535,11.803678512573242
2010-05-25,11.580793744290705,11.810851620304874,11.478382356086756,11.801451683044434,121148398,11.801451683044434
2010-05-26,11.925138896181975,12.115369226490015,11.750245505010085,11.761872291564941,139545096,11.761872291564941
2010-05-27,11.996382773281159,12.178450211761966,11.899907433411718,12.132685661315918,112785168,12.132685661315918
2010-05-28,12.189085867220909,12.206648707745195,11.948143813593187,12.013202667236328,116226017,12.013202667236328
2010-06-01,11.884570468111747,12.147527194130177,11.87690105085498,11.932560920715332,107071833,11.932560920715332
2010-06-02,12.039177446976852,12.217039344647468,11.91004954635089,12.204670906066895,102012942,12.204670906066895
2010-06-03,12.24771314960563,12.566577897299892,12.237571560458814,12.507208824157715,146575349,12.507208824157715
2010-06-04,12.36175297568912,12.597499690226606,12.28704601731795,12.337015151977539,157399770,12.337015151977539
2010-06-07,12.345425137237212,12.39118968085169,11.951853472045006,12.010481834411621,145852650,12.010481834411621
2010-06-08,12.068120044726143,12.09260970312231,11.813078083426195,11.992176055908203,107806577,11.992176055908203
2010-06-09,12.052535918486948,12.093600499270382,11.676033556320846,11.72600269317627,109569158,11.72600269317627
2010-06-10,11.883084920288386,12.084199445409455,11.771024479374024,12.047341346740723,103502504,12.047341346740723
2010-06-11,11.935776741798726,12.089395256021096,11.914007417563925,12.084199905395508,71535130,12.084199905395508
2010-06-14,12.23212903921636,12.232623473656885,11.952844619750977,11.952844619750977,81921917,11.952844619750977
2010-06-15,11.950123447102166,12.378575520805084,11.927860636377659,12.318958282470703,171022641,12.318958282470703
2010-06-16,12.273935589860331,12.467628866181887,12.27245133930776,12.40009593963623,91915234,12.40009593963623
2010-06-17,12.454025074785424,12.5138885876754,12.286800134140503,12.370658874511719,79388456,12.370658874511719
2010-06-18,12.430770665532318,12.45451867417998,12.322420376077368,12.36942195892334,115346733,12.36942195892334
2010-06-21,12.36620623391984,12.392674579217015,11.994899223353876,12.085684776306152,119787316,12.085684776306152
2010-06-22,12.118832683150474,12.28457241422021,12.015677744575317,12.028541564941406,89120799,12.028541564941406
2010-06-23,12.044373392888941,12.044373392888941,11.828416352723414,11.92464542388916,81468223,11.92464542388916
2010-06-24,11.865521964162053,11.941959444588274,11.70720254132755,11.752718925476074,76027907,11.752718925476074
2010-06-25,11.801204225057944,11.815799513441302,11.640411677190224,11.692854881286621,90144622,11.692854881286621
2010-06-28,11.690629451776545,11.81332687166464,11.602069796175277,11.67801284790039,70756221,11.67801284790039
2010-06-29,11.464280556578727,11.491738714453302,11.15951574768253,11.237191200256348,140609069,11.237191200256348
2010-06-30,11.254509109407472,11.325505917452439,11.001198598222231,11.006887435913086,144668227,11.006887435913086
2010-07-01,11.015299293356874,11.092233109016151,10.726862130522058,10.87182331085205,141070793,10.87182331085205
2010-07-02,10.92451386011335,10.940839670067726,10.78548968071828,10.799095153808594,77730264,10.799095153808594
2010-07-06,10.983388307185153,11.074173865237883,10.726862061018819,10.78722095489502,102787835,10.78722095489502
2010-07-07,10.842632807831441,11.16372348681075,10.770152690760312,11.136759757995605,125657235,11.136759757995605
2010-07-08,11.219628620951124,11.313136403051914,11.123400502243193,11.294088363647461,107156148,11.294088363647461
2010-07-09,11.675044574658127,11.707202704674108,11.447955190801057,11.564468383789062,173909421,11.564468383789062
2010-07-12,11.685186550414342,11.860079954292031,11.653275636565859,11.770777702331543,133875926,11.770777702331543
2010-07-13,11.9295918173065,12.195270782103886,11.880859711606636,12.101516723632812,159648166,12.101516723632812
2010-07-14,12.118337778896825,12.216050145991959,12.033735501690831,12.15445327758789,125187481,12.15445327758789
2010-07-15,12.164102070146972,12.237571999349761,11.940229346959033,12.22075080871582,195056389,12.22075080871582
2010-07-16,11.604790600124403,11.640411666366376,11.367311457754068,11.369538307189941,314165171,11.369538307189941
2010-07-19,11.404168823841445,11.617898978564773,11.31783603406271,11.532060623168945,182694226,11.532060623168945
2010-07-20,11.404664578385239,11.947897424506913,11.394027607575298,11.913265228271484,162787890,11.913265228271484
2010-07-21,11.97288148940649,12.014933987583577,11.76088184777535,11.812088012695312,131675710,11.812088012695312
2010-07-22,11.953834025124156,12.096074863630664,11.93528136646285,11.992919921875,86230004,11.992919921875
2010-07-23,11.892980616302145,12.13590138099419,11.874179793346984,12.122791290283203,90915501,12.122791290283203
2010-07-26,12.09879561040477,12.13985924639815,11.994650849001678,12.09582805633545,80107140,12.09582805633545
2010-07-27,12.135653394158153,12.306835686158577,12.125511805231001,12.186365127563477,98415508,12.186365127563477
2010-07-28,12.243508519270275,12.251176989004353,11.939981659362232,11.981539726257324,100214225,11.981539726257324
2010-07-29,12.02111967439936,12.093599782344391,11.857358637001465,11.997370719909668,107421137,11.997370719909668
2010-07-30,11.865274466050428,12.055999231156537,11.85265786342618,11.993907928466797,86085465,11.993907928466797
2010-08-02,12.09632116244094,12.202443650107933,12.04560942931941,12.131447792053223,74626675,12.131447792053223
2010-08-03,12.133674681569813,12.182159565553995,12.041156717827551,12.11709976196289,72362219,12.11709976196289
2010-08-04,12.17523378673575,12.541841790428814,12.147280242579642,12.525020599365234,153071607,12.525020599365234
2010-08-05,12.514382639118605,12.581420180841489,12.45674503471904,12.569051742553711,97178890,12.569051742553711
2010-08-06,12.502261644173894,12.510671765597042,12.27096767636252,12.37412166595459,133277692,12.37412166595459
2010-08-09,12.424338597170072,12.504734392300216,12.402322057407059,12.501023292541504,75168699,12.501023292541504
2010-08-10,12.426812561992591,12.517103675214766,12.333303836269858,12.460454940795898,83270954,12.460454940795898
2010-08-11,12.312527416271283,12.319207018065851,12.158413506800622,12.164350509643555,89253294,12.164350509643555
2010-08-12,11.97139786062337,12.238809236193008,11.936024010977492,12.171029090881348,88514535,12.171029090881348
2010-08-13,12.096569640753,12.150744314883378,12.022605274051486,12.031015396118164,77678069,12.031015396118164
2010-08-16,11.964964904957544,12.118089913138352,11.886299633870806,12.012212753295898,52395658,12.012212753295898
2010-08-17,12.084943043664225,12.237572695773947,12.023099898206603,12.134170532226562,75911472,12.134170532226562
2010-08-18,12.132191165080386,12.142828137077583,11.912276741799074,11.927118301391602,107858771,11.927118301391602
2010-08-19,11.89891749314075,11.936023757008135,11.558530628853852,11.576342582702637,157588475,11.576342582702637
2010-08-20,11.576342422645858,11.665890941951112,11.404417525097738,11.429155349731445,157291365,11.429155349731445
2010-08-23,11.416291419888289,11.583268182592896,11.323031801545751,11.479866027832031,119895720,11.479866027832031
2010-08-24,11.322290367475047,11.338864342120692,11.154570988660058,11.166197776794434,110922211,11.166197776794434
2010-08-25,11.131813114159518,11.325011977211158,11.131813114159518,11.246099472045898,104072633,11.246099472045898
2010-08-26,11.281720413888479,11.311405425365246,11.142697188793045,11.156054496765137,71346425,11.156054496765137
2010-08-27,11.195140792234652,11.378938758324416,11.07367945808232,11.350242614746094,92842698,11.350242614746094
2010-08-30,11.358158401637146,11.37324907120936,11.1916760738258,11.198355674743652,49440624,11.198355674743652
2010-08-31,11.134532007608001,11.252282233359413,11.0823369692777,11.132307052612305,78163883,11.132307052612305
2010-09-01,11.255003607421644,11.501388249003565,11.193654901047996,11.387348175048828,129616018,11.387348175048828
2010-09-02,11.449439381067526,11.488772493494697,11.386853641925175,11.457849502563477,67620512,11.457849502563477
2010-09-03,11.639422371429275,11.673064751424329,11.563231161214112,11.633980751037598,101996882,11.633980751037598
2010-09-07,11.490504500575534,11.566943885939764,11.453893614426686,11.488030433654785,68652365,11.488030433654785
2010-09-08,11.507571949736088,11.688401395221572,11.490749812971721,11.640905380249023,96432101,11.640905380249023
2010-09-09,11.82025252591532,11.883827131932325,11.640905435659274,11.779436111450195,97588419,11.779436111450195
2010-09-10,11.849691172637304,11.868738265779008,11.752225068689743,11.778446197509766,79268006,11.778446197509766
2010-09-13,11.896196543056679,11.981540478750132,11.86230694376725,11.930087089538574,89996068,11.930087089538574
2010-09-14,11.923654122635007,11.99143521228549,11.8759118358443,11.884570121765137,88992319,11.884570121765137
2010-09-15,11.872696377964902,11.920686830222444,11.836826200192963,11.889764785766602,96472251,11.889764785766602
2010-09-16,11.872696904529967,11.934539101799526,11.859337701737964,11.900155067443848,79075287,11.900155067443848
2010-09-17,11.966696789488267,12.150990115252826,11.903122184558416,12.125015258789062,226509844,12.125015258789062
2010-09-20,12.183150338184733,12.626195823937687,12.172265202401054,12.573505401611328,176800216,12.573505401611328
2010-09-21,12.608137107498708,12.862932817266588,12.589089067813234,12.701643943786621,179321632,12.701643943786621
2010-09-22,12.686802262670275,12.808510814154655,12.657612631784053,12.764477729797363,101864387,12.764477729797363
2010-09-23,12.730092442696346,12.855758352028104,12.648211448981824,12.702138900756836,93043447,12.702138900756836
2010-09-24,12.906469507137796,13.057120461749165,12.820383923925888,13.04376220703125,134779299,13.04376220703125
2010-09-27,13.082352556313275,13.280251360798948,13.082352556313275,13.120943069458008,124761892,13.120943069458008
2010-09-28,13.196886955609079,13.199608239574637,12.825084548270326,13.040794372558594,146735949,13.040794372558594
2010-09-29,13.057613947712795,13.183528015902741,12.979938491652007,13.053656578063965,87213678,13.053656578063965
2010-09-30,13.090020938024125,13.157059427542622,12.836710432098386,13.0066556930542,130250387,13.0066556930542
2010-10-01,13.110800274084342,13.126137213274687,12.937638349984644,13.002449989318848,89333594,13.002449989318848
2010-10-04,12.985877488497424,13.067510320794982,12.83497931544725,12.92155933380127,77910939,12.92155933380127
2010-10-05,13.070726810155692,13.358175102299207,13.025456692535379,13.314390182495117,140809819,13.314390182495117
2010-10-06,13.339867996000219,13.356936402447463,13.10931569080057,13.218406677246094,110906151,13.218406677246094
2010-10-07,13.264419034004074,13.288909640931658,13.089525638833258,13.111047744750977,96191202,13.111047744750977
2010-10-08,13.179323643112614,13.298805338564351,13.051925313280961,13.267882347106934,114796679,13.267882347106934
2010-10-11,13.320573714246809,13.471966322856673,13.288167419436792,13.329479217529297,105445761,13.329479217529297
2010-10-12,13.361141626405928,13.506350011907985,13.303504020954108,13.392559051513672,150706777,13.392559051513672
2010-10-13,13.531335094881065,13.543456316212366,13.415811719210932,13.439807891845703,122682126,13.439807891845703
2010-10-14,13.46157560906981,13.488045848858837,13.286683156290694,13.381179809570312,266358649,13.381179809570312
2010-10-15,14.824357001154455,14.88298442312947,14.634621098907083,14.878284454345703,595214680,14.878284454345703
2010-10-18,14.856021902343546,15.329494037948363,14.856021902343546,15.28051471710205,284992232,15.28051471710205
2010-10-19,15.061341230290688,15.209023688167145,14.91316433795586,15.03610897064209,184203863,15.03610897064209
2010-10-20,15.04377708736615,15.272351669402424,15.027945713145602,15.039819717407227,141532518,15.039819717407227
2010-10-21,15.127143094505882,15.238213718668975,14.990839264406521,15.139016151428223,117257870,15.139016151428223
2010-10-22,15.137285504552247,15.209023967571625,15.091026518878735,15.152376174926758,90582257,15.152376174926758
2010-10-25,15.228070767011406,15.45441754348771,15.212733827845566,15.250581741333008,126809538,15.250581741333008
2010-10-26,15.166474626671798,15.367589154744929,15.115269403654313,15.302531242370605,100892759,15.302531242370605
2010-10-27,15.232524164395562,15.337162406452052,15.147427449349241,15.24984073638916,90012128,15.24984073638916
2010-10-28,15.338398995227823,15.361899785911628,15.171422235464611,15.302035331726074,87699492,15.302035331726074
2010-10-29,15.264682578241432,15.31242676072313,15.16375448705512,15.181317329406738,91473585,15.181317329406738
2010-11-01,15.231533449956677,15.353489204006289,15.119721179034846,15.213475227355957,123946848,15.213475227355957
2010-11-02,15.30426030132267,15.337161027398267,15.20308500388519,15.228317260742188,80203500,15.228317260742188
2010-11-03,15.275319779761208,15.382431138214699,15.176369431047778,15.341614723205566,135726838,15.341614723205566
2010-11-04,15.451943711785214,15.582556808278103,15.389110756500742,15.442791938781738,143367369,15.442791938781738
2010-11-05,15.415827048896832,15.472971165802669,15.364620881085685,15.462827682495117,70892731,15.462827682495117
2010-11-08,15.436606546074994,15.571919609290706,15.414590006168751,15.504633903503418,84367048,15.504633903503418
2010-11-09,15.58453607704478,15.605561853529425,15.349778234058322,15.456396102905273,89823423,15.456396102905273
2010-11-10,15.388615613977494,15.411373804811333,15.275566311426182,15.408405303955078,100254375,15.408405303955078
2010-11-11,15.329740961599247,15.333452061490966,15.193933459972177,15.267650604248047,90803081,15.267650604248047
2010-11-12,15.18849054842316,15.26047717052226,14.872347089589017,14.92380142211914,136228712,14.92380142211914
2010-11-15,14.918606920602615,14.941366060789537,14.69522863075069,14.730355262756348,139677591,14.730355262756348
2010-11-16,14.663318002200716,14.79022000753227,14.433012889484797,14.439691543579102,132791878,14.439691543579102
2010-11-17,14.471356024697588,14.582674818285309,14.381558390940599,14.435486793518066,98066204,14.435486793518066
2010-11-18,14.570304825644133,14.841920776310085,14.559419690373563,14.757318496704102,103988318,14.757318496704102
2010-11-19,14.768202573802197,14.790219114206632,14.603452661771339,14.61557388305664,92244464,14.61557388305664
2010-11-22,14.532456067910365,14.68013852205274,14.415696604868238,14.625221252441406,87791837,14.625221252441406
2010-11-23,14.521078079079068,14.570552783175446,14.30314140606731,14.422127723693848,86828238,14.422127723693848
2010-11-24,14.528500254900898,14.75831094726872,14.522067870453135,14.717988014221191,96215292,14.717988014221191
2010-11-26,14.606420844403749,14.668759364391397,14.520829698421986,14.595041275024414,52640573,14.595041275024414
2010-11-29,14.57451039468,14.59009549977992,14.346432128153337,14.39986515045166,114816754,14.39986515045166
2010-11-30,14.207160539505256,14.207160539505256,13.687427541642073,13.746797561645508,285763111,13.746797561645508
2010-12-01,13.927134160937888,14.139133842156435,13.912291654248577,13.960529327392578,150726852,13.960529327392578
2010-12-02,14.067148127712372,14.182671515199132,13.985267123853195,14.145318031311035,102298006,14.145318031311035
2010-12-03,14.086689143692595,14.260592723609765,14.050819914187624,14.174507141113281,105642495,14.174507141113281
2010-12-06,14.361767491153783,14.397143232087897,14.263807908227065,14.307098388671875,84065923,14.307098388671875
2010-12-07,14.626458066487416,14.669254113993983,14.49609218621388,14.524292945861816,122144116,14.524292945861816
2010-12-08,14.643775141031092,14.657380613287627,14.438949511115013,14.608400344848633,70539412,14.608400344848633
2010-12-09,14.69102433213541,14.733076836161265,14.57030559921221,14.632148742675781,75036204,14.632148742675781
2010-12-10,14.672717973284,14.693744698936136,14.602216543321397,14.649712562561035,68443585,14.649712562561035
2010-12-13,14.771172747856921,14.916628357620542,14.696218567103333,14.709329605102539,96299607,14.709329605102539
2010-12-14,14.770429643175103,14.800114653782266,14.656390516752937,14.71650218963623,65978380,14.71650218963623
2010-12-15,14.698939051081197,14.75459797125029,14.574014791828937,14.602462768554688,87033003,14.602462768554688
2010-12-16,14.665543204714012,14.688301395595149,14.547297604629966,14.637341499328613,64115423,14.637341499328613
2010-12-17,14.619779110618559,14.65837057271603,14.537403677398302,14.614831924438477,123946848,14.614831924438477
2010-12-20,14.71007134669501,14.789972714143362,14.561894452094915,14.720212936401367,79227857,14.720212936401367
2010-12-21,14.807041910587941,14.959177120859842,14.783292954206315,14.918359756469727,75461793,14.918359756469727
2010-12-22,14.941365701740766,15.015577281217,14.92355374814786,14.97822380065918,48481040,14.97822380065918
2010-12-23,14.97451301660772,14.990838824594116,14.892632023500743,14.947053909301758,44598542,14.947053909301758
2010-12-27,14.910195449536335,14.935922142975068,14.830046868162112,14.901290893554688,48505130,14.901290893554688
2010-12-28,14.893125908822741,14.938147855712886,14.793186696537838,14.81569766998291,42751645,14.81569766998291
2010-12-29,14.891890992332748,14.90203258164543,14.815698833528959,14.86715316772461,40920808,14.86715316772461
2010-12-30,14.792939818507802,14.875315244892477,14.777850096797124,14.814214706420898,39728356,14.814214706420898
2010-12-31,14.761772444724413,14.803331459969474,14.645258303387573,14.693249702453613,61802787,14.693249702453613
2011-01-03,14.755339612013403,14.980696576306247,14.755339612013403,14.95002269744873,94962614,14.95002269744873
2011-01-04,14.981440271742095,14.995292013617266,14.845383658884215,14.894858360290527,73253547,14.894858360290527
2011-01-05,14.84414821908557,15.097953173664628,14.843653784623475,15.066784858703613,101671667,15.066784858703613
2011-01-06,15.106609892715646,15.29832542673543,15.091025735874736,15.176369667053223,82620526,15.176369667053223
2011-01-07,15.235986780282598,15.293872550003822,15.0930052444927,15.249096870422363,84363033,15.249096870422363
2011-01-10,15.208529729515876,15.223125018418957,15.054168612852331,15.193934440612793,63404769,15.193934440612793
2011-01-11,15.280513988523367,15.307477714302745,15.20110706166109,15.238460540771484,57787794,15.238460540771484
2011-01-12,15.321084764875355,15.321084764875355,15.20778728260516,15.259735107421875,65552790,15.259735107421875
2011-01-13,15.262207318995282,15.328998589173981,15.192695712321465,15.255281448364258,53560006,15.255281448364258
2011-01-14,15.272845750134245,15.442791958596624,15.264930063207295,15.44056510925293,94978674,15.44056510925293
2011-01-18,15.487069894752045,15.881136022189551,15.467527421645654,15.82275676727295,145222296,15.82275676727295
2011-01-19,15.884351935238607,15.905130493411935,15.576124184301865,15.627824783325195,136754676,15.627824783325195
2011-01-20,15.639205315077994,15.685464297006279,15.418548323165318,15.504633903503418,220254485,15.504633903503418
2011-01-21,15.821519986366265,15.874705786332251,15.12343161641147,15.135058403015137,357511035,15.135058403015137
2011-01-24,15.029677437802812,15.151384081509802,14.872841322986302,15.116504669189453,184657557,15.116504669189453
2011-01-25,15.04526197765332,15.35423140498054,15.003702963586859,15.33493709564209,146418764,15.33493709564209
2011-01-26,15.345325607254598,15.39875862431385,15.220402297428487,15.250581741333008,81829572,15.250581741333008
2011-01-27,15.284966221611537,15.32974000439048,15.170184504434994,15.257755279541016,81070738,15.257755279541016
2011-01-28,15.314157175755966,15.346069036266666,14.836479503312562,14.86690616607666,169878368,14.86690616607666
2011-01-31,14.931470757696202,14.952991917374748,14.732334911188651,14.851322174072266,112616538,14.851322174072266
2011-02-01,14.953486135508529,15.17265983514571,14.919349320069323,15.115516662597656,110223602,15.115516662597656
2011-02-02,15.11452627631761,15.197149869503752,15.028686964928248,15.139263153076172,70691981,15.139263153076172
2011-02-03,15.076926164044465,15.125658267800391,14.994056297621288,15.093500137329102,60028160,15.093500137329102
2011-02-04,15.093500447972772,15.125411361874447,15.005929663676204,15.114031791687012,62264511,15.114031791687012
2011-02-07,15.093747238348664,15.2973348850755,15.070246446943981,15.19591236114502,72253814,15.19591236114502
2011-02-08,15.211744685302902,15.328011616271525,15.201355878071364,15.297088623046875,68050116,15.297088623046875
2011-02-09,15.259733514197407,15.323556284573735,15.14767402420895,15.250581741333008,73976246,15.250581741333008
2011-02-10,15.186264861938776,15.275319892279121,15.128379092217552,15.249096870422363,93725996,15.249096870422363
2011-02-11,15.183544253495354,15.460849998786689,15.164001778833507,15.448481559753418,103984303,15.448481559753418
2011-02-14,15.419785320786982,15.575630682647198,15.338152487047081,15.538772583007812,85439051,15.538772583007812
2011-02-15,15.518241213080188,15.586763008869859,15.41384923943319,15.439823150634766,83993653,15.439823150634766
2011-02-16,15.476435385860944,15.497955598754563,15.389111817767256,15.44155502319336,67612482,15.44155502319336
2011-02-17,15.36808377071643,15.516507870639721,15.344088545964793,15.467280387878418,59373716,15.467280387878418
2011-02-18,15.485588285619231,15.613727325871299,15.440566332666819,15.586516380310059,129198459,15.586516380310059
2011-02-22,15.337905779708436,15.459118948206235,15.03462611482363,15.094985008239746,146141730,15.094985008239746
2011-02-23,15.09795258548453,15.206054709097403,14.94136557631675,15.122442245483398,116017237,15.122442245483398
2011-02-24,15.124174893709352,15.166228346020159,14.875811550080886,15.060600280761719,108874565,15.060600280761719
2011-02-25,15.135801256825333,15.20654990373074,15.077421049148377,15.090779304504395,77585724,15.090779304504395
2011-02-28,15.089789883882444,15.250335212326371,15.040561451617279,15.173895835876465,91602065,15.173895835876465
2011-03-01,15.282245483910028,15.317868444795511,14.825100096952585,14.86121654510498,133426247,14.86121654510498
2011-03-02,14.837468848870815,14.990840148137972,14.723429716956263,14.861959457397461,81371863,14.861959457397461
2011-03-03,15.00023982355602,15.126647384559613,14.96610111527464,15.078904151916504,78103658,15.078904151916504
2011-03-04,15.048477560557233,15.064557098720423,14.847363040082687,14.857751846313477,120891439,14.857751846313477
2011-03-07,14.856021841116835,14.933696356480366,14.520830330570753,14.636106491088867,139027162,14.636106491088867
2011-03-08,14.667523334964663,14.792447608770908,14.599990402924558,14.652186393737793,91738575,14.652186393737793
2011-03-09,14.619779289939418,14.70660842313695,14.489909731166495,14.63882827758789,86362499,14.63882827758789
2011-03-10,14.482241272596895,14.51143090470013,14.334064368064782,14.355091094970703,125592995,14.355091094970703
2011-03-11,14.3036365166746,14.347668652024758,14.182670569085623,14.26628303527832,121734587,14.26628303527832
2011-03-14,14.169559666935712,14.305367165221625,14.051315010022783,14.10004711151123,113066217,14.10004711151123
2011-03-15,13.791078315854408,14.125032795041344,13.741603613278286,14.089410781860352,160824559,14.089410781860352
2011-03-16,14.051067710808583,14.095099843380119,13.637210940432325,13.781182289123535,152509508,13.781182289123535
2011-03-17,13.963744333177575,14.075556607354928,13.86627918229931,13.886564254760742,116406692,13.886564254760742
2011-03-18,13.967701460423237,14.050572269346342,13.846489250962954,13.879142761230469,132438559,13.879142761230469
2011-03-21,14.105737435945848,14.342722156374915,14.076052423182917,14.261088371276855,121288923,14.261088371276855
2011-03-22,14.280135990626144,14.328620878578798,14.162386706400422,14.281373023986816,75758903,14.281373023986816
2011-03-23,14.228679893849884,14.408274193541734,14.149768352073325,14.401100158691406,72920303,14.401100158691406
2011-03-24,14.48199287759815,14.555216541921359,14.317984599781528,14.518110275268555,84262658,14.518110275268555
2011-03-25,14.517861936607925,14.518603588287437,14.32886768211912,14.34123706817627,114764559,14.34123706817627
2011-03-28,14.398874212888716,14.471108053137824,14.216807729743163,14.232887268066406,89068604,14.232887268066406
2011-03-29,14.248718382108922,14.394421198850216,14.174754022678826,14.390463829040527,64432607,14.390463829040527
2011-03-30,14.456017624992716,14.483723950590283,14.362015407247023,14.39318561553955,57105245,14.39318561553955
2011-03-31,14.421881122015863,14.549526678618214,14.390712805386865,14.514893531799316,81480268,14.514893531799316
2011-04-01,14.564367887347595,14.723428963649054,14.564367887347595,14.639569282531738,104919797,14.639569282531738
2011-04-04,14.669254936628262,14.712297256575408,14.424354536302248,14.537652015686035,82488031,14.537652015686035
2011-04-05,14.374384574185086,14.384526163315543,13.993428522973332,14.077783584594727,242806701,14.077783584594727
2011-04-06,14.154221551390856,14.227938692659913,14.050819400968523,14.203696250915527,107132058,14.203696250915527
2011-04-07,14.242039640872584,14.363500014810244,14.203943563140248,14.347667694091797,101639547,14.347667694091797
2011-04-08,14.4686340066759,14.4686340066759,14.299678560611175,14.302151679992676,76357137,14.302151679992676
2011-04-11,14.25366562788676,14.30066720891162,14.174506865051532,14.282608985900879,74606600,14.282608985900879
2011-04-12,14.223981618458042,14.271230420020535,14.05205766194367,14.115385055541992,83736694,14.115385055541992
2011-04-13,14.236598659424688,14.288298316512915,14.143585310217865,14.255645751953125,83086265,14.255645751953125
2011-04-14,14.228681870707554,14.334063664506772,14.152244384726421,14.310810089111328,219070062,14.310810089111328
2011-04-15,13.489034815726667,13.500414385723623,13.112285233192141,13.128116607666016,563853569,13.128116607666016
2011-04-18,13.022239260062841,13.05291408464688,12.838688535740069,13.032629013061523,202347616,13.032629013061523
2011-04-19,13.109563234906428,13.132568643681568,12.88569052469402,12.901274681091309,107766427,12.901274681091309
2011-04-20,13.009376356212485,13.03213454699496,12.897811304341097,13.005170822143555,122858785,13.005170822143555
2011-04-21,13.048710588685703,13.068253063094518,12.922549291725542,12.989587783813477,99174342,12.989587783813477
2011-04-25,12.993299001573154,13.036588538021501,12.913149471013096,12.988350868225098,65476506,12.988350868225098
2011-04-26,13.024714747212409,13.294847407451194,12.992308451459182,13.180560111999512,140524754,13.180560111999512
2011-04-27,13.30869904034923,13.311421271466852,13.218407919511652,13.302762985229492,92280599,13.302762985229492
2011-04-28,13.310184498737861,13.339622293644304,13.211729524197002,13.307957649230957,80299860,13.307957649230957
2011-04-29,13.358173171678187,13.459596633911133,13.321314128650368,13.459596633911133,169773978,13.459596633911133
2011-05-02,13.499177552614464,13.499920151499927,13.286931614278465,13.322552680969238,85667905,13.322552680969238
2011-05-03,13.287177914683939,13.407895690479767,13.101647552369643,13.20702838897705,83572079,13.20702838897705
2011-05-04,13.238693288174307,13.33343620888638,13.185506540023102,13.254030227661133,84997401,13.254030227661133
2011-05-05,13.206287173934442,13.343826143941778,13.147906021817999,13.216429710388184,80211530,13.216429710388184
2011-05-06,13.31240854013725,13.394289529318137,13.238939566144058,13.241907119750977,82552271,13.241907119750977
2011-05-09,13.234486315045086,13.320820058342726,13.138010983000829,13.300782203674316,78240168,13.300782203674316
2011-05-10,13.358174479184939,13.467760855798836,13.297320206450244,13.423974990844727,82022292,13.423974990844727
2011-05-11,13.361638529314567,13.44599170036609,13.20208206630285,13.24561882019043,93902656,13.24561882019043
2011-05-12,13.240424418107585,13.282477868618734,13.133311159603752,13.235724449157715,58149143,13.235724449157715
2011-05-13,13.224839982790296,13.257246277490617,13.087300064021283,13.099668502807617,84664157,13.099668502807617
2011-05-16,13.019520251631759,13.04326826090825,12.774372635929168,12.824341773986816,118771522,12.824341773986816
2011-05-17,12.75037757788017,13.140980808369493,12.740483205345878,13.122179985046387,132639308,13.122179985046387
2011-05-18,13.099421434960135,13.118963909454665,13.004430346377688,13.106101036071777,78420843,13.106101036071777
2011-05-19,13.17833261324064,13.272582994676174,13.10387381735453,13.141722679138184,99118132,13.141722679138184
2011-05-20,13.155327586416407,13.16002755532535,12.94085574843112,12.963119506835938,93047462,12.963119506835938
2011-05-23,12.779319516266272,12.863427362838268,12.700160750162519,12.823599815368652,92344839,12.823599815368652
2011-05-24,12.87257905399994,12.961385915136319,12.817661788253806,12.820383071899414,76284867,12.820383071899414
2011-05-25,12.797376992785994,12.931947445660112,12.79539736086081,12.855262756347656,52259149,12.855262756347656
2011-05-26,12.80653031119342,12.9158704157429,12.739740931865501,12.817167282104492,85057626,12.817167282104492
2011-05-27,12.825827184116383,12.90770818459125,12.771898780696484,12.88569164276123,70093747,12.88569164276123
2011-05-31,12.987113556196864,13.087299993650804,12.950007292844953,13.08655834197998,107894906,13.08655834197998
2011-06-01,13.062315834031427,13.18996044139076,12.994782903765953,13.001956939697266,118679178,13.001956939697266
2011-06-02,13.050689669331385,13.1182216507275,12.924775585780731,13.062809944152832,88510520,13.062809944152832
2011-06-03,12.91290159535042,13.051430378183374,12.900533156995849,12.939617156982422,70202152,12.939617156982422
2011-06-06,12.950996185797155,13.032134577748245,12.844872753771284,12.889647483825684,77975179,12.889647483825684
2011-06-07,12.93491727547281,12.977961487172404,12.838441940149101,12.839430809020996,76590006,12.839430809020996
2011-06-08,12.777588480018927,12.894100722252258,12.759034875368284,12.842894554138184,66383894,12.842894554138184
2011-06-09,12.863427689774504,12.863427689774504,12.755572778945607,12.782536506652832,67817246,12.782536506652832
2011-06-10,12.716980736111022,12.781546107076064,12.598489806578067,12.603931427001953,97961814,12.603931427001953
2011-06-13,12.61605217816581,12.621000311157102,12.422358914066416,12.485686302185059,97455925,12.485686302185059
2011-06-14,12.57028870999535,12.716980395368095,12.54159351655332,12.57573127746582,94011061,12.57573127746582
2011-06-15,12.493106632297252,12.575234835897248,12.383768435215561,12.44165325164795,83242849,12.44165325164795
2011-06-16,12.438192252049939,12.53120465695458,12.286305205587855,12.377832412719727,110693357,12.377832412719727
2011-06-17,12.521556780876502,12.534172436486614,11.992672011849262,11.998113632202148,210602442,11.998113632202148
2011-06-20,11.997619094121347,12.02804575540693,11.85488477782315,11.987228393554688,121598077,11.987228393554688
2011-06-21,12.051793405411583,12.218771106088617,11.990939137454232,12.195516586303711,111030616,12.195516586303711
2011-06-22,12.157174938273895,12.179438696123677,12.040415475760181,12.047341346740723,96644896,12.047341346740723
2011-06-23,11.926622348865656,11.94468057195691,11.71882822751574,11.879373550415039,192787918,11.879373550415039
2011-06-24,11.8907541770183,11.892485644740093,11.701265494224067,11.74727725982666,152794573,11.74727725982666
2011-06-27,11.72550781035501,12.081726032925705,11.715612491375447,11.943197250366211,138304463,11.943197250366211
2011-06-28,11.973376660871514,12.274924831779346,11.973376660871514,12.211597442626953,109011074,12.211597442626953
2011-06-29,12.283087578498947,12.374863890062908,12.180179862050217,12.308568000793457,94071286,12.308568000793457
2011-06-30,12.417906056660913,12.533676644275143,12.405784835882027,12.52650260925293,97500090,12.52650260925293
2011-07-01,12.535408608875436,12.892616624786006,12.526502159325537,12.88890552520752,146013250,12.88890552520752
2011-07-05,12.994535817859877,13.244383414239527,12.994535817859877,13.171160697937012,154545110,13.171160697937012
2011-07-06,13.197381176478174,13.321315625982699,13.186001606330919,13.243392944335938,108228151,13.243392944335938
2011-07-07,13.382910769556972,13.622369532775831,13.256255990721673,13.521439552307129,158010049,13.521439552307129
2011-07-08,13.183776460032185,13.300041490547011,13.04326803899843,13.160027503967285,191523195,13.160027503967285
2011-07-11,13.065778008312323,13.258729618348882,12.99948117291826,13.043514251708984,113997696,13.043514251708984
2011-07-12,13.065283226158819,13.343825992899925,13.011851155051632,13.209997177124023,114073981,13.209997177124023
2011-07-13,13.283963824488822,13.457124822595567,13.27109905586324,13.315132141113281,112026334,13.315132141113281
2011-07-14,13.336404772293449,13.407648796863512,13.029908462379607,13.084578514099121,266976958,13.084578514099121
2011-07-15,14.78057317812108,14.848601489890012,14.549526408608376,14.783541679382324,551342851,14.783541679382324
2011-07-18,14.656637096369282,14.893126407661805,14.644515875430736,14.717244148254395,179401931,14.717244148254395
2011-07-19,14.746929946886224,14.958186064375244,14.731840224208437,14.905495643615723,119144917,14.905495643615723
2011-07-20,14.896343818957908,14.91242241048213,14.727386474609375,14.727386474609375,89446014,14.727386474609375
2011-07-21,14.69473315514876,15.041798652099825,14.694237773532546,15.015329360961914,139300182,15.015329360961914
2011-07-22,14.975749213882654,15.324793399940553,14.948043836350271,15.293376922607422,141656982,15.293376922607422
2011-07-25,15.172907430183525,15.470992686384541,15.164001926666563,15.311930656433105,125733520,15.311930656433105
2011-07-26,15.288925602882859,15.522693654872022,15.268394258622028,15.39950180053711,94067271,15.39950180053711
2011-07-27,15.267404593914096,15.360664219519752,14.959919389502993,15.02101993560791,157965884,15.02101993560791
2011-07-28,14.970802940899912,15.237718932303938,14.916628268606193,15.113042831420898,124802042,15.113042831420898
2011-07-29,14.947054047512559,15.212486719834382,14.933695793151855,14.933695793151855,166116320,14.933695793151855
2011-08-01,15.119969453465107,15.225844729992888,14.8221314211401,15.0098876953125,159238637,15.0098876953125
2011-08-02,14.990838898443233,15.08162539482224,14.633879026438713,14.654411315917969,128503865,14.654411315917969
2011-08-03,14.70067100545496,14.9166280396248,14.43746611811837,14.871358871459961,153601587,14.871358871459961
2011-08-04,14.706360742430931,14.813968433325384,14.285083646539128,14.286319732666016,197320845,14.286319732666016
2011-08-05,14.410501214889438,14.595041767361165,13.902395942142228,14.323920249938965,238052949,14.323920249938965
2011-08-08,13.92663809650829,14.075556633271978,13.465781632916457,13.50709342956543,300987964,13.50709342956543
2011-08-09,13.877657780467045,14.214334477266316,13.38315799169038,14.184649467468262,259758001,14.184649467468262
2011-08-10,13.887059443093252,13.954839587801452,13.549393858510307,13.581058502197266,215589063,13.581058502197266
2011-08-11,13.700044708694339,14.063189792457067,13.566216826089498,13.905613899230957,193948251,13.905613899230957
2011-08-12,14.087927723304736,14.11266460308959,13.862817002422965,13.946183204650879,126644924,13.946183204650879
2011-08-15,13.690396811394768,13.976360825363393,13.507834949456115,13.784398078918457,286867234,13.784398078918457
2011-08-16,13.665659008870202,13.66590622608531,13.118220639418965,13.333436012268066,278616423,13.333436012268066
2011-08-17,13.358916048021653,13.449455331284968,13.129847976786895,13.18872356414795,163775579,13.18872356414795
2011-08-18,12.949265608216889,12.984392239305677,12.38080049668972,12.489398002624512,252571164,12.489398002624512
2011-08-19,12.352353464723276,12.73652429321256,12.142579705536777,12.144064903259277,217211120,12.144064903259277
2011-08-22,12.467627646512295,12.541840166880748,12.23336614092753,12.323410034179688,196971541,12.323410034179688
2011-08-23,12.455259735107608,12.898306132445986,12.34542614751396,12.834236145019531,174523715,12.834236145019531
2011-08-24,12.846852240278777,13.110800668585215,12.794904419239682,12.944812774658203,144318923,12.944812774658203
2011-08-25,13.120199728497154,13.290640362585494,12.821371906535411,12.864415168762207,132213719,12.864415168762207
2011-08-26,12.86317966354632,13.121931788615521,12.693727890626267,13.033124923706055,144391193,13.033124923706055
2011-08-29,13.223603565041245,13.344568560396672,13.198865740896528,13.335415840148926,93782206,13.335415840148926
2011-08-30,13.313399829337065,13.43213987444675,13.130838904365815,13.375490188598633,120008140,13.375490188598633
2011-08-31,13.475429561237878,13.514019129136788,13.259225305341623,13.381922721862793,108135806,13.381922721862793
2011-09-01,13.376727632244052,13.452917895208234,13.140979966471429,13.172643661499023,96982155,13.172643661499023
2011-09-02,12.974002536590454,13.059346468821886,12.88148551609474,12.983156204223633,96408011,12.983156204223633
2011-09-06,12.635844240798027,12.931702655525328,12.628422987666513,12.917354583740234,109039179,12.917354583740234
2011-09-07,13.121933429004178,13.25774189209536,13.046484809060477,13.210493087768555,110645177,13.210493087768555
2011-09-08,13.204801472627368,13.335909948282339,13.157800839252552,13.23349666595459,95576908,13.23349666595459
2011-09-09,13.14543278165126,13.225828579299073,12.892864871863196,12.983403205871582,131242091,12.983403205871582
2011-09-12,12.812962996039898,13.16002756870251,12.80158342600172,13.11376953125,107216373,13.11376953125
2011-09-13,13.160275260374469,13.20678241111674,12.947533935099207,13.09892749786377,94520965,13.09892749786377
2011-09-14,13.174870205383666,13.28272511582127,13.007398054651569,13.162007331848145,108179971,13.162007331848145
2011-09-15,13.246856873601162,13.48136657105572,13.223604245956356,13.421502113342285,118875912,13.421502113342285
2011-09-16,13.47691507749953,13.5273786512345,13.435850494739503,13.523420333862305,141901897,13.523420333862305
2011-09-19,13.366832585162197,13.603073742987144,13.243887955214479,13.523172378540039,99106087,13.523172378540039
2011-09-20,13.590705212429345,13.816310344957065,13.42422193646618,13.522183418273926,111580670,13.522183418273926
2011-09-21,13.5484046518786,13.729234105669763,13.329973553045498,13.338383674621582,100948969,13.338383674621582
2011-09-22,13.018034666089001,13.080619454060662,12.71500225604254,12.879752159118652,176671736,12.879752159118652
2011-09-23,12.778331442457986,13.02224108695828,12.727372486331902,12.999730110168457,111508400,12.999730110168457
2011-09-26,13.042772897201335,13.183281320818962,12.696449971558318,13.157554626464844,105762945,13.157554626464844
2011-09-27,13.313646659844366,13.532572190867555,13.260460858318465,13.34184741973877,120887424,13.34184741973877
2011-09-28,13.395280599371327,13.457618174799459,13.053904869881682,13.082104682922363,90871336,13.082104682922363
2011-09-29,13.260214912644695,13.291385123762005,12.848833103302377,13.048958778381348,116699786,13.048958778381348
2011-09-30,12.86862210585959,12.962376162655568,12.724402582034251,12.740730285644531,109352349,12.740730285644531
2011-10-03,12.612342167413713,12.665527967321403,12.244992542683976,12.257855415344238,179646846,12.257855415344238
2011-10-04,12.122047460151851,12.453776008140784,11.88877387426467,12.415679931640625,166975528,12.415679931640625
2011-10-05,12.27838821203074,12.561630931122519,11.892979430997249,12.484944343566895,182043797,12.484944343566895
2011-10-06,12.554210501113953,12.745429706537779,12.432996392948223,12.732566833496094,137485405,12.732566833496094
2011-10-07,12.785009818863038,12.875795369045347,12.623473732191663,12.742708206176758,114664185,12.742708206176758
2011-10-10,12.991566011377467,13.295588252317948,12.942585744870502,13.288166999816895,93236167,13.288166999816895
2011-10-11,13.196393345997453,13.526389539926218,13.196393345997453,13.436841011047363,114563810,13.436841011047363
2011-10-12,13.559288670665238,13.734923718981952,13.472707706207343,13.568441390991211,127588447,13.568441390991211
2011-10-13,13.606289363661439,13.828184343381572,13.556567444708502,13.827937126159668,228356741,13.827937126159668
2011-10-14,14.829303928327308,14.832519646328759,14.534928861901093,14.63659954071045,342474886,14.63659954071045
2011-10-17,14.439691037899822,14.640311131632053,14.298193748778777,14.407285690307617,160928949,14.407285690307617
2011-10-18,14.352369183504585,14.658370114885994,14.283351060406973,14.607657432556152,152601853,14.607657432556152
2011-10-19,14.529239988246916,14.646001342769733,14.328372684434703,14.364984512329102,117699519,14.364984512329102
2011-10-20,14.39466876068192,14.567581566001794,14.335545961301678,14.438453674316406,135666613,14.438453674316406
2011-10-21,14.582921932861739,14.663070516488242,14.513409373267546,14.607163429260254,136148412,14.607163429260254
2011-10-24,14.513902509438434,14.841672744633746,14.508460889294183,14.753854751586914,137589795,14.753854751586914
2011-10-25,14.671727734323726,14.718729317739223,14.418170000438995,14.425838470458984,102000897,14.425838470458984
2011-10-26,14.58391082243638,14.599494979854802,14.171043840346266,14.503761291503906,115354763,14.503761291503906
2011-10-27,14.80333268034345,14.909207964987084,14.67667693917173,14.809515953063965,151778780,14.809515953063965
2011-10-28,14.706854432074458,14.899311611495412,14.700174831365375,14.845877647399902,100696024,14.845877647399902
2011-10-31,14.720956898082944,14.834747867894253,14.63635461204993,14.660348892211914,102695490,14.660348892211914
2011-11-01,14.350142103363803,14.483970918663855,14.267272239604146,14.314271926879883,125472546,14.314271926879883
2011-11-02,14.468881411336541,14.544577240923804,14.359543201308814,14.466901779174805,85153986,14.466901779174805
2011-11-03,14.520829993387741,14.780571937561035,14.43969064999307,14.780571937561035,107192283,14.780571937561035
2011-11-04,14.681624047059072,14.835986115582621,14.655154752443623,14.746931076049805,113817021,14.746931076049805
2011-11-07,14.67716923732983,15.059609524828652,14.650205512005927,15.048477172851562,134799374,15.048477172851562
2011-11-08,15.065051912704368,15.19789186122287,14.931470312518867,15.147674560546875,121630197,15.147674560546875
2011-11-09,14.94779820823031,15.07470116432076,14.809268464264163,14.865917205810547,148996390,14.865917205810547
2011-11-10,14.989108113576615,14.989602547996467,14.633631551127442,14.720707893371582,115166059,14.720707893371582
2011-11-11,14.874575059209656,15.141491054939884,14.807783782372368,15.048973083496094,159676271,15.048973083496094
2011-11-14,15.040314235494797,15.289666431990735,15.03487261497291,15.16400146484375,128026081,15.16400146484375
2011-11-15,15.159053256591083,15.289666356356772,15.10215824905908,15.252065658569336,107441212,15.252065658569336
2011-11-16,15.141243662464174,15.295110341046865,15.104879996869862,15.126152992248535,104731092,15.126152992248535
2011-11-17,15.09102581394625,15.146437517834086,14.762761124973549,14.863937377929688,140255750,14.863937377929688
2011-11-18,14.891891623907144,14.953733820069187,14.687807640610071,14.715761184692383,132000924,14.715761184692383
2011-11-21,14.539631287632526,14.557937677122363,14.151997492073566,14.370923042297363,120501984,14.370923042297363
2011-11-22,14.347667694091797,14.470612318497052,14.229918419919308,14.347667694091797,96572626,14.347667694091797
2011-11-23,14.232639166194682,14.353851371150256,14.103014945983887,14.103014945983887,93380707,14.103014945983887
2011-11-25,13.981309180855996,14.20592356228278,13.885822707671155,13.927133560180664,62730250,13.927133560180664
2011-11-28,14.332083350845513,14.565851375653722,14.261086546539618,14.550267219543457,113580136,14.550267219543457
2011-11-29,14.54260000208661,14.603947762971947,14.38056947207041,14.420149803161621,73546641,14.420149803161621
2011-11-30,14.791703803467374,14.830293368162996,14.646742640272757,14.827324867248535,136389312,14.827324867248535
2011-12-01,14.84241606267361,15.23821464524505,14.81767918405866,15.183050155639648,145366836,15.183050155639648
2011-12-02,15.26418833663271,15.436113239853361,15.244644914627576,15.3460693359375,164040568,15.3460693359375
2011-12-05,15.52615619440301,15.631537032170247,15.396531967131814,15.4769287109375,128379401,15.4769287109375
2011-12-06,15.411128478638966,15.550398924381577,15.343101114996063,15.430423736572266,93408812,15.430423736572266
2011-12-07,15.378720802967146,15.477175768885008,15.290162103153243,15.421022415161133,90630437,15.421022415161133
2011-12-08,15.362889508488257,15.521456145950026,15.220896843574268,15.239449501037598,96885796,15.239449501037598
2011-12-09,15.287689309896276,15.56301542835136,15.263198701387921,15.52071475982666,111062736,15.52071475982666
2011-12-12,15.383668951942722,15.490038657592114,15.344335840662254,15.470497131347656,87683432,15.470497131347656
2011-12-13,15.553861046981583,15.746812657285085,15.407662852013589,15.476433753967285,161731947,15.476433753967285
2011-12-14,15.382925998519662,15.444027483950329,15.151383876379585,15.28941822052002,156733281,15.28941822052002
2011-12-15,15.39949991623077,15.436111742795081,15.304755105329978,15.325782775878906,96705121,15.325782775878906
2011-12-16,15.444029910672509,15.567716204220753,15.373528477079955,15.484599113464355,179040582,15.484599113464355
2011-12-19,15.535308846118753,15.54743101515261,15.337162814965483,15.382431983947754,86061375,15.382431983947754
2011-12-20,15.535061547463533,15.630053583851677,15.53481433023418,15.593689918518066,95886062,15.593689918518066
2011-12-21,15.584784745925065,15.629559481161793,15.311436365469879,15.481135368347168,100290510,15.481135368347168
2011-12-22,15.533825528667816,15.627332367700369,15.510572901121115,15.577116012573242,73165217,15.577116012573242
2011-12-23,15.634011605075525,15.700307497754501,15.598389592104459,15.662211418151855,58365953,15.662211418151855
2011-12-27,15.635248709367223,15.942981131346707,15.634012623163372,15.838095664978027,64496847,15.838095664978027
2011-12-28,15.899937250490671,15.95559617032686,15.784908310993266,15.824488639831543,85406931,15.824488639831543
2011-12-29,15.868769204425227,15.90612363398072,15.713171055317298,15.891281127929688,63252199,15.891281127929688
2011-12-30,15.881881436726733,15.999137243345853,15.881881436726733,15.977861404418945,71559220,15.977861404418945
2012-01-03,16.15201141970281,16.52826654550252,16.13790961946288,16.460485458374023,147611217,16.460485458374023
2012-01-04,16.451086894498935,16.58021574885139,16.3419949495486,16.531482696533203,114989399,16.531482696533203
2012-01-05,16.37934700921349,16.4248633919683,16.233396029359092,16.302165985107422,131808205,16.302165985107422
2012-01-06,16.305631054267433,16.32665872791353,16.074089846033743,16.07978057861328,108119746,16.07978057861328
2012-01-09,15.992703224683472,16.005073558778875,15.367590271319102,15.398017883300781,233776981,15.398017883300781
2012-01-10,15.578353576947832,15.678540020579238,15.260725837455523,15.414838790893555,176483032,15.414838790893555
2012-01-11,15.423744835680326,15.569448619338456,15.364870190261524,15.484599113464355,96359832,15.484599113464355
2012-01-12,15.614716083018635,15.656027880225682,15.497954726753358,15.575630187988281,75289148,15.575630187988281
2012-01-13,15.492018283894934,15.509086690796847,15.363383873921507,15.460601806640625,92637933,15.460601806640625
2012-01-17,15.633517715622009,15.633517715622009,15.477671403440675,15.549409866333008,76658261,15.549409866333008
2012-01-18,15.501171824056595,15.683485530908566,15.389605815082758,15.656522750854492,110882061,15.656522750854492
2012-01-19,15.856399473552637,15.856399473552637,15.620651810971632,15.821271896362305,253157352,15.821271896362305
2012-01-20,14.608152496972668,14.619778336520667,14.389722351422341,14.495844841003418,424637703,14.495844841003418
2012-01-23,14.496091647358696,14.561893101693741,14.425837441665813,14.484217643737793,137027695,14.484217643737793
2012-01-24,14.504008527082933,14.537651855840313,14.298194026045108,14.370675086975098,122690156,14.370675086975098
2012-01-25,14.286072148358043,14.31575715848926,14.010745100179617,14.087678909301758,200255805,14.087678909301758
2012-01-26,14.149274118122753,14.21111725464885,13.96547522899036,14.053292274475098,129531704,14.053292274475098
2012-01-27,14.11959081372927,14.355585713662546,14.083722529024858,14.347174644470215,145242371,14.347174644470215
2012-01-30,14.299429985506459,14.34766765196539,14.184401995394355,14.29052448272705,93569411,14.29052448272705
2012-01-31,14.421879775560122,14.446617599950832,14.227692069099307,14.35038948059082,86017210,14.35038948059082
2012-02-01,14.469871001043186,14.48372463809578,14.326395021791075,14.36820125579834,93175942,14.36820125579834
2012-02-02,14.468140215961974,14.506235349179148,14.39912209077232,14.474076271057129,96950036,14.474076271057129
2012-02-03,14.61136768269286,14.769934315435574,14.546803262123383,14.751628875732422,127215053,14.751628875732422
2012-02-06,14.71897631481045,15.110321180358717,14.694238490141919,15.067278861999512,147735682,15.067278861999512
2012-02-07,15.01928858027679,15.074700285193245,14.935427950433139,15.0098876953125,83997668,15.0098876953125
2012-02-08,15.056145464253031,15.123183950955347,14.959670133285222,15.086077690124512,73731331,15.086077690124512
2012-02-09,15.139758673117818,15.201107378333901,15.065051713340718,15.12590503692627,90927546,15.12590503692627
2012-02-10,15.037347134430776,15.043530406813126,14.941366228020192,14.988614082336426,93356617,14.988614082336426
2012-02-13,15.102158313055632,15.1847809616487,15.090284308736397,15.144210815429688,72924318,15.144210815429688
2012-02-14,15.127883939236643,15.139262561111396,14.96016458725439,15.083850860595703,72418428,15.083850860595703
2012-02-15,15.162270329333433,15.162270329333433,14.905743144543674,14.979955673217773,97399715,14.979955673217773
2012-02-16,14.912175914770918,15.06035281153482,14.786262777185957,15.003704071044922,101615457,15.003704071044922
2012-02-17,14.965359139535478,15.031160593754084,14.901784534588037,14.957196235656738,98331193,14.957196235656738
2012-02-21,14.938150523137026,15.284720689194705,14.913659913302466,15.188739776611328,99603946,15.188739776611328
2012-02-22,15.138274588510836,15.257509064798008,15.008403141340578,15.038829803466797,78974912,15.038829803466797
2012-02-23,15.01557828694169,15.038830915393685,14.85107557832742,14.993561744689941,82508106,14.993561744689941
2012-02-24,15.024236335762492,15.130606997967373,14.978719001346452,15.087316513061523,77714204,15.087316513061523
2012-02-27,15.005434818867604,15.148169140807928,14.967586903675747,15.072720527648926,72827958,15.072720527648926
2012-02-28,15.089789657221266,15.331473380139661,15.032398321439718,15.297334671020508,114330940,15.297334671020508
2012-02-29,15.302531119227465,15.47569210277557,15.22584452594999,15.293872833251953,125946315,15.293872833251953
2012-03-01,15.393069123277114,15.478165836282816,15.291398437539877,15.39653205871582,89843498,15.39653205871582
2012-03-02,15.386637566197392,15.436113217024046,15.345079497123235,15.368084907531738,63167885,15.368084907531738
2012-03-05,15.34780025831746,15.398759210796978,15.123926592642805,15.194923400878906,63970883,15.194923400878906
2012-03-06,15.041553020374772,15.060352896770627,14.690033787787055,14.965113639831543,127451937,14.965113639831543
2012-03-07,15.066288577212005,15.119227163750825,14.987377026252341,15.010629653930664,50769586,15.010629653930664
2012-03-08,15.090777615538666,15.12689500743912,14.999496687751648,15.01904010772705,54021731,15.01904010772705
2012-03-09,15.039078907347303,15.136790336365557,14.842416174354808,14.848601341247559,107224403,14.848601341247559
2012-03-12,14.842415014616877,15.015576941464055,14.824109574183609,14.969812393188477,67010233,14.969812393188477
2012-03-13,15.058866403950804,15.283977097213818,14.979707640597216,15.282244682312012,90168712,15.282244682312012
2012-03-14,15.213475930334793,15.40593311602153,15.175380798504829,15.237966537475586,117916329,15.237966537475586
2012-03-15,15.253057576558314,15.423744506460778,15.209271708905716,15.365118026733398,97769094,15.365118026733398
2012-03-16,15.359179170149682,15.48336083540314,15.338399662332815,15.46183967590332,122477361,15.46183967590332
2012-03-19,15.414343572644238,15.764377590862638,15.367837371137794,15.682991027832031,87237768,15.682991027832031
2012-03-20,15.607296167753768,15.734446341328375,15.517004095806174,15.670870780944824,61850967,15.670870780944824
2012-03-21,15.69857522540977,16.014718699015113,15.646627403214145,15.831415176391602,99154267,15.831415176391602
2012-03-22,15.79480567665185,16.049599518200374,15.609275288362394,15.981572151184082,96769361,15.981572151184082
2012-03-23,15.99517555262186,16.042177133919697,15.854173650305553,15.895979881286621,77898894,15.895979881286621
2012-03-26,15.955597494048956,16.06666907291203,15.82053163530664,16.06270980834961,73040752,16.06270980834961
2012-03-27,16.00581380771002,16.165862795908883,15.95064932440686,16.005565643310547,80588939,16.005565643310547
2012-03-28,16.129499539000005,16.29177631818657,16.10599969722875,16.221769332885742,101936657,16.221769332885742
2012-03-29,16.1643782799218,16.242300001126107,15.938279690731209,16.039949417114258,77260510,16.039949417114258
2012-03-30,16.122574247852626,16.165618462818266,15.856649012490031,15.862585067749023,92774443,15.862585067749023
2012-04-02,15.850956613902856,16.017439882280797,15.70426493027021,16.00309181213379,91710470,16.00309181213379
2012-04-03,15.965739008990244,16.028571965257807,15.798266864683805,15.896720886230469,82102591,15.896720886230469
2012-04-04,15.793566921179432,15.80717239309923,15.611747653020373,15.711934089660645,65348026,15.711934089660645
2012-04-05,15.639948086879947,15.743597463123852,15.54916253140192,15.641927719116211,93095642,15.641927719116211
2012-04-09,15.546935953967266,15.716387740394056,15.468024401756226,15.605316162109375,87635252,15.605316162109375
2012-04-10,15.671612552123877,15.695854048413464,15.449717566394316,15.506861686706543,99652126,15.506861686706543
2012-04-11,15.682743303260462,15.732959655921475,15.616694629512818,15.73197078704834,88289696,15.73197078704834
2012-04-12,15.890042514443175,16.156957538006687,15.838340965641239,16.104267120361328,231127086,16.104267120361328
2012-04-13,16.0186788994905,16.054300914866797,15.424734267554998,15.450956344604492,327595322,15.450956344604492
2012-04-16,15.411375835981652,15.431412745805998,14.88347988998216,14.992572784423828,228537416,14.992572784423828
2012-04-17,15.05416896432118,15.280021332966616,15.015825664698895,15.079153060913086,121409373,15.079153060913086
2012-04-18,15.041552061837036,15.159053176208229,14.911927831652822,15.02670955657959,107180238,15.02670955657959
2012-04-19,14.98317024458028,15.244643648341663,14.817677739094757,14.825098991394043,132277959,14.825098991394043
2012-04-20,14.947549053266929,15.061340008898311,14.739260503433023,14.744949340820312,122794545,14.744949340820312
2012-04-23,14.666779790248713,14.804072486215421,14.599988518569463,14.783044815063477,88241516,14.783044815063477
2012-04-24,14.79887852466763,15.006423539514465,14.776119385139985,14.873832702636719,77453230,14.873832702636719
2012-04-25,14.941364622623999,15.123183879041967,14.913657351745577,15.08286190032959,73117037,15.08286190032959
2012-04-26,15.112300334625246,15.287688162389404,15.082368107622584,15.225102424621582,84013728,15.225102424621582
2012-04-27,15.21397104666232,15.256518931952828,15.104632832267294,15.212982177734375,65701345,15.212982177734375
2012-04-30,15.163754549266391,15.24019298005003,14.857505444480033,14.96239185333252,96652926,14.96239185333252
2012-05-01,14.936169256873093,15.129368094338492,14.84711612013327,14.95200252532959,80392204,14.95200252532959
2012-05-02,14.872099599678574,15.043034672295807,14.8575043123156,15.022008895874023,64701612,15.022008895874023
2012-05-03,15.08038950757051,15.20927114455359,15.063815533837499,15.115021705627441,75000069,15.115021705627441
2012-05-04,14.98886041732961,15.037593466555549,14.76350345319191,14.767460823059082,88626955,14.767460823059082
2012-05-07,14.718727822386636,15.103887488004021,14.718727822386636,15.029181480407715,80079035,15.029181480407715
2012-05-08,14.979214371638236,15.26047844109841,14.859732671276504,15.158806800842285,107493407,15.158806800842285
2012-05-09,15.011123270336775,15.247612572558634,14.88718883479316,15.068760871887207,93501157,15.068760871887207
2012-05-10,15.163011796929425,15.242914109697184,15.09547887025214,15.180328369140625,61666277,15.180328369140625
2012-05-11,15.098447964192802,15.202345507154579,14.960413604307488,14.971793174743652,84290763,14.971793174743652
2012-05-14,14.861710150100159,15.05268308138978,14.856762964205279,14.941365242004395,73249532,14.941365242004395
2012-05-15,14.974761425810039,15.213476659012434,14.93518109437403,15.11724853515625,84399167,15.11724853515625
2012-05-16,15.28669952018602,15.587010682137928,15.236729434144099,15.558067321777344,194128926,15.558067321777344
2012-05-17,15.679280722472924,15.778724561171158,15.367589057172232,15.41261100769043,134654835,15.41261100769043
2012-05-18,15.463324149984757,15.644401773528214,14.760782980045525,14.852311134338379,239835606,14.852311134338379
2012-05-21,14.855032058337805,15.230545551544461,14.842415455118948,15.191459655761719,123477094,15.191459655761719
2012-05-22,15.174886028905592,15.184037801839073,14.743466413757734,14.862205505371094,122533571,14.862205505371094
2012-05-23,14.883232426477628,15.079895157273814,14.771172927027633,15.076431274414062,127600492,15.076431274414062
2012-05-24,15.069009509860727,15.137285035105586,14.814462908722403,14.932954788208008,75935562,14.932954788208008
2012-05-25,14.867154142882727,14.885212367682238,14.552493956516521,14.632891654968262,143813034,14.632891654968262
2012-05-29,14.738765778849404,14.820893044332392,14.553483576283744,14.702402114868164,104618672,14.702402114868164
2012-05-30,14.549525665701985,14.642042687363482,14.43499210294502,14.551257133483887,76553871,14.551257133483887
2012-05-31,14.56337909985003,14.595042797574836,14.322932392056273,14.368943214416504,119177037,14.368943214416504
2012-06-01,14.144574369017219,14.16584830980417,14.059477658677038,14.124536514282227,122774470,14.124536514282227
2012-06-04,14.105735546946232,14.359789589288043,14.100541144004586,14.312788009643555,97672734,14.312788009643555
2012-06-05,14.235112529025159,14.301408417080452,14.012971292283027,14.11043643951416,93946821,14.11043643951416
2012-06-06,14.260593412809314,14.396400920420922,14.189597549220359,14.36176872253418,84146223,14.36176872253418
2012-06-07,14.535672908052684,14.542846943566134,14.279641109333514,14.30388355255127,70603652,14.30388355255127
2012-06-08,14.245008970572151,14.372406353792071,14.213591544519947,14.358799934387207,56627461,14.358799934387207
2012-06-11,14.451811153673482,14.479270260268096,14.018412869005033,14.063187599182129,106842978,14.063187599182129
2012-06-12,14.094605488449236,14.10771652644808,13.817794175854653,13.979082107543945,129451404,13.979082107543945
2012-06-13,13.89546983124261,14.026083884175828,13.820268432227556,13.87988567352295,78460993,13.87988567352295
2012-06-14,13.885079966915121,13.978339589643578,13.766835301393916,13.829421043395996,94147570,13.829421043395996
2012-06-15,13.861333079307617,13.964735240234134,13.780936329215722,13.964487075805664,120497969,13.964487075805664
2012-06-18,13.917732149593627,14.204438756050195,13.834367854495804,14.121321678161621,100250360,14.121321678161621
2012-06-19,14.189102563681901,14.453544480141023,14.177475776696442,14.385517120361328,83359284,14.385517120361328
2012-06-20,14.34296677208107,14.34766674038397,14.187121430535488,14.286070823669434,94219840,14.286070823669434
2012-06-21,14.343710011682354,14.343710011682354,13.945191111484196,13.981802940368652,80753554,13.981802940368652
2012-06-22,14.050821040922473,14.136907577514648,13.996893583730621,14.136907577514648,89450029,14.136907577514648
2012-06-25,14.034246565726972,14.05304644158556,13.787367482524132,13.870237350463867,63501129,13.870237350463867
2012-06-26,13.921196762716347,14.016187849173262,13.840057418243399,13.968692779541016,54210435,13.968692779541016
2012-06-27,14.043398865832213,14.198996060237143,14.001840798087763,14.082978248596191,67945726,14.082978248596191
2012-06-28,13.998872526830755,14.007035431302576,13.783904360366016,13.959539413452148,77124000,13.959539413452148
2012-06-29,14.222992003318204,14.350883817159863,14.154717427074921,14.34939956665039,101157748,14.34939956665039
2012-07-02,14.392691010129564,14.421880640637541,14.261088087626458,14.359295845031738,66468209,14.359295845031738
2012-07-03,14.34791669044418,14.555710834481186,14.298194767210513,14.541362762451172,47758342,14.541362762451172
2012-07-05,14.564368199422034,14.84390079153351,14.558925631646296,14.741487503051758,94187720,14.741487503051758
2012-07-06,14.655649694955889,14.682118041585683,14.417428892132857,14.495598793029785,86796118,14.495598793029785
2012-07-09,14.470118669750704,14.560410735963865,14.378590517407755,14.496339797973633,68861145,14.496339797973633
2012-07-10,14.599741908011733,14.655153612569185,14.316499165825567,14.38972282409668,77212330,14.38972282409668
2012-07-11,14.256139693020762,14.294482988359125,13.975122864529194,14.129732131958008,140496649,14.129732131958008
2012-07-12,14.029052180468785,14.148038496894332,13.9046223489939,14.11216926574707,92738308,14.11216926574707
2012-07-13,14.153478352798842,14.326640267393483,14.064424276305138,14.261580467224121,79336261,14.261580467224121
2012-07-16,14.257872221045487,14.327631998926119,14.14432847145401,14.222003936767578,58723287,14.222003936767578
2012-07-17,14.308830494129694,14.364242197905844,14.060714386841635,14.266777992248535,67455897,14.266777992248535
2012-07-18,14.27296159169543,14.438949489608866,14.251935813868867,14.36646842956543,62160121,14.36646842956543
2012-07-19,14.499555921611092,14.804815214232955,14.496092985966012,14.67073917388916,187688877,14.67073917388916
2012-07-20,15.059114143130326,15.162517246769228,14.79739350729682,15.110074043273926,259517101,15.110074043273926
2012-07-23,14.85428807267399,15.296344634665399,14.799124537669174,15.226090431213379,143002005,15.226090431213379
2012-07-24,15.21347726715951,15.285957384489919,14.949776980636589,15.029679298400879,80677269,15.029679298400879
2012-07-25,15.04823057046424,15.173401100671509,14.975255078184396,15.040066719055176,73193322,15.040066719055176
2012-07-26,15.213476074418432,15.259734110938483,15.090531444685524,15.172906875610352,67660662,15.172906875610352
2012-07-27,15.309704347709236,15.708223251532276,15.27532031510055,15.707234382629395,142520206,15.707234382629395
2012-07-30,15.734196987431126,15.896225608311498,15.572166472166018,15.64143180847168,87795852,15.64143180847168
2012-07-31,15.541492522461052,15.74532831914176,15.540502706440924,15.658004760742188,74903709,15.658004760742188
2012-08-01,15.765119470218657,15.819789524136546,15.61867499247877,15.650832176208496,74060561,15.650832176208496
2012-08-02,15.473466035650013,15.783177117755514,15.421517267543058,15.553614616394043,79404516,15.553614616394043
2012-08-03,15.831911166599463,15.92393470448132,15.73642469302277,15.864811897277832,76168432,15.864811897277832
2012-08-06,15.8222616217303,16.063945337670518,15.812614467234454,15.901668548583984,71563235,15.901668548583984
2012-08-07,15.876189345625539,15.937290833391213,15.74458737984339,15.845268249511719,79569131,15.845268249511719
2012-08-08,15.808411091913614,15.977120287563054,15.794805618560396,15.887076377868652,53086237,15.887076377868652
2012-08-09,15.943476277639874,15.98948709678521,15.869510968511083,15.890043258666992,42972470,15.890043258666992
2012-08-10,15.797031676738518,15.887322799156955,15.736176454780589,15.88138484954834,57599089,15.88138484954834
2012-08-13,16.015461743646178,16.33036913988174,15.997156302035512,16.326906204223633,131205956,16.326906204223633
2012-08-14,16.30810200606305,16.644529565059003,16.301918734561163,16.54088020324707,147016998,16.54088020324707
2012-08-15,16.580957051844948,16.67916385331342,16.42808019996119,16.51317596435547,96789436,16.51317596435547
2012-08-16,16.512435367178078,16.688812063424734,16.501796502174898,16.6450252532959,68965534,16.6450252532959
2012-08-17,16.67595106813073,16.753378372148795,16.616086607515275,16.75065803527832,87434502,16.75065803527832
2012-08-20,16.710085960241717,16.793450257265484,16.639830805957676,16.711074829101562,70587592,16.711074829101562
2012-08-21,16.650965666552093,16.77192972420905,16.38033761899426,16.56191062927246,89221174,16.56191062927246
2012-08-22,16.509217830836207,16.836245460574112,16.492395694752833,16.751644134521484,76654246,16.751644134521484
2012-08-23,16.67966183741884,16.833281320829514,16.59877159002532,16.74224853515625,71635505,16.74224853515625
2012-08-24,16.712560502217173,16.832535683085798,16.67495885747105,16.787513732910156,57277890,16.787513732910156
2012-08-27,16.400621296651703,16.623505140917175,16.307857061506645,16.55473518371582,104939872,16.55473518371582
2012-08-28,16.45034264655264,16.762527779758354,16.44391121036081,16.753376007080078,82652646,16.753376007080078
2012-08-29,16.75634262988179,17.043790854936578,16.726163189973608,17.019548416137695,120060335,17.019548416137695
2012-08-30,16.926290111551328,17.004213735045568,16.825857408114498,16.86296272277832,65319921,16.86296272277832
2012-08-31,16.920354355833275,17.033651834647767,16.822393817318112,16.94731903076172,85402916,16.94731903076172
2012-09-04,16.933957045860314,16.94508844981178,16.660610607744413,16.847129821777344,75867307,16.847129821777344
2012-09-05,16.82140331967295,16.98219680159277,16.800129379099197,16.839214324951172,68584110,16.839214324951172
2012-09-06,16.968837476508803,17.313429846053218,16.938409869117887,17.301307678222656,122196311,17.301307678222656
2012-09-07,17.316152260801584,17.619185654703816,17.25851370435845,17.46828842163086,129804723,17.46828842163086
2012-09-10,17.557588808028054,17.63303837594387,17.27632567034609,17.335201263427734,102783820,17.335201263427734
2012-09-11,17.265687743272597,17.33223180337064,17.093516567196904,17.122953414916992,75232938,17.122953414916992
2012-09-12,17.054184852530856,17.190241485111063,16.84317497891156,17.09054946899414,106088160,17.09054946899414
2012-09-13,17.145214809914997,17.538784573335757,17.08213369768648,17.46556282043457,106758663,17.46556282043457
2012-09-14,17.553629117270294,17.637736013763252,17.489559128840895,17.55560874938965,105132591,17.55560874938965
2012-09-17,17.516775066919973,17.63477063404219,17.439840297674902,17.563034057617188,60558139,17.563034057617188
2012-09-18,17.508605824639318,17.77774863051995,17.483868949776998,17.768348693847656,82981875,17.768348693847656
2012-09-19,17.749056871329753,18.02265151946507,17.7220921963342,17.996429443359375,124396528,17.996429443359375
2012-09-20,17.92147436487486,18.092410400116584,17.84107856289971,18.01176643371582,116731906,18.01176643371582
2012-09-21,18.112941700951385,18.17998018762599,18.061240153016396,18.156972885131836,255317419,18.156972885131836
2012-09-24,18.08301027070752,18.554009296078384,18.064458559300334,18.537683486938477,143086320,18.537683486938477
2012-09-25,18.62846900177668,18.921359866710745,18.49513460789841,18.532241821289062,243248350,18.532241821289062
2012-09-26,18.54930953426825,18.831068982368937,18.33038493989335,18.63861083984375,227766537,18.63861083984375
2012-09-27,18.799155786525105,18.870646076316692,18.593834795249165,18.713809967041016,157833389,18.713809967041016
2012-09-28,18.65567792530446,18.783077197163593,18.581467295338964,18.664337158203125,111757330,18.664337158203125
2012-10-01,18.77689037645486,18.92407648453146,18.706637122516163,18.844423294067383,127194978,18.844423294067383
2012-10-02,18.929028208052525,18.94857068358481,18.5597008052512,18.725934982299805,112026334,18.725934982299805
2012-10-03,18.69451666455213,18.897363600322656,18.607441267153106,18.86223602294922,88663090,18.86223602294922
2012-10-04,18.868422293873472,19.045047165561748,18.78555053149762,18.999528884887695,98535958,18.999528884887695
2012-10-05,19.065331303664095,19.15611781076966,18.924328438776328,18.989635467529297,109846193,18.989635467529297
2012-10-08,18.82513149132866,18.88895331794599,18.655678763785758,18.74696159362793,78637653,18.74696159362793
2012-10-09,18.79223105818285,18.833047477514576,18.36823359498839,18.406824111938477,120578269,18.406824111938477
2012-10-10,18.351659071708863,18.49191933333222,18.26334663415676,18.41844940185547,81901842,18.41844940185547
2012-10-11,18.624759615025614,18.763288411229713,18.56019518606426,18.589632034301758,95713418,18.589632034301758
2012-10-12,18.5987831870173,18.67348824868407,18.407067663984453,18.423147201538086,96528461,18.423147201538086
2012-10-15,18.35363539803084,18.400388814976186,18.07558896291186,18.32988739013672,121216653,18.32988739013672
2012-10-16,18.308863825789405,18.47856283697641,18.218077317504903,18.421913146972656,82636586,18.421913146972656
2012-10-17,18.403356993937887,18.70985136873529,18.312074178799914,18.688823699951172,92059774,18.688823699951172
2012-10-18,18.690065066667877,18.786044073693674,16.722454693365407,17.19246482849121,499561487,17.19246482849121
2012-10-19,17.45418655773749,17.48189193751039,16.62350633832573,16.865684509277344,461009524,16.865684509277344
2012-10-22,16.846388467180912,16.93593792855789,16.566608678276417,16.788503646850586,162832055,16.788503646850586
2012-10-23,16.623752985610864,17.002728447388535,16.623504821206147,16.830060958862305,117101285,16.830060958862305
2012-10-24,16.989617998203308,16.994566131390734,16.70439562876794,16.754613876342773,100234300,16.754613876342773
2012-10-25,16.82140578726113,16.870881440642187,16.66086044619066,16.765995025634766,96403996,16.765995025634766
2012-10-26,16.734821672453425,16.896357746555136,16.60371320471521,16.701427459716797,78324483,16.701427459716797
2012-10-31,16.817941768713727,16.84614158219976,16.69771842038215,16.828826904296875,61710442,16.828826904296875
2012-11-01,16.809036281036317,17.09104199369949,16.78974007651953,17.0091609954834,82311371,17.0091609954834
2012-11-02,17.187271616207788,17.206071492487705,17.00372086927975,17.017324447631836,93324497,17.017324447631836
2012-11-05,16.93272078627269,16.991100039377482,16.71156842274909,16.894624710083008,65681270,16.894624710083008
2012-11-06,16.95696312287232,16.982196326836746,16.76079580028041,16.863950729370117,63549309,16.863950729370117
2012-11-07,16.69771885971938,16.777620227750326,16.487203438793625,16.502788543701172,89626688,16.502788543701172
2012-11-08,16.578976440908978,16.610887350672783,16.109708942414436,16.13593101501465,104269368,16.13593101501465
2012-11-09,16.194310689716712,16.532966057210153,16.086703954508344,16.401609420776367,125030896,16.401609420776367
2012-11-12,16.419421816401943,16.569083905052263,16.348179684231358,16.47260856628418,56446786,16.47260856628418
2012-11-13,16.40087017892982,16.514660196009313,16.28287273301364,16.303157806396484,64007018,16.303157806396484
2012-11-14,16.3429817216972,16.380583363343845,16.091651810925764,16.142362594604492,66986143,16.142362594604492
2012-11-15,16.07928241324902,16.326656863168914,15.928385192260311,16.011503219604492,74233205,16.011503219604492
2012-11-16,15.980090354409343,16.15399491806599,15.732963065842691,16.0095272064209,138043489,16.0095272064209
2012-11-19,16.220284132170676,16.547311756853237,16.216078598214843,16.529748916625977,95083064,16.529748916625977
2012-11-20,16.561910300947073,16.771929391720217,16.43970731794453,16.57328987121582,83861158,16.57328987121582
2012-11-21,16.549047639434427,16.56908454908576,16.336552584834884,16.471866607666016,84804682,16.471866607666016
2012-11-23,16.57328889596102,16.574029600424687,16.477554264820533,16.523813247680664,37038310,16.523813247680664
2012-11-26,16.48596283364797,16.499816467718205,16.30241212773617,16.3551025390625,88514535,16.3551025390625
2012-11-27,16.330861053038007,16.69771621627652,16.277181769854973,16.59159278869629,100724129,16.59159278869629
2012-11-28,16.524802937253302,16.94286527148064,16.42288692339148,16.91219139099121,122136087,16.91219139099121
2012-11-29,17.013862184255867,17.165255752578336,16.870881579844955,17.11553382873535,111476280,17.11553382873535
2012-11-30,17.101182194056292,17.296853182888178,16.962158988930863,17.275827407836914,127018318,17.275827407836914
2012-12-03,17.371562187591767,17.461852348831716,17.170446735494124,17.198646545410156,88028721,17.198646545410156
2012-12-04,17.192464154463053,17.20508075688546,16.96240628188318,17.094257354736328,79966615,17.094257354736328
2012-12-05,17.121964839416986,17.180097831338472,16.87904406449354,17.01485252380371,74775229,17.01485252380371
2012-12-06,17.009161360946443,17.207554611864346,16.932971093310904,17.09673309326172,58711242,17.09673309326172
2012-12-07,17.192467428265797,17.238972688302695,16.881271103281417,16.92555046081543,77059760,16.92555046081543
2012-12-10,16.954739883998165,17.10959638415313,16.915160498620004,16.955482482910156,54872909,16.955482482910156
2012-12-11,17.06877449026191,17.36364492239814,17.012374872481818,17.238967895507812,107906951,17.238967895507812
2012-12-12,17.297103451044638,17.402978715128345,17.154861684704407,17.25579071044922,97403730,17.25579071044922
2012-12-13,17.709971822446093,17.723579190728156,17.30502237707806,17.382946014404297,138312493,17.382946014404297
2012-12-14,17.2956192417692,17.509597578520022,17.277313801784576,17.364635467529297,85523366,17.364635467529297
2012-12-17,17.45220783901954,17.858396196334063,17.41559695371912,17.830196380615234,121871097,17.830196380615234
2012-12-18,17.72679087716311,18.036007516922535,17.688448529105607,17.83736801147461,120646524,17.83736801147461
2012-12-19,17.828458301819087,17.885107977095583,17.728768209799618,17.813615798950195,77031655,17.813615798950195
2012-12-20,17.891540762892816,17.925925739268756,17.73594168820874,17.869277954101562,66528434,17.869277954101562
2012-12-21,17.6617323433265,17.781709417136536,17.576388412797137,17.702795028686523,141568653,17.702795028686523
2012-12-24,17.675091467079632,17.691667335958744,17.500940652673137,17.551158905029297,33762076,17.551158905029297
2012-12-26,17.51578141372504,17.63476772464424,17.375769325622393,17.535572052001953,47473277,17.535572052001953
2012-12-27,17.49277793328636,17.53483138667521,17.281768067408425,17.471750259399414,66142994,17.471750259399414
2012-12-28,17.35795954520088,17.487088401596615,17.3164005279541,17.3164005279541,56290202,17.3164005279541
2012-12-31,17.31614879141433,17.577623115928475,17.21719940222427,17.49871063232422,80195470,17.49871063232422
2013-01-02,17.79655250265822,17.98406061265023,17.725554746055636,17.891294479370117,102033017,17.891294479370117
2013-01-03,17.932852119443755,18.106014039443725,17.828708318551072,17.901683807373047,93075567,17.901683807373047
2013-01-04,18.041948190288522,18.34201119231972,18.000883607249616,18.255430221557617,110954331,18.255430221557617
2013-01-07,18.193090205180386,18.290308139597872,18.072620591520515,18.1757755279541,66476239,18.1757755279541
2013-01-08,18.195316668434916,18.214116541980047,17.9204831281104,18.139904022216797,67295297,18.139904022216797
2013-01-09,18.114426062608615,18.26482885231224,18.02363956370748,18.259140014648438,81291563,18.259140014648438
2013-01-10,18.375652657024187,18.429333841295062,18.144854064255952,18.342256546020508,73703226,18.342256546020508
2013-01-11,18.355118947157763,18.365755916872914,18.21411611014295,18.305397033691406,51600690,18.305397033691406
2013-01-14,18.23143317929409,18.360067595927458,17.869031668238424,17.891294479370117,114985384,17.891294479370117
2013-01-15,17.79432490828462,18.18195963037254,17.61547413516995,17.93285369873047,157696879,17.93285369873047
2013-01-16,17.870268027285668,17.91825847768721,17.654310053286316,17.691911697387695,81239368,17.691911697387695
2013-01-17,17.754253152983136,17.80199544686595,17.588759668592907,17.596181869506836,88791570,17.596181869506836
2013-01-18,17.57243118942392,17.632049381020803,17.349052883035885,17.427719116210938,129555794,17.427719116210938
2013-01-22,17.43142915104805,17.44824939479097,17.205328627177277,17.387147903442383,152264594,17.387147903442383
2013-01-23,18.206449560591334,18.528280916693298,18.201501427407877,18.342750549316406,237249950,18.342750549316406
2013-01-24,18.33631925606786,18.721974294743873,18.318260087180757,18.657161712646484,135815168,18.657161712646484
2013-01-25,18.57207179726136,18.7627966096419,18.559207027042383,18.643810272216797,89369729,18.643810272216797
2013-01-28,18.596560640660385,18.691550791113038,18.500825996876102,18.571081161499023,65327951,18.571081161499023
2013-01-29,18.472620154170574,18.724942716827893,18.46742575147673,18.64405059814453,70145942,18.64405059814453
2013-01-30,18.64553830367652,18.823894641899262,18.625005065758344,18.647764205932617,69579828,18.647764205932617
2013-01-31,18.565635192644166,18.741517465606442,18.559203755860885,18.693775177001953,65613015,18.693775177001953
2013-02-01,18.755867550290432,19.211037145609797,18.75339537771219,19.186298370361328,150405652,19.186298370361328
2013-02-04,18.990622527969578,19.059392485967322,18.75759803914289,18.77614974975586,122075862,18.77614974975586
2013-02-05,18.828346550046245,19.075226580187532,18.78728386275367,18.942386627197266,75108474,18.942386627197266
2013-02-06,18.777387928592912,19.120989575131237,18.763288021463726,19.051973342895508,83435569,19.051973342895508
2013-02-07,19.04034652648961,19.265702547732122,18.936448989628097,19.145479202270508,114033831,19.145479202270508
2013-02-08,19.298355238075224,19.460137591396794,19.284255332268824,19.427978515625,121256803,19.427978515625
2013-02-11,19.255563313308176,19.369353336152333,19.14053436268437,19.355005264282227,87037018,19.355005264282227
2013-02-12,19.338431936207733,19.490566195696708,19.279556349084935,19.312456130981445,74638720,19.312456130981445
2013-02-13,19.298355671574157,19.427484517600867,19.294398301711034,19.365888595581055,48107646,19.365888595581055
2013-02-14,19.28846171600029,19.511345565351192,19.239974935802792,19.48858642578125,69672173,19.48858642578125
2013-02-15,19.47819757975834,19.623159710940133,19.470034674668792,19.61400604248047,109601278,19.61400604248047
2013-02-19,19.690690743653082,19.963050241759387,19.673127901744063,19.959339141845703,117711564,19.959339141845703
2013-02-20,19.920994564883376,20.011781062733228,19.586792879064625,19.60336685180664,110982436,19.60336685180664
2013-02-21,19.740413242944285,19.924706583737915,19.572693875657126,19.679311752319336,140781714,19.679311752319336
2013-02-22,19.771581543689614,19.820809029714667,19.63651568905195,19.78271484375,82463941,19.78271484375
2013-02-25,19.846780121613047,19.997927388198992,19.554633806911603,19.561559677124023,92501423,19.561559677124023
2013-02-26,19.666198274626957,19.689700010803946,19.40398323219503,19.545726776123047,88430220,19.545726776123047
2013-02-27,19.661251073850213,19.90738848528183,19.569972038735756,19.78444480895996,81347773,19.78444480895996
2013-02-28,19.817096474883375,19.962801184425924,19.815366901596168,19.819570541381836,90971711,19.819570541381836
2013-03-01,19.735463432374342,19.966510172910787,19.694647018747386,19.943010330200195,87342157,19.943010330200195
2013-03-04,19.920995347190974,20.354889050911744,19.9135750415812,20.321741104125977,111440145,20.321741104125977
2013-03-05,20.505537527738408,20.783091401761023,20.504794928951828,20.744747161865234,162370331,20.744747161865234
2013-03-06,20.804862076716365,20.878332005096333,20.502571294377503,20.566146850585938,115350748,20.566146850585938
2013-03-07,20.632441365772895,20.6957687533349,20.5216179639432,20.596324920654297,82415761,20.596324920654297
2013-03-08,20.643326797017394,20.6537174984336,20.40955969496459,20.569610595703125,116912581,20.569610595703125
2013-03-11,20.573815909251696,20.77196099469444,20.56911404587194,20.651243209838867,64027093,20.651243209838867
2013-03-12,20.549573635903037,20.57876231904422,20.37542093406945,20.47288703918457,80633104,20.47288703918457
2013-03-13,20.480060821699773,20.54907705294652,20.341778300397415,20.415990829467773,65898080,20.415990829467773
2013-03-14,20.45754868876961,20.45754868876961,20.220070503559963,20.322729110717773,66295564,20.322729110717773
2013-03-15,20.24752853342112,20.292056050140577,20.119884879876903,20.143632888793945,124452737,20.143632888793945
2013-03-18,19.91357539752272,20.105537210514743,19.826251830123674,19.98259162902832,73807616,19.98259162902832
2013-03-19,20.06793612640768,20.266081198634186,19.949442357355633,20.069913864135742,84242583,20.069913864135742
2013-03-20,20.206216515214322,20.22303675763584,20.072882137176684,20.15377426147461,58771467,20.15377426147461
2013-03-21,20.069170651332378,20.20844202857723,20.033548640699443,20.068429946899414,59325536,20.068429946899414
2013-03-22,20.154513962079875,20.16688239966297,20.028353625470697,20.0449275970459,59751126,20.0449275970459
2013-03-25,20.096876436563807,20.265586556082013,19.95859581972724,20.02835464477539,68736680,20.02835464477539
2013-03-26,20.123840607582768,20.13620904548685,19.982589598937928,20.097124099731445,47854701,20.097124099731445
2013-03-27,19.955130030438603,19.963048558427964,19.82278642185851,19.855688095092773,86852328,19.855688095092773
2013-03-28,19.888588341489804,19.922727048726866,19.62414738812229,19.646162033081055,91855009,19.646162033081055
2013-04-01,19.66644574880978,19.84554465769788,19.622907107539497,19.81932258605957,72562968,19.81932258605957
2013-04-02,19.902195743817877,20.15674424482006,19.888838435783597,20.112462997436523,81966082,20.112462997436523
2013-04-03,20.122851670368938,20.141159006063745,19.806460975928925,19.943260192871094,69800653,19.943260192871094
2013-04-04,19.895021904276796,19.93212722196885,19.57467383448573,19.667932510375977,98270968,19.667932510375977
2013-04-05,19.445047096470006,19.468054399647766,19.206085611295137,19.370588302612305,137870844,19.370588302612305
2013-04-08,19.264217088789522,19.28400583067323,19.008185322390045,19.167739868164062,113708616,19.167739868164062
2013-04-09,19.183822297466456,19.38790627921213,19.1247004385187,19.237009048461914,86615444,19.237009048461914
2013-04-10,19.36737319536183,19.600645838985955,19.196190906275454,19.546966552734375,79440651,19.546966552734375
2013-04-11,19.61375809435508,19.61920066207748,19.395574211702993,19.552162170410156,81452163,19.552162170410156
2013-04-12,19.591743125971423,19.594465357243553,19.367622223157547,19.543752670288086,65713390,19.543752670288086
2013-04-15,19.442329821476505,19.71567822225854,19.221425577258497,19.342885971069336,98491793,19.342885971069336
2013-04-16,19.458161806730338,19.69094006391901,19.392114068836793,19.62588119506836,69941178,19.62588119506836
2013-04-17,19.462118383613884,19.563293691177698,19.248140034105145,19.358469009399414,81785407,19.358469009399414
2013-04-18,19.42748573320716,19.438619033418178,18.8315633838315,18.946592330932617,133398142,18.946592330932617
2013-04-19,19.02698823921279,19.874985029144465,18.95524977604303,19.786672592163086,232998073,19.786672592163086
2013-04-22,19.804728520985172,19.88784464647581,19.17145089540075,19.792606353759766,115768308,19.792606353759766
2013-04-23,19.814625549015272,20.173317854233005,19.798792280183196,19.985313415527344,92035684,19.985313415527344
2013-04-24,19.990507023265234,20.235159243318616,19.987786686684956,20.122604370117188,73438237,20.122604370117188
2013-04-25,20.19187052384291,20.197313091863233,19.97863476279056,20.014997482299805,79986690,20.014997482299805
2013-04-26,19.97789478882546,19.981355830293175,19.70528709844304,19.825016021728516,99880980,19.825016021728516
2013-04-29,19.870285385656327,20.35142696292941,19.86410021873651,20.261383056640625,92376959,20.261383056640625
2013-04-30,20.25989791363404,20.473630003817675,20.227244399855984,20.397686004638672,92613843,20.397686004638672
2013-05-01,20.365279820954246,20.401394374598247,20.19459195311793,20.295272827148438,58418148,20.295272827148438
2013-05-02,20.28710758133459,20.644560920360565,20.261133673032734,20.52235984802246,81034603,20.52235984802246
2013-05-03,20.7041806842729,20.94759587315244,20.680432676149547,20.920879364013672,100880714,20.920879364013672
2013-05-06,20.98371039313066,21.319891681471358,20.98371039313066,21.312469482421875,85973045,21.312469482421875
2013-05-07,21.348588950882736,21.369862893490385,21.043329659889505,21.20560646057129,78653713,21.20560646057129
2013-05-08,21.199920538886403,21.617486602684437,21.09874521537059,21.611303329467773,99102072,21.611303329467773
2013-05-09,21.542279830780018,21.760463694795376,21.47771541126371,21.55811309814453,88353936,21.55811309814453
2013-05-10,21.65285809689557,21.78223321273039,21.5749344723495,21.774564743041992,76192522,21.774564743041992
2013-05-13,21.74141749679066,21.829978094861204,21.605116505728272,21.707775115966797,58157173,21.707775115966797
2013-05-14,21.707033226441414,21.983844540782645,21.69812961728329,21.94451332092285,63408784,21.94451332092285
2013-05-15,22.15230689097083,22.668822316599467,22.11569600723565,22.656702041625977,160033605,22.656702041625977
2013-05-16,22.733635265018737,22.757877709730078,22.313347011235983,22.359357833862305,128865215,22.359357833862305
2013-05-17,22.5114945363028,22.597332911002173,22.276488495188833,22.49071502685547,112098604,22.49071502685547
2013-05-20,22.387308703141553,22.773211928857535,22.387308703141553,22.474632263183594,91248746,22.474632263183594
2013-05-21,22.462014786772894,22.552058679831642,22.20449970962836,22.4360408782959,79617311,22.4360408782959
2013-05-22,22.32694963351752,22.49392638833224,21.939068673275877,22.001901626586914,102807910,22.001901626586914
2013-05-23,21.694661882978664,22.015258073225343,21.620451257772746,21.837890625,91345105,21.837890625
2013-05-24,21.651620514952885,21.73968477912555,21.54648594973993,21.60363006591797,92216359,21.60363006591797
2013-05-28,21.855457455737486,22.069187638271465,21.778770862408486,21.80029296875,90638467,21.80029296875
2013-05-29,21.662754496324485,21.71915602038633,21.380254335920004,21.479698181152344,80837869,21.479698181152344
2013-05-30,21.51952467611369,21.741665931339988,21.432695544731263,21.54030418395996,85145956,21.54030418395996
2013-05-31,21.474996819465794,21.69466400455104,21.46015431409619,21.551681518554688,79071272,21.551681518554688
2013-06-03,21.595713400947066,21.61970767823762,21.15093648777657,21.462873458862305,99399181,21.462873458862305
2013-06-04,21.46831781997103,21.53609891212217,21.12743651575212,21.251867294311523,75024159,21.251867294311523
2013-06-05,21.336220948520918,21.50789769067057,21.203134722286816,21.26671028137207,84587872,21.26671028137207
2013-06-06,21.380501131402028,21.430719384117552,20.957986966612445,21.388912200927734,103550684,21.388912200927734
2013-06-07,21.53189333246883,21.76887709569252,21.40573298074931,21.762197494506836,107385002,21.762197494506836
2013-06-10,21.820824960661895,22.040988480711246,21.7711030398853,22.021692276000977,93862506,22.021692276000977
2013-06-11,21.86708410028634,21.942039228615855,21.757003286676525,21.764177322387695,70567517,21.764177322387695
2013-06-12,21.90394133283036,21.917298639830122,21.512843703074587,21.57048225402832,88522565,21.57048225402832
2013-06-13,21.49627264827976,21.760467372663665,21.410186109579772,21.694665908813477,83106340,21.694665908813477
2013-06-14,21.771348760860416,21.885140660963472,21.623666318491203,21.646177291870117,90136592,21.646177291870117
2013-06-17,21.74982654480958,22.002147219122655,21.726326702738213,21.92348289489746,86173794,21.92348289489746
2013-06-18,21.982853676345748,22.288359211447776,21.975431476874494,22.278959274291992,87000883,22.278959274291992
2013-06-19,22.297515414812256,22.531776954683107,22.201780775929237,22.280447006225586,117073180,22.280447006225586
2013-06-20,22.11495406569369,22.288362281308256,21.850759342561886,21.886133193969727,135385563,21.886133193969727
2013-06-21,21.975184102410076,22.01327828353978,21.59744380118858,21.791879653930664,159889066,21.791879653930664
2013-06-24,21.568007470834473,21.677842001653524,21.35452357525864,21.516305923461914,121128323,21.516305923461914
2013-06-25,21.70109632851824,21.760960786892717,21.385696391690807,21.427501678466797,102510801,21.427501678466797
2013-06-26,21.61426758462108,21.71940025811621,21.535603255614372,21.611793518066406,73530581,21.611793518066406
2013-06-27,21.739193834274438,21.88489667243476,21.68600897370014,21.69639778137207,77348840,21.69639778137207
2013-06-28,21.642714469818586,21.814391189683842,21.62515162918177,21.778026580810547,94324230,21.778026580810547
2013-07-01,21.928430410594313,22.06770368668282,21.892562128796957,21.96380615234375,69250599,21.96380615234375
2013-07-02,22.021197776949972,22.04098841606414,21.701344146247056,21.826021194458008,75943592,21.826021194458008
2013-07-03,21.766402357829026,21.99571764387404,21.73177110839335,21.927936553955078,42036977,21.927936553955078
2013-07-05,22.016496403720893,22.150078946855196,21.95044678379718,22.102582931518555,68331166,22.102582931518555
2013-07-08,22.24408124460967,22.418726480439183,22.19139082375121,22.389535903930664,79075287,22.389535903930664
2013-07-09,22.53573758028583,22.58397430770983,22.213656122488203,22.39324951171875,79472771,22.39324951171875
2013-07-10,22.348967427683124,22.539197765954782,22.273023433270048,22.411800384521484,68592140,22.411800384521484
2013-07-11,22.58520809312813,22.77840692825599,22.474384687197702,22.764307022094727,103755449,22.764307022094727
2013-07-12,22.75836804779837,22.83258056640625,22.64061878119697,22.83258056640625,103113050,22.83258056640625
2013-07-15,22.86474153365951,22.956268735534845,22.66832603387601,22.874387741088867,78713937,22.874387741088867
2013-07-16,22.93474878500611,22.955526397788617,22.607472967909263,22.74872398376465,79617311,22.74872398376465
2013-07-17,22.783106913734677,22.928069028482224,22.666842834536524,22.722501754760742,60469809,22.722501754760742
2013-07-18,22.733382112766424,22.758367150911827,22.342532687475696,22.527814865112305,145924920,22.527814865112305
2013-07-19,21.932391440190845,22.33660014620584,21.6602800912758,22.17951774597168,295475379,22.17951774597168
2013-07-22,22.313099196877165,22.57704573358892,22.18941102069969,22.52831268310547,116563276,22.52831268310547
2013-07-23,22.528313847605787,22.58520980538525,22.25298772681761,22.357627868652344,82134711,22.357627868652344
2013-07-24,22.443218302257574,22.518419702630652,22.280941496484886,22.335363388061523,83451629,22.335363388061523
2013-07-25,22.111983089926486,22.185699285813353,21.919278690101354,21.959354400634766,120493954,21.959354400634766
2013-07-26,21.941792391977465,22.01600492590726,21.81835426279137,21.90122413635254,71374530,21.90122413635254
2013-07-29,21.890086317811527,22.13548111643825,21.790890654450262,21.825027465820312,75959652,21.825027465820312
2013-07-30,21.903941341640447,22.155024993288098,21.79039570736534,22.03900718688965,70487217,22.03900718688965
2013-07-31,22.090215542020818,22.17729094281043,21.921753578221885,21.960590362548828,87265872,21.960590362548828
2013-08-01,22.13993703785224,22.37617819357765,22.13993703785224,22.36801528930664,85856610,22.36801528930664
2013-08-02,22.3487182722324,22.436784431421174,22.28390758048041,22.4261474609375,68812965,22.4261474609375
2013-08-05,22.396958130245878,22.400174795764073,22.24383310639361,22.387310028076172,52584363,22.387310028076172
2013-08-06,22.379641188163134,22.503823797838404,22.157994372651626,22.178773880004883,60469809,22.178773880004883
2013-08-07,22.140925153560666,22.225280213184483,21.99373713973615,22.03232765197754,55374783,22.03232765197754
2013-08-08,22.152059241619785,22.16071847547287,21.899738525402867,22.082054138183594,59743096,22.082054138183594
2013-08-09,22.03010500366581,22.152802429247696,22.016251365763722,22.026395797729492,53146462,22.026395797729492
2013-08-12,21.93956495787183,21.94203902456094,21.80969350615777,21.905179977416992,55286453,21.905179977416992
2013-08-13,21.93783332066843,21.97914417202586,21.67487375369799,21.7997989654541,57004870,21.7997989654541
2013-08-14,21.728554276589815,21.77456509546488,21.45124854127242,21.516801834106445,83600184,21.516801834106445
2013-08-15,21.38396217431319,21.395836178619557,21.22465387945935,21.265718460083008,75048249,21.265718460083008
2013-08-16,21.30579214073802,21.33448828242259,21.188537296157325,21.197690963745117,67255147,21.197690963745117
2013-08-19,21.21748104405599,21.57097896219616,21.21104960709042,21.413896560668945,72707508,21.413896560668945
2013-08-20,21.480684192107294,21.573696587951268,21.361697887234282,21.408205032348633,49504863,21.408205032348633
2013-08-21,21.537582114405673,21.692438608309676,21.434923502121716,21.50493049621582,70555472,21.50493049621582
2013-08-22,21.58829430074017,21.63900508904261,21.527687245931997,21.613279342651367,34926424,21.613279342651367
2013-08-23,21.715196035788363,21.719401570308424,21.515319482990282,21.526697158813477,43245489,21.526697158813477
2013-08-26,21.52150460560321,21.642718729447907,21.423792223083446,21.43220329284668,42257801,21.43220329284668
2013-08-27,21.264731427929068,21.36640117779542,20.974809060663123,21.030467987060547,69623993,21.030467987060547
2013-08-28,21.032942048723978,21.160585711626364,20.97159238972882,20.990888595581055,53395392,20.990888595581055
2013-08-29,21.003748842842537,21.28352863762624,20.99187483899862,21.16107749938965,59361671,21.16107749938965
2013-08-30,21.1692440957518,21.22564561880066,20.91692338702343,20.950071334838867,74743109,20.950071334838867
2013-09-03,21.134613582638003,21.42725820581526,21.124471044364498,21.283533096313477,82210996,21.283533096313477
2013-09-04,21.28278758239857,21.60808378404894,21.15464949173822,21.561824798583984,81954037,21.561824798583984
2013-09-05,21.608083431011035,21.76590842524053,21.56133001184472,21.757991790771484,51845604,21.757991790771484
2013-09-06,21.829237311831303,21.86238526096268,21.614021912530347,21.75848960876465,62698130,21.75848960876465
2013-09-09,21.861145819934457,22.010065304571885,21.828740473300936,21.9680118560791,49569103,21.9680118560791
2013-09-10,22.016744956404274,22.06572427589157,21.86782547142204,21.983348846435547,51697050,21.983348846435547
2013-09-11,21.980134884169658,22.188670685042247,21.91928155315495,22.169376373291016,64665477,22.169376373291016
2013-09-12,22.19930613784273,22.2116745769986,22.016497992867762,22.091947555541992,43984248,22.091947555541992
2013-09-13,22.127567402302997,22.156757976707304,21.888604028490153,21.993242263793945,53214717,21.993242263793945
2013-09-16,22.169624187233232,22.18941293317009,21.88934992327016,21.960840225219727,53660381,21.960840225219727
2013-09-17,21.952180133225355,21.976422575308664,21.79361254924932,21.920021057128906,50564822,21.920021057128906
2013-09-18,21.92595891295937,22.36183034739027,21.844820515107656,22.34575080871582,77678069,22.34575080871582
2013-09-19,22.411799364646605,22.411799364646605,22.149830578259003,22.22379493713379,64155573,22.22379493713379
2013-09-20,22.223794786665955,22.365788395976566,22.15527299569305,22.34055519104004,174463490,22.34055519104004
2013-09-23,22.168385562078704,22.30295698120393,21.89751125604272,21.929670333862305,71362485,21.929670333862305
2013-09-24,21.929670659351956,22.018723799765432,21.803510307246693,21.938079833984375,59694916,21.938079833984375
2013-09-25,21.930905951209734,21.930905951209734,21.660031639264886,21.700353622436523,66207234,21.700353622436523
2013-09-26,21.72682468269521,21.836905500572406,21.645189949955324,21.723608016967773,50584897,21.723608016967773
2013-09-27,21.64073628852384,21.707526614685232,21.55390905395251,21.679574966430664,50540732,21.679574966430664
2013-09-30,21.498743415185544,21.789654606926547,21.479695376680965,21.66769790649414,69154239,21.66769790649414
2013-10-01,21.775057037257696,21.95860775168929,21.77011079901944,21.942035675048828,67644602,21.942035675048828
2013-10-02,21.836410228789518,22.000418498129946,21.71494984488369,21.966529846191406,60036190,21.966529846191406
2013-10-03,21.966771923173038,22.117669125638113,21.57344843363674,21.672149658203125,84997401,21.672149658203125
2013-10-04,21.645188915471927,21.707281169599838,21.52150263044689,21.579635620117188,54523605,21.579635620117188
2013-10-07,21.458422141685286,21.620204497708922,21.37579854877688,21.416120529174805,51937949,21.416120529174805
2013-10-08,21.405735084185867,21.422060894927455,21.067079649670646,21.117544174194336,78039419,21.117544174194336
2013-10-09,21.18210358810978,21.339680397292156,20.853098229218443,21.171714782714844,106449509,21.171714782714844
2013-10-10,21.369118735065204,21.492558741573536,21.27932300221117,21.477964401245117,90550137,21.477964401245117
2013-10-11,21.423295914485976,21.60758925666297,21.405238637465796,21.570730209350586,56567236,21.570730209350586
2013-10-14,21.43888038447157,21.67611230610524,21.407463905953232,21.67264747619629,49930453,21.67264747619629
2013-10-15,21.66398757852763,21.908145342370602,21.62045083081735,21.81859588623047,63914673,21.81859588623047
2013-10-16,21.91408395660839,22.222311725918257,21.868071244792183,22.214889526367188,80604999,22.214889526367188
2013-10-17,22.090218045863452,22.18694155978582,21.91062465618148,21.98632049560547,170902191,21.98632049560547
2013-10-18,24.158011013620197,25.119799706572834,24.09418918585491,25.01961326599121,464390148,25.01961326599121
2013-10-21,25.0208507099586,25.207369957304,24.72622838570032,24.818994522094727,145675990,24.818994522094727
2013-10-22,24.86104679869102,25.058945607052117,24.63321481522114,24.910520553588867,88675135,24.910520553588867
2013-10-23,24.762094534769723,25.596982112778733,24.75294276188744,25.514358520507812,106927293,25.514358520507812
2013-10-24,25.525739822321263,25.74095520886696,25.35084641859903,25.369400024414062,83997668,25.369400024414062
2013-10-25,25.450291037849457,25.450291037849457,25.003040007468485,25.11336898803711,81524432,25.11336898803711
2013-10-28,25.1133675515898,25.31695519813049,25.05869749890933,25.10841941833496,46521724,25.10841941833496
2013-10-29,25.20984501483765,25.65115905469239,25.071316215871235,25.63384437561035,64440637,25.63384437561035
2013-10-30,25.663280187707663,25.665259819973503,25.38053186859727,25.489871978759766,53162522,25.489871978759766
2013-10-31,25.45301140428208,25.76445395345011,25.330313993242957,25.49382781982422,65845885,25.49382781982422
2013-11-01,25.523756811999345,25.62790250306419,25.358265262491674,25.406253814697266,51524405,25.406253814697266
2013-11-04,25.516585574708362,25.538107681189434,25.282324047593168,25.383251190185547,45722740,25.383251190185547
2013-11-05,25.240768125217503,25.52029980176641,25.168288951301072,25.269710540771484,47433127,25.269710540771484
2013-11-06,25.370636084945396,25.40526733416932,25.117572791973057,25.300134658813477,36652871,25.300134658813477
2013-11-07,25.296670647756862,25.329324157821517,24.92635252659548,24.93402099609375,67435822,24.93402099609375
2013-11-08,24.953811880681545,25.195001179931836,24.9476267139176,25.133899688720703,51825529,25.133899688720703
2013-11-11,24.972612102383955,25.131427864354794,24.93526051439828,24.99932861328125,44670812,24.99932861328125
2013-11-12,24.927839493486314,25.1717491443979,24.861049160275773,25.02876853942871,48906630,25.02876853942871
2013-11-13,24.904336461510546,25.549980686857445,24.89815129515952,25.54058074951172,63412799,25.54058074951172
2013-11-14,25.576450865532546,25.720670390210962,25.48813842889182,25.608858108520508,46842923,25.608858108520508
2013-11-15,25.599950282797337,25.677377576610063,25.48714724802114,25.56754493713379,51243355,25.56754493713379
2013-11-18,25.6217198022957,25.943058619924305,25.460680041244746,25.517822265625,70651832,25.517822265625
2013-11-19,25.52203048647711,25.596983719470064,25.307555805525528,25.360740661621094,45433661,25.360740661621094
2013-11-20,25.47824272275903,25.562597784866625,25.241010804847733,25.289249420166016,38692487,25.289249420166016
2013-11-21,25.405266748010312,25.685046543898135,25.38052987136613,25.58016014099121,43835693,25.58016014099121
2013-11-22,25.564081588360402,25.632108948946787,25.460185944695695,25.526233673095703,50356042,25.526233673095703
2013-11-25,25.65659974931817,26.053139970270397,25.603661163802364,25.873546600341797,64761837,25.873546600341797
2013-11-26,25.93959744094491,26.25870848360784,25.79958344777647,26.182270050048828,91794785,26.182270050048828
2013-11-27,26.271815978326828,26.419498421935707,26.22159962830266,26.298532485961914,45112461,26.298532485961914
2013-11-29,26.275033759911942,26.38536083601395,26.20799527077068,26.211458206176758,47890836,26.211458206176758
2013-12-02,26.308430791689318,26.378685953734823,25.99302895017385,26.085052490234375,55133884,26.085052490234375
2013-12-03,25.99772839050727,26.306698788668545,25.94998610075227,26.054872512817383,67295297,26.054872512817383
2013-12-04,26.00811846184542,26.320057353680436,25.97422791573709,26.17658042907715,47842656,26.17658042907715
2013-12-05,26.152336930239894,26.21319025437162,26.00119154160328,26.155799865722656,45517975,26.155799865722656
2013-12-06,26.463781552382326,26.468975956013118,26.223581113735534,26.465761184692383,57366220,26.465761184692383
2013-12-09,26.493466528670364,26.773494516871374,26.419996595871016,26.670337677001953,59526286,26.670337677001953
2013-12-10,26.62111145843547,27.02086646257103,26.60874112478619,26.83162498474121,74433955,26.83162498474121
2013-12-11,26.89940779419362,26.996377576619704,26.59686881703505,26.64931297302246,68728650,26.64931297302246
2013-12-12,26.705711507684516,26.78907580727431,26.44423714475263,26.467985153198242,64099363,26.467985153198242
2013-12-13,26.602556819240043,26.62457336014184,26.16940571984266,26.24114418029785,86820208,26.24114418029785
2013-12-16,26.32055093351132,26.584991903815567,26.271323448739082,26.542692184448242,64320188,26.542692184448242
2013-12-17,26.538734980175125,26.735148591658994,26.428900440137095,26.465511322021484,61658247,26.465511322021484
2013-12-18,26.514737951755762,26.838797099316412,26.19785283944418,26.833850860595703,88743390,26.833850860595703
2013-12-19,26.735396777954506,27.012950701832978,26.693591489776242,26.870216369628906,66877738,26.870216369628906
2013-12-20,26.921669836762206,27.24004018074952,26.914249530696523,27.2264347076416,130953011,27.2264347076416
2013-12-23,27.405035687916804,27.601945631136125,27.337750925320943,27.58462905883789,69122119,27.58462905883789
2013-12-24,27.581413656177716,27.588091362769305,27.411468391402877,27.503986358642578,29478078,27.503986358642578
2013-12-26,27.557667156648836,27.68110717453252,27.426064234005242,27.64301109313965,53712576,27.64301109313965
2013-12-27,27.70584296357622,27.71276883468982,27.53119772729778,27.666263580322266,63023345,27.666263580322266
2013-12-30,27.714255075667463,27.71821244582636,27.4342270924754,27.445112228393555,49629328,27.445112228393555
2013-12-31,27.51387929418526,27.730577965711444,27.365950577845226,27.723403930664062,54519590,27.723403930664062
2014-01-02,27.59353506216837,27.650182850732683,27.415425003618505,27.535648345947266,73129082,27.535648345947266
2014-01-03,27.582156102051258,27.629898388742816,27.33305017898643,27.334781646728516,66917888,27.334781646728516
2014-01-06,27.532929471638443,27.67764153391479,27.37040450817628,27.63954734802246,71037271,27.63954734802246
2014-01-07,27.829530927525973,28.192923223062607,27.734540780856108,28.17238998413086,102486711,28.17238998413086
2014-01-08,28.34901551362979,28.381669026309478,28.034602555866844,28.23101806640625,90036218,28.23101806640625
2014-01-09,28.28568540983549,28.30497971828657,27.84338067485512,27.959150314331055,83692529,27.959150314331055
2014-01-10,28.17783181329073,28.17783181329073,27.761500968051177,27.95766830444336,86061375,27.95766830444336
2014-01-13,27.865894801421,28.371526980670907,27.635836905296575,27.77956199645996,97118665,27.77956199645996
2014-01-14,28.149879871393793,28.472702006119945,27.90596834063465,28.433120727539062,99676216,28.433120727539062
2014-01-15,28.521929062770145,28.571650983094234,28.294345239092973,28.41382598876953,78300393,28.41382598876953
2014-01-16,28.425700994394628,28.64413305233963,28.398490048812718,28.601831436157227,67608467,28.601831436157227
2014-01-17,28.617412702857003,28.71091953199738,28.30448497625223,28.46107292175293,108457005,28.46107292175293
2014-01-21,28.718345352288505,28.794289355394888,28.48012453524067,28.786869049072266,79492846,28.786869049072266
2014-01-22,28.858850261004257,28.890514903594738,28.66713662087269,28.81951904296875,63091600,28.81951904296875
2014-01-23,28.695335152870523,28.756931073174307,28.556063774463833,28.69780921936035,78256228,28.69780921936035
2014-01-24,28.472947461216545,28.53578041854378,27.780055357231767,27.800586700439453,156283602,27.800586700439453
2014-01-27,27.85674227240359,27.86663664468728,26.772502446568886,27.24152183532715,174796734,27.24152183532715
2014-01-28,27.466383534964237,27.84808122735747,27.45698359774853,27.78030014038086,88739375,27.78030014038086
2014-01-29,27.684072865551574,27.749131721367924,27.196746174783588,27.38227653503418,95552818,27.38227653503418
2014-01-30,28.324276115918043,28.509560216641404,27.885188013818357,28.086549758911133,204419353,28.086549758911133
2014-01-31,28.976104391151534,29.351865086712184,28.475916713635225,29.214078903198242,223486554,29.214078903198242
2014-02-03,29.170293330052427,29.232631853070014,28.002939272348872,28.03806495666504,183449044,28.03806495666504
2014-02-04,28.15086763153017,28.571650288435286,28.12662518862556,28.155073165893555,112897588,28.155073165893555
2014-02-05,28.2842026154991,28.467010757250083,27.904236366465913,28.279748916625977,96139007,28.279748916625977
2014-02-06,28.47591912629348,28.69929742243826,28.387358524115044,28.69434928894043,78155853,28.69434928894043
2014-02-07,28.884080284865856,29.138134329965066,28.709188789905756,29.126754760742188,105843245,29.126754760742188
2014-02-10,28.987234689193098,29.24945163341842,28.918466629458646,29.01519012451172,78099643,29.01519012451172
2014-02-11,29.194290955161254,29.483718879230324,28.997382898508565,29.441911697387695,82339476,29.441911697387695
2014-02-12,29.412719694255944,29.437458466344793,29.224222715991402,29.35557746887207,69238554,29.35557746887207
2014-02-13,29.208638433828646,29.68235969543457,29.181673758752073,29.68235969543457,73731331,29.68235969543457
2014-02-14,29.57623128207929,29.79342628035299,29.506720623114276,29.754093170166016,87795852,29.754093170166016
2014-02-18,29.71971035039627,30.003199344870104,29.684830938405035,29.95397186279297,84672187,29.95397186279297
2014-02-19,29.815939507107455,29.91291117447255,29.62298883005175,29.742717742919922,84459392,29.742717742919922
2014-02-20,29.762506664780382,29.855272798276147,29.690273769066902,29.786502838134766,68287001,29.786502838134766
2014-02-21,29.87802927160934,29.928988223732787,29.755085590053216,29.77858543395996,74771214,29.77858543395996
2014-02-24,29.817425882366173,30.183538506531708,29.8109925510767,29.99429702758789,67223027,29.99429702758789
2014-02-25,30.079146070163738,30.290896627847367,29.942595016298476,30.17957878112793,57763704,30.17957878112793
2014-02-26,30.27852645811018,30.39924613029202,30.025216898510845,30.18378448486328,79585191,30.18378448486328
2014-02-27,30.139754813901863,30.284220616052426,30.105616101332295,30.160037994384766,50588912,30.160037994384766
2014-02-28,30.187989708474042,30.283228015538192,29.838699229636035,30.071971893310547,92890878,30.071971893310547
2014-03-03,29.851807907289427,29.87877258170547,29.490395265040807,29.751375198364258,84507572,29.751375198364258
2014-03-04,30.05589106330877,30.080629834811624,29.919836344774822,30.053665161132812,58928052,30.053665161132812
2014-03-05,30.057130616278826,30.255772037498275,29.967086708962235,30.136537551879883,49597208,30.136537551879883
2014-03-06,30.235981050990596,30.33171568971819,30.144948275752828,30.169933319091797,50914126,30.169933319091797
2014-03-07,30.347793706233634,30.35249367510261,29.96782746040726,30.050697326660156,60831159,30.050697326660156
2014-03-10,30.072960540569152,30.121199157611876,29.78600858814429,29.97104263305664,48766105,29.97104263305664
2014-03-11,30.025464983844053,30.039072350775523,29.601713808267473,29.684585571289062,68776830,29.684585571289062
2014-03-12,29.595778298182626,29.879021045481807,29.293735675122182,29.865415573120117,78866507,29.865415573120117
2014-03-13,29.881493478852814,29.944574602234905,29.307833943620874,29.41420555114746,94175675,29.41420555114746
2014-03-14,29.239311902240306,29.45898098671644,29.005296640900674,29.01197624206543,92099924,29.01197624206543
2014-03-17,29.171532589153543,29.612352165351243,29.143330881228014,29.48940658569336,86808163,29.48940658569336
2014-03-18,29.552981230846417,29.97005278513626,29.51315368405183,29.9633731842041,72872123,29.9633731842041
2014-03-19,29.976734449154463,29.98143441825634,29.54654993342245,29.66628074645996,64757822,29.66628074645996
2014-03-20,29.683592566174024,29.92255594598787,29.57004882537269,29.61457633972168,67640587,29.61457633972168
2014-03-21,29.840924648273212,29.923053810415485,29.25069115081811,29.26528549194336,128821050,29.26528549194336
2014-03-24,29.293734200620456,29.311297042157097,28.347775042117675,28.64413070678711,121939352,28.64413070678711
2014-03-25,28.843761186418348,28.938751324434303,28.373751051948442,28.663671493530273,96769361,28.663671493530273
2014-03-26,28.745057741061206,28.98154705622655,27.990321576405854,28.001949310302734,103586819,28.001949310302734
2014-03-27,28.129741443695956,28.129741443695956,27.382918105135005,27.65727996826172,262719,27.65727996826172
2014-03-28,27.79297638834146,28.051988048614263,27.66768177568225,27.73305320739746,824257,27.73305320739746
2014-03-31,28.07477067480207,28.08021892571965,27.58151073950352,27.5834903717041,216593,27.5834903717041
2014-04-01,27.669661406805194,28.152028616061816,27.669661406805194,28.0881404876709,158434,28.0881404876709
2014-04-02,29.71402205740063,29.953718579314245,27.842007944650017,28.080219268798828,2942055,28.080219268798828
2014-04-03,28.22136011579483,29.084566840370385,27.93808139680739,28.215911865234375,101983228,28.215911865234375
2014-04-04,28.459082132150904,28.613597652771404,26.8916413796383,26.898574829101562,127386783,26.898574829101562
2014-04-07,26.779712294485837,27.16302970820218,26.106679023865922,26.651445388793945,88033033,26.651445388793945
2014-04-08,26.871829060510674,27.48592802688193,26.822798590360563,27.480976104736328,63024560,27.480976104736328
2014-04-09,27.714727677784527,27.999491593670733,27.384401914233482,27.93857765197754,66616395,27.93857765197754
2014-04-10,27.98116810481961,27.98116810481961,26.738110678648923,26.790111541748047,80737057,26.790111541748047
2014-04-11,26.374110255223677,26.74306445564077,26.07597384715926,26.277538299560547,78496923,26.277538299560547
2014-04-14,26.65639853553132,26.946114405745213,26.226034053602366,26.37262535095215,51501009,26.37262535095215
2014-04-15,26.585577929087396,26.666303352804178,25.676312959473464,26.56675910949707,77101101,26.56675910949707
2014-04-16,26.891637532189556,27.584974801778074,26.743062824497237,27.56219482421875,97865955,27.56219482421875
2014-04-17,27.17937011069974,27.213542916422874,26.30477247372149,26.549917221069336,136190888,26.549917221069336
2014-04-21,26.5499189621733,26.57963428263039,26.02991600925289,26.17947769165039,51334553,26.17947769165039
2014-04-22,26.180470122734942,26.605882648598616,26.124506206545576,26.486034393310547,47307527,26.486034393310547
2014-04-23,26.435519908865444,26.439482962074386,26.06210822947692,26.09627914428711,41046384,26.09627914428711
2014-04-24,26.251292365416287,26.32953993781132,25.857572859092073,26.008127212524414,37663121,26.008127212524414
2014-04-25,25.876886860128373,25.985346079678415,25.525760721710828,25.563398361206055,42007014,25.563398361206055
2014-04-28,25.612922041574585,25.683245395034774,24.900764060063835,25.61143684387207,66710653,25.61143684387207
2014-04-29,25.599056220981833,26.221079398689575,25.570331662678118,26.1339168548584,53981801,26.1339168548584
2014-04-30,26.12896342432847,26.148773006129026,25.87737965163815,26.08241081237793,35023895,26.08241081237793
2014-05-01,26.10469701161272,26.392927665409626,25.944733261121332,26.314680099487305,38110345,26.314680099487305
2014-05-02,26.434034530160694,26.445919900936367,26.030411203163972,26.145307540893555,33770463,26.145307540893555
2014-05-05,25.991287757015602,26.193346633003447,25.817953438382798,26.13936424255371,20482080,26.13936424255371
2014-05-06,26.011595137201695,26.089842713206934,25.507934974206606,25.51189613342285,33780490,25.51189613342285
2014-05-07,25.544084731764016,25.588161384938545,24.925528283953774,25.25535774230957,64486563,25.25535774230957
2014-05-08,25.18107094704348,25.615398457893757,25.081526705893708,25.30686378479004,40426688,25.30686378479004
2014-05-09,25.294483026457822,25.747629373350257,24.970099917560518,25.689685821533203,48789585,25.689685821533203
2014-05-12,25.92641060122018,26.257230812882312,25.7035513810294,26.243860244750977,38250730,26.243860244750977
2014-05-13,26.29190234604977,26.548436174363566,26.223558618302523,26.400854110717773,33068541,26.400854110717773
2014-05-14,26.39639416216227,26.39639416216227,26.014563850969836,26.08191680908203,23835261,26.08191680908203
2014-05-15,26.03486947563392,26.043290016706674,25.624809016432618,25.751590728759766,34087331,25.751590728759766
2014-05-16,25.821418690286247,25.841724601736555,25.526750912109854,25.783781051635742,29705333,25.783781051635742
2014-05-19,25.73772541630515,26.23692804740177,25.632880682879822,26.19136619567871,25555972,26.19136619567871
2014-05-20,26.23494784428582,26.556360572422914,26.064585799790347,26.236434936523438,35695734,26.236434936523438
2014-05-21,26.391441776374407,26.702602056154987,26.342413203548166,26.690568923950195,23925508,26.690568923950195
2014-05-22,26.799028965354616,27.11945092494825,26.781695342737766,26.99365997314453,32316482,26.99365997314453
2014-05-23,27.10260889459793,27.418573333186036,26.926302291261294,27.372020721435547,38643806,27.372020721435547
2014-05-27,27.53545182792821,28.030693276647394,27.453735643876318,28.028217315673828,42083223,28.028217315673828
2014-05-28,27.959872221096735,28.121815594771025,27.783071187925827,27.816747665405273,33040464,27.816747665405273
2014-05-29,27.89945598113788,27.931647264752492,27.6696632967961,27.737512588500977,27082150,27.737512588500977
2014-05-30,27.773169162240283,27.80040852402229,27.530996668177668,27.728103637695312,35422988,27.728103637695312
2014-06-02,27.768217244094295,27.778121088827444,27.026840205926327,27.432937622070312,28700582,27.432937622070312
2014-06-03,27.28733637296392,27.354194900705487,26.86935170192406,26.987714767456055,37332215,26.987714767456055
2014-06-04,26.817351316735802,27.169468204806506,26.681160201694542,26.973848342895508,36329469,26.973848342895508
2014-06-05,27.06001785925642,27.483450753336925,26.963445910104504,27.43144989013672,33782496,27.43144989013672
2014-06-06,27.63747330616582,27.63747330616582,27.185315830747054,27.551795959472656,34735104,27.551795959472656
2014-06-09,27.59240548350659,27.877169420218415,27.53743422275949,27.838539123535156,29350361,27.838539123535156
2014-06-10,27.75880834447874,27.9118386612549,27.62955066539244,27.76078987121582,27034019,27.76078987121582
2014-06-11,27.634499087322865,27.727604310781288,27.486917040575726,27.67609977722168,22002242,27.67609977722168
2014-06-12,27.599835960466436,27.634008772714317,27.16204167678678,27.30516815185547,29169867,27.30516815185547
2014-06-13,27.35023147593761,27.352213002559537,27.01842048600984,27.325469970703125,24410836,27.325469970703125
2014-06-16,27.201658474339528,27.219486529421676,26.818339187802803,26.955026626586914,34051232,26.955026626586914
2014-06-17,26.951068045744613,27.006535641050505,26.7098863029586,26.892135620117188,28891103,26.892135620117188
2014-06-18,26.983751503003532,27.414612274870972,26.941160049686427,27.405202865600586,34835379,27.405202865600586
2014-06-19,27.448290387559528,27.48592802688193,27.164515317335194,27.480976104736328,49136535,27.480976104736328
2014-06-20,27.57754885541117,27.613701298011573,27.257721736789104,27.553281784057617,90166875,27.553281784057617
2014-06-23,27.493355393270157,27.981168969449104,27.448784306027818,27.97869300842285,30736155,27.97869300842285
2014-06-24,27.99057716572576,28.359830648753007,27.783566373548016,27.96234893798828,44142862,27.96234893798828
2014-06-25,27.99404562761399,28.722052063975184,27.992065995386838,28.657175064086914,39387843,28.657175064086914
2014-06-26,28.77355683371233,28.84536538382652,28.320408623966784,28.52593421936035,34839390,28.52593421936035
2014-06-27,28.584372820713245,28.71759163684766,28.416979304366027,28.587343215942383,44738493,28.587343215942383
2014-06-30,28.657671792799025,28.70273731596534,28.464031553738344,28.490280151367188,26275943,28.490280151367188
2014-07-01,28.64083087113145,28.9419376548149,28.55812581874259,28.85626220703125,28959290,28.85626220703125
2014-07-02,28.889939591346856,28.993444992282353,28.74334640637318,28.839672088623047,21127848,28.839672088623047
2014-07-03,28.889940639384097,28.972149368509292,28.769596046906994,28.958282470703125,14283107,28.958282470703125
2014-07-07,28.910243399725065,29.04247335760299,28.703727033798188,28.835460662841797,21292298,28.835460662841797
2014-07-08,28.608143996886515,28.700654381347338,28.03737724061549,28.28277015686035,38190565,28.28277015686035
2014-07-09,28.30703847027245,28.561592642321326,28.197887805443113,28.529897689819336,22335153,28.529897689819336
2014-07-10,28.026237822393366,28.5551557886178,27.98166673286593,28.283267974853516,27134293,28.283267974853516
2014-07-11,28.323382879622486,28.766129053178584,28.299115808688857,28.68342399597168,32434806,28.68342399597168
2014-07-14,28.85279529809364,28.9820529621751,28.626469356553887,28.965213775634766,37081529,28.965213775634766
2014-07-15,29.00830157176279,29.011520131549666,28.55366816196127,28.960756301879883,32460877,28.960756301879883
2014-07-16,29.120228134425744,29.140037718065155,28.83298633007679,28.85576820373535,27942506,28.85576820373535
2014-07-17,28.700756894598772,28.773061776725797,28.159951687622797,28.413516998291016,60331186,28.413516998291016
2014-07-18,29.36784665647246,29.55603863400931,28.82308030600343,29.470857620239258,80283816,29.470857620239258
2014-07-21,29.305942292341832,29.43717959157608,28.98319215672486,29.193025588989258,41242922,29.193025588989258
2014-07-22,29.254931059849337,29.697180869064496,29.248986480420857,29.454017639160156,33983045,29.454017639160156
2014-07-23,29.379239328371277,29.608041246975183,29.343084991801547,29.515430450439453,24663528,29.515430450439453
2014-07-24,29.53870616819983,29.689754948331274,29.306931964255238,29.385181427001953,20702684,29.385181427001953
2014-07-25,29.23908576179625,29.311390647671292,29.072188550769287,29.17074203491211,18649061,29.17074203491211
2014-07-28,29.12369448486667,29.343085099899525,28.959422894235612,29.24898910522461,19736037,29.24898910522461
2014-07-29,29.157369744583562,29.204416792757627,28.898109914828858,29.001863479614258,26997920,29.001863479614258
2014-07-30,29.04841725217472,29.194514113337494,28.922129974357325,29.091503143310547,20329662,29.091503143310547
2014-07-31,28.75374764280139,28.90479642659339,28.228790841219038,28.308029174804688,42055146,28.308029174804688
2014-08-01,28.24859927081718,28.523953776384474,27.87469129337361,28.03415870666504,39105069,28.03415870666504
2014-08-04,28.181246357123058,28.49374217042381,27.936596039112366,28.384790420532227,28546159,28.384790420532227
2014-08-05,28.231266248733068,28.32684743297307,27.862804619617037,27.984634399414062,31024946,27.984634399414062
2014-08-06,27.821701587816403,28.263458879687693,27.733548282099942,28.04921531677246,26687069,28.04921531677246
2014-08-07,28.129740785552556,28.223342338693985,27.788024077156212,27.899948120117188,22218835,27.899948120117188
2014-08-08,27.90985628147102,28.241172846061975,27.75088328372756,28.167877197265625,29895854,28.167877197265625
2014-08-11,28.228294531510713,28.25305603551506,28.030693145144777,28.123798370361328,24294518,28.123798370361328
2014-08-12,27.957399269213493,28.025742994745748,27.777131492571204,27.868751525878906,30840441,27.868751525878906
2014-08-13,28.095572078664105,28.476413546312816,28.01831337715584,28.465517044067383,28784812,28.465517044067383
2014-08-14,28.53485135126896,28.62003237010415,28.272372951497385,28.45907974243164,19709966,28.45907974243164
2014-08-15,28.6180491311787,28.69332630104264,28.25454130991183,28.401134490966797,30383189,28.401134490966797
2014-08-18,28.531381615417487,28.94738471560311,28.525933364904578,28.831003189086914,25682318,28.831003189086914
2014-08-19,28.971653922049544,29.08754102270027,28.922129018131017,29.06376838684082,19573592,29.06376838684082
2014-08-20,29.01523783755345,29.05584587421665,28.851311021142887,28.94639778137207,20734771,28.94639778137207
2014-08-21,28.91321570636814,28.946890291726557,28.780489419578814,28.890928268432617,18296094,28.890928268432617
2014-08-22,28.901826831579932,28.983344112515507,28.755729965993893,28.85081672668457,15781209,28.85081672668457
2014-08-25,28.95778437130257,28.971651267353728,28.67450565984002,28.73393440246582,27228551,28.73393440246582
2014-08-26,28.78643393837174,28.813176971212823,28.554661618544017,28.618051528930664,32793789,28.618051528930664
2014-08-27,28.58883079204633,28.64925030309226,28.23389126525102,28.2783145904541,34067276,28.2783145904541
2014-08-28,28.207000787999153,28.389744520922196,28.085171001255492,28.189170837402344,25858801,28.189170837402344
2014-08-29,28.29465860584496,28.329820284856225,28.083637383383778,28.308029174804688,21675347,28.308029174804688
2014-09-02,28.32041112563669,28.616566010263107,28.287725407462382,28.59180450439453,31568434,28.59180450439453
2014-09-03,28.72403140135627,28.87210978481208,28.476412564017295,28.622013092041016,24302540,28.622013092041016
2014-09-04,28.724031105035774,29.02117673779297,28.6854027032051,28.82209014892578,29163850,28.82209014892578
2014-09-05,28.92114092401441,29.048417069973553,28.820605915738103,29.0251407623291,32647388,29.0251407623291
2014-09-08,29.05089259177128,29.306931971988405,29.036034930983877,29.205408096313477,28620362,29.205408096313477
2014-09-09,29.164795018564423,29.169746940163986,28.724028530970642,28.774049758911133,25744488,28.774049758911133
2014-09-10,28.798321326353207,28.897369245743242,28.57248979688194,28.877559661865234,19547521,28.877559661865234
2014-09-11,28.741861165050633,28.81367161249221,28.538811522266304,28.790889739990234,24420864,28.790889739990234
2014-09-12,28.773559684420185,28.805254639598537,28.449671000437828,28.507118225097656,32033708,28.507118225097656
2014-09-15,28.374392377368725,28.473936620081485,28.140142214035965,28.38231658935547,31951483,28.38231658935547
2014-09-16,28.365475767525485,28.798318062500563,28.360523845713455,28.721553802490234,29607064,28.721553802490234
2014-09-17,28.724525052269133,29.096451496828927,28.663362947512077,28.96026039123535,33856699,28.96026039123535
2014-09-18,29.07070225693767,29.196493203564753,28.971654342049604,29.183122634887695,28891103,29.183122634887695
2014-09-19,29.293559646260082,29.54018960187495,29.194511737593338,29.5203800201416,74732617,29.5203800201416
2014-09-22,29.40845666796707,29.414844533623747,28.895385268582938,29.089025497436523,33790518,29.089025497436523
2014-09-23,29.063275625677356,29.063275625677356,28.773559751755304,28.779996871948242,29428575,28.779996871948242
2014-09-24,28.796339549246945,29.200951764585238,28.749786932819184,29.119731903076172,34562632,29.119731903076172
2014-09-25,29.097939872956797,29.119234652425156,28.435801239095365,28.479381561279297,38519466,28.479381561279297
2014-09-26,28.528909279497665,28.686891514982886,28.45957478919538,28.580413818359375,28873054,28.580413818359375
2014-09-29,28.315458539948004,28.634393396298123,28.286733981407057,28.543766021728516,25648224,28.543766021728516
2014-09-30,28.57199554712883,28.716605320934743,28.369936653635765,28.593290328979492,32434806,28.593290328979492
2014-10-01,28.52643150011669,28.604184632318447,28.080713052671065,28.14311408996582,28909153,28.14311408996582
2014-10-02,28.095569970289663,28.32338111001375,27.897968585132336,28.232751846313477,23568530,28.232751846313477
2014-10-03,28.379841298554965,28.586603942045134,28.352601937606273,28.490280151367188,22834521,28.490280151367188
2014-10-06,28.66460486704404,28.773558520645068,28.4486790864558,28.59279441833496,24292512,28.59279441833496
2014-10-07,28.446695055814992,28.489780942370814,27.918766021728516,27.918766021728516,38226664,27.918766021728516
2014-10-08,28.009400074684006,28.420945730387874,27.609243461223187,28.352602005004883,39817018,28.352602005004883
2014-10-09,28.28723118304614,28.30258327891096,27.686997197030266,27.777132034301758,50496258,27.777132034301758
2014-10-10,27.62063454462124,27.987609113470324,26.94363819598071,26.965429306030273,61638766,26.965429306030273
2014-10-13,26.99018637960327,27.213541905760284,26.401345331182387,26.40679168701172,51633371,26.40679168701172
2014-10-14,26.688589903661004,27.099144803311233,26.404814823799224,26.64104652404785,44451708,26.64104652404785
2014-10-15,26.29783987581466,26.386489505412467,25.668388860220958,26.24930763244629,74387672,26.24930763244629
2014-10-16,25.703056410631376,26.219594560803454,25.504960578471042,25.975934982299805,74171079,25.975934982299805
2014-10-17,26.111629112636145,26.296354357871937,25.184536162374172,25.31528091430664,110787334,25.31528091430664
2014-10-20,25.230100327760145,25.839743659028795,25.163241805839345,25.794179916381836,52150788,25.794179916381836
2014-10-21,26.00961279795963,26.08885302927512,25.708505980992847,26.07647132873535,46725935,26.07647132873535
2014-10-22,26.24237645581083,26.733160443263998,26.188394062792394,26.382034301757812,58385859,26.382034301757812
2014-10-23,26.709390650257802,27.100630406598953,26.53754151505697,26.940174102783203,46976621,26.940174102783203
2014-10-24,26.958992407092534,26.984744676278257,26.534568716848543,26.7321720123291,39462046,26.7321720123291
2014-10-27,26.59597881482171,26.9614681864048,26.59597881482171,26.781200408935547,23706909,26.781200408935547
2014-10-28,26.891638441065858,27.18779142004015,26.823294717308368,27.18383026123047,25419598,27.18383026123047
2014-10-29,27.238307855423766,27.445814993600013,27.088744269580015,27.20512580871582,35410955,27.20512580871582
2014-10-30,27.18630723904853,27.37697519119895,26.916895387137192,27.253660202026367,29113713,27.253660202026367
2014-10-31,27.70135694231269,27.712253444084002,27.473545795405364,27.687986373901367,40701440,27.687986373901367
2014-11-03,27.51069116190866,27.629548658569846,27.39827078509789,27.496824264526367,27645693,27.496824264526367
2014-11-04,27.386877498911023,27.51068880143181,27.203637453158755,27.441848754882812,24884132,27.441848754882812
2014-11-05,27.575070918100078,27.575070918100078,26.943636462454524,27.03624725341797,40645286,27.03624725341797
2014-11-06,27.0154461083009,27.08403799203152,26.79110169759934,26.844093322753906,26665008,26.844093322753906
2014-11-07,27.05060967621835,27.05060967621835,26.677197996276618,26.7930850982666,32675465,26.7930850982666
2014-11-10,26.8153694972475,27.21800204710908,26.7935783886512,27.11400032043457,22692131,27.11400032043457
2014-11-11,27.163524304264694,27.33438265426533,27.055065093773894,27.252666473388672,19310873,27.252666473388672
2014-11-12,27.257621238868612,27.261086068709787,26.999104014004956,27.105085372924805,22593862,27.105085372924805
2014-11-13,27.228402379979997,27.228402379979997,26.915408329238325,27.009504318237305,26787343,27.009504318237305
2014-11-14,27.07388473178517,27.07388473178517,26.84954031576278,26.960969924926758,25790614,26.960969924926758
2014-11-17,26.9203620525013,26.930762225925847,26.448942461085718,26.570226669311523,34520517,26.570226669311523
2014-11-18,26.619255301872826,26.839142247669077,26.454339618929396,26.496931076049805,39253475,26.496931076049805
2014-11-19,26.495446377504994,26.65590268126936,26.251786790218183,26.5939998626709,27844237,26.5939998626709
2014-11-20,26.309728825468465,26.500891204640098,26.301310179020753,26.487024307250977,31267610,26.487024307250977
2014-11-21,26.822801072768407,26.849049672462176,26.572704354265827,26.6192569732666,44485801,26.6192569732666
2014-11-24,26.626681993065617,26.87678057905135,26.5261488819721,26.706911087036133,34127440,26.706911087036133
2014-11-25,26.693537887024956,26.940169724370023,26.673826814311976,26.79654884338379,35798014,26.79654884338379
2014-11-26,26.786646626058637,26.81982867267214,26.596573513078155,26.761390686035156,30459397,26.761390686035156
2014-11-28,26.773767478587867,26.842111196386266,26.574680904466202,26.83369255065918,22966883,26.83369255065918
2014-12-01,26.68858872363965,26.81289447116007,26.339938551481886,26.43601417541504,42307838,26.43601417541504
2014-12-02,26.42165115951703,26.52020463260086,26.23791667541493,26.433536529541016,30533600,26.433536529541016
2014-12-03,26.31913505223251,26.544767631560944,26.211172176067528,26.31319236755371,25559983,26.31319236755371
2014-12-04,26.305268810344433,26.611329392410195,26.177990785021322,26.60984230041504,27842232,26.60984230041504
2014-12-05,26.297346275122667,26.39094782947127,25.964544537319522,26.013076782226562,51312493,26.013076782226562
2014-12-08,26.105688762765396,26.297347473310474,25.940278649592248,26.0982608795166,46587556,26.0982608795166
2014-12-09,25.858563207349096,26.455330465855873,25.777345240578963,26.41472053527832,37426473,26.41472053527832
2014-12-10,26.40035947011544,26.561312101854625,26.0279366421609,26.05270004272461,34245764,26.05270004272461
2014-12-11,26.13887014328495,26.441958461153177,26.10420290023689,26.165613174438477,32216207,26.165613174438477
2014-12-12,25.92641110779873,26.173537402492606,25.68621826171875,25.68621826171875,39891221,25.68621826171875
2014-12-15,25.88827995989443,25.90610801782114,25.41928515286299,25.445533752441406,56268061,25.445533752441406
2014-12-16,25.334596267573485,25.408386342754465,24.21732981244693,24.533788681030273,79285081,24.533788681030273
2014-12-17,24.613525250615872,25.10876671947883,24.604115840779656,25.004270553588867,57663883,25.004270553588867
2014-12-18,25.40343528951764,25.44899713894397,24.99486005361381,25.31181526184082,58534266,25.31181526184082
2014-12-19,25.33212088393451,25.639666702227817,25.10435898198802,25.571819305419922,73804074,25.571819305419922
2014-12-22,25.558444712179163,26.072506862420553,25.558444712179163,25.993762969970703,54475152,25.993762969970703
2014-12-23,26.09924868871846,26.473651092024465,26.064085119920122,26.277040481567383,43952341,26.277040481567383
2014-12-24,26.27308050323369,26.33493785407591,26.10024061176453,26.186908721923828,14118657,26.186908721923828
2014-12-26,26.186906109531108,26.458299455083086,26.114601233059833,26.447402954101562,20810980,26.447402954101562
2014-12-29,26.356280326680512,26.51921446973692,26.24836669602316,26.264163970947266,45570772,26.264163970947266
2014-12-30,26.153228778292803,26.30477197440885,26.10568540621264,26.268619537353516,17525986,26.268619537353516
2014-12-31,26.30972906012325,26.376587586614953,26.03982088746904,26.069536209106445,27364925,26.069536209106445
2015-01-02,26.19879480379065,26.310720751145467,25.955631548667114,25.990793228149414,28951268,25.990793228149414
2015-01-05,25.914029196570382,25.967020824027138,25.40888389832373,25.448997497558594,41196796,25.448997497558594
2015-01-06,25.504959068812152,25.56315078165636,24.814097763862573,24.859163284301758,57998800,24.859163284301758
2015-01-07,25.108763979989778,25.120848259997118,24.744761748472268,24.816572189331055,41301082,24.816572189331055
2015-01-08,24.66255442952079,24.934442241267934,24.316380206189073,24.89482307434082,67071641,24.89482307434082
2015-01-09,24.997832653749224,25.005754971185773,24.50407639805887,24.572420120239258,41427428,24.572420120239258
2015-01-12,24.511503850488506,24.562811368824818,24.146014504927287,24.39314079284668,46535413,24.39314079284668
2015-01-13,24.70464966677946,24.909678951252754,24.38521847443088,24.57291603088379,47409807,24.57291603088379
2015-01-14,24.497143170797198,24.922059379315137,24.415426985232894,24.80518341064453,44714427,24.80518341064453
2015-01-15,25.037947379555504,25.04339563062503,24.65116323008768,24.850746154785156,54316718,24.850746154785156
2015-01-16,24.76259403052012,25.167702584826177,24.762097701643736,25.162254333496094,45965854,25.162254333496094
2015-01-20,25.306864727336148,25.38114924355188,25.060035843029194,25.10381507873535,44640224,25.10381507873535
2015-01-21,25.12114758090012,25.71692403692912,25.069146716920944,25.655513763427734,45374234,25.655513763427734
2015-01-22,25.825877924318387,26.561312280554752,25.737726507076665,26.465234756469727,53538588,26.465234756469727
2015-01-23,26.52466524634369,26.850533563488348,26.39639643869644,26.740589141845703,45634948,26.740589141845703
2015-01-26,26.670263445243858,26.693539751571716,26.231480349241778,26.505842208862305,30874534,26.505842208862305
2015-01-27,26.246338027051628,26.28249236404429,25.66294323426882,25.684734344482422,38080263,25.684734344482422
2015-01-28,25.890259156793583,25.900659329911175,25.257339477539062,25.257339477539062,33676205,25.257339477539062
2015-01-29,25.30686489880638,25.31132049218927,24.82152726551159,25.29002571105957,83727244,25.29002571105957
2015-01-30,25.547551332435358,26.73662641032565,25.53071214525301,26.47167205810547,112127002,26.47167205810547
2015-02-02,26.33350092571478,26.396396401666962,25.680771634606565,26.172548294067383,56996054,26.172548294067383
2015-02-03,26.148773823473352,26.416204133332432,25.914029229887618,26.21018409729004,40773638,26.21018409729004
2015-02-04,26.21018526120388,26.380153266634874,25.81547879300678,25.88926887512207,33273101,25.88926887512207
2015-02-05,25.940277904604592,26.17353730116767,25.85608575827827,26.127973556518555,36995292,26.127973556518555
2015-02-06,26.130945247223224,26.604395583696117,26.07002940906658,26.297346115112305,35270570,26.297346115112305
2015-02-09,26.14877471042013,26.346872435721835,26.05071755827406,26.140356063842773,25355423,26.140356063842773
2015-02-10,26.21315293762881,26.629157932533545,26.09528621338153,26.59151840209961,34997823,26.59151840209961
2015-02-11,26.510299782104312,26.6663023728343,26.415114521948645,26.543481826782227,27555446,26.543481826782227
2015-02-12,26.60687491965144,26.981771801297363,26.479250207467516,26.88817024230957,32404724,26.88817024230957
2015-02-13,26.90897120847479,27.233848735255375,26.898074706920564,27.18927764892578,38006060,27.18927764892578
2015-02-17,27.08131607291279,27.23830754031224,26.797046565642624,26.88371467590332,32336537,26.88371467590332
2015-02-18,26.812400691462585,27.014954011690193,26.61974932128155,26.728208541870117,29061570,26.728208541870117
2015-02-19,26.64599840497689,26.897085871776866,26.64451320716206,26.88520050048828,19782163,26.88520050048828
2015-02-20,26.898073716536278,26.928779799149154,26.535060342066853,26.691062927246094,28887092,26.691062927246094
2015-02-23,26.54744605715267,26.566711953100413,26.218605439661957,26.342416763305664,29157834,26.342416763305664
2015-02-24,26.247822003797072,26.58409236830711,26.16115579021934,26.54942512512207,20101036,26.54942512512207
2015-02-25,26.54001456836266,27.051104430063916,26.517480861266318,26.934722900390625,36519991,26.934722900390625
2015-02-26,26.902038913534586,27.542386479477326,26.81735233036918,27.50969886779785,46230579,27.50969886779785
2015-02-27,27.448290186214756,27.966807958324857,27.38192609465695,27.65431022644043,48203982,27.65431022644043
2015-03-02,27.759797603460168,28.33526817228248,27.671644295442846,28.295154571533203,42592618,28.295154571533203
2015-03-03,28.251073503848197,28.49572191215156,28.05644253285848,28.409055709838867,34095352,28.409055709838867
2015-03-04,28.321396889696523,28.58090295699542,28.13023453669126,28.39568328857422,37536775,28.39568328857422
2015-03-05,28.477399993811385,28.62052644793983,28.397667232335174,28.492753982543945,27792094,28.492753982543945
2015-03-06,28.470469611639903,28.559613686359214,28.06833335362801,28.11414337158203,33182854,28.11414337158203
2015-03-09,28.07328148695388,28.24216020332776,27.908615882240696,28.171836853027344,21242161,28.171836853027344
2015-03-10,27.94402730730423,27.973740733629484,27.47255659535157,27.48642349243164,35846146,27.48642349243164
2015-03-11,27.49286149789746,27.641434317464956,27.271983795160022,27.29674530029297,36415706,27.29674530029297
2015-03-12,27.412138682234726,27.55377616234331,27.26108800327291,27.511186599731445,27792094,27.511186599731445
2015-03-13,27.4116399852279,27.65430878291893,26.952056551116495,27.105581283569336,34071287,27.105581283569336
2015-03-16,27.285353774319923,27.577547484992238,27.040209006207075,27.461660385131836,32819860,27.461660385131836
2015-03-17,27.3229931156779,27.426498515321196,27.139258623090253,27.2799072265625,36110871,27.2799072265625
2015-03-18,27.362117366302783,27.722654815937737,27.08973512039821,27.70878791809082,42690887,27.70878791809082
2015-03-19,27.703337181524883,27.77316609896709,27.542630837329806,27.634004592895508,23945563,27.634004592895508
2015-03-20,27.815265237348168,27.81873196176307,27.686501999531078,27.75137710571289,52337299,27.75137710571289
2015-03-23,27.75484494076453,27.850426129515686,27.527031899130456,27.67461395263672,32876014,27.67461395263672
2015-03-24,27.860330070905384,28.456106537904446,27.79347343974527,28.23819923400879,51665459,28.23819923400879
2015-03-25,28.253552271340762,28.340714811084762,27.671148286831045,27.673376083374023,43045859,27.673376083374023
2015-03-26,27.614194892543818,27.679071892338214,27.27049663947939,27.494348526000977,31452115,27.494348526000977
2015-03-27,27.386880859643952,27.499795675078374,27.145697238688772,27.156097412109375,37949906,27.156097412109375
2015-03-30,27.318536480086355,27.41015651201406,27.147678116021684,27.338842391967773,25750504,27.338842391967773
2015-03-31,27.23830725307168,27.471566655040714,27.075867536344585,27.139259338378906,31760961,27.139259338378906
2015-04-01,27.168971601869405,27.29476254286049,26.71830124133965,26.86984634399414,39261497,26.86984634399414
2015-04-02,26.78516143921439,26.78516143921439,26.438343127365567,26.521692276000977,34327989,26.521692276000977
2015-04-06,26.357766296405625,26.664321338367596,26.226527101748246,26.582853317260742,26488525,26.582853317260742
2015-04-07,26.64798097819931,26.876286580341603,26.544970002754425,26.595483779907227,26057345,26.595483779907227
2015-04-08,26.66283591862437,26.933732952022268,26.66283591862437,26.822797775268555,23570536,26.822797775268555
2015-04-09,26.79407230945092,26.839636052292867,26.519710455465535,26.781692504882812,31157308,26.781692504882812
2015-04-10,26.856473690214415,26.856473690214415,26.60984373191547,26.743558883666992,28189181,26.743558883666992
2015-04-13,26.664321970600874,26.94413398806231,26.609845143754715,26.70195960998535,32906096,26.70195960998535
2015-04-14,26.5573477882732,26.622719217675588,26.153330455478603,26.267135620117188,52082601,26.267135620117188
2015-04-15,26.183440274728,26.482071094106598,25.9120488143436,26.373117446899414,46376979,26.373117446899414
2015-04-16,26.242870269867904,26.524663810590837,26.22850893803895,26.43601417541504,25997180,26.43601417541504
2015-04-17,26.181461110743925,26.23989909823099,25.802601166646234,25.953155517578125,43037837,25.953155517578125
2015-04-20,26.02991630592225,26.54942483032277,25.975439480719924,26.514263153076172,33585958,26.514263153076172
2015-04-21,26.619749077293132,26.712856201528513,26.42982372877197,26.444435119628906,36895018,26.444435119628906
2015-04-22,26.465727259972876,26.79654934799853,26.33448807485757,26.71161460876465,31871263,26.71161460876465
2015-04-23,26.79259128049803,27.285851232613126,26.754457311544666,27.08973503112793,83697161,27.08973503112793
2015-04-24,28.035646841258355,28.285249106775424,27.59735815240553,27.984142303466797,98650102,27.984142303466797
2015-04-27,27.97804081456752,28.105171095088487,27.472003231170905,27.57976531982422,47960000,27.57976531982422
2015-04-28,27.543514164270682,27.612045434203406,27.331265380144963,27.495840072631836,29820000,27.495840072631836
2015-04-29,27.33642833270241,27.495837019732672,27.15938860690485,27.26740074157715,33976000,27.26740074157715
2015-04-30,27.20731131067723,27.243067823224123,26.570669209558844,26.684391021728516,41644000,26.684391021728516
2015-05-01,26.73852267045087,26.793645485502754,26.424174104870275,26.712203979492188,35364000,26.712203979492188
2015-05-04,26.743489991634423,27.018607740527788,26.571169151918006,26.855224609375,26160000,26.855224609375
2015-05-05,26.72759773263729,26.803577726605656,26.339305637202546,26.359617233276367,27662000,26.359617233276367
2015-05-06,26.38146636494189,26.43807816505833,25.877167828146398,26.032852172851562,31340000,26.032852172851562
2015-05-07,26.021430064298485,26.49171304343396,25.910191775087828,26.354650497436523,30926000,26.354650497436523
2015-05-08,26.650128791378577,26.873599919375618,26.071587397337634,26.72809410095215,30552000,26.72809410095215
2015-05-11,26.735540906386255,26.914814112103983,26.588049793492736,26.602947235107422,18106000,26.602947235107422
2015-05-12,26.399343260394588,26.479246522325308,26.084498379538626,26.272212982177734,32684000,26.272212982177734
2015-05-13,26.347697301436693,26.534519653435297,26.253095504479656,26.30101776123047,25046000,26.30101776123047
2015-05-14,26.507104759722946,26.76682871653737,26.439568044106903,26.737031936645508,28078000,26.737031936645508
2015-05-15,26.77576702641413,26.780434790881305,26.338757050099638,26.511077880859375,39426000,26.511077880859375
2015-05-18,26.4197038053673,26.55924798641853,26.26277674840547,26.434104919433594,40068000,26.434104919433594
2015-05-19,26.517534676373266,26.849266113748893,26.470855136028614,26.685386657714844,39338000,26.685386657714844
2015-05-20,26.74150080271978,26.96149571977814,26.467476134267113,26.780235290527344,28616000,26.780235290527344
2015-05-21,26.714682529919397,27.007181224906926,26.616852710508205,26.941133499145508,29254000,26.941133499145508
2015-05-22,26.823934320302076,27.024561027302383,26.792152228037764,26.821949005126953,23524000,26.821949005126953
2015-05-26,26.723126590474976,26.766828154521807,26.31392620272242,26.435096740722656,48130000,26.435096740722656
2015-05-27,26.45893369971933,26.84380071286159,26.404805441646886,26.806058883666992,30500000,26.806058883666992
2015-05-28,26.717663515011637,26.846780999044,26.63026228022187,26.80556297302246,20596000,26.80556297302246
2015-05-29,26.685882214606522,26.748453748756177,26.391894512119364,26.42466926574707,51948000,26.42466926574707
2015-06-01,26.657077996951923,26.657077996951923,26.307967507900887,26.518028259277344,38086000,26.518028259277344
2015-06-02,26.46539223858962,26.965470101402147,26.385936047756463,26.775768280029297,38780000,26.775768280029297
2015-06-03,26.81201985083187,26.990298522063128,26.672970102698898,26.83188247680664,34340000,26.83188247680664
2015-06-04,26.70525003909712,26.845786877384523,26.534418197468224,26.65260887145996,26966000,26.65260887145996
2015-06-05,26.635228970633797,26.67744155110198,26.44503082444226,26.48525619506836,27764000,26.48525619506836
2015-06-08,26.484261384578616,26.524484857550192,26.133163678806476,26.16246223449707,30412000,26.16246223449707
2015-06-09,26.198719004589883,26.280160514775435,25.972764326427196,26.155513763427734,29106000,26.155513763427734
2015-06-10,26.288103120636666,26.73504343104192,26.28760679182026,26.652111053466797,36300000,26.652111053466797
2015-06-11,26.738274149264008,26.765835556422214,26.4698606350129,26.54882049560547,24350000,26.54882049560547
2015-06-12,26.399341716445043,26.47482537392121,26.327830583933174,26.43559455871582,19116000,26.43559455871582
2015-06-15,26.22056668540963,26.23546602305974,26.02192716246267,26.18083953857422,32654000,26.18083953857422
2015-06-16,26.240429790617465,26.30200866455651,26.0993947329085,26.22801399230957,21436000,26.22801399230957
2015-06-17,26.2886016813604,26.36855419844027,26.076551806894056,26.283138275146484,25884000,26.283138275146484
2015-06-18,26.369546749345318,26.724617003417816,26.359118160203227,26.65410041809082,36662000,26.65410041809082
2015-06-19,26.677935306998346,26.729581919676644,26.469361646634724,26.652111053466797,37870000,26.652111053466797
2015-06-22,26.796126477619897,27.002216603387076,26.6938259079749,26.72660255432129,25006000,26.72660255432129
2015-06-23,26.79861004782697,26.890927209521646,26.580602346829984,26.84032440185547,23950000,26.84032440185547
2015-06-24,26.816488550766135,26.816488550766135,26.600964378695267,26.7092227935791,25732000,26.7092227935791
2015-06-25,26.76037109972466,26.86118078564992,26.579607009887695,26.579607009887695,26714000,26.579607009887695
2015-06-26,26.68041909964114,26.70524880139162,26.38692584925595,26.403810501098633,42182000,26.403810501098633
2015-06-29,26.072080948872838,26.250857832226195,25.85010072552714,25.898767471313477,38756000,25.898767471313477
2015-06-30,26.122240583522927,26.133661830424458,25.84811550280649,25.84861183166504,44344000,25.84861183166504
2015-07-01,26.05817810406221,26.10585219575648,25.735388168988656,25.91465950012207,39220000,25.91465950012207
2015-07-02,25.876917571452765,26.054203573511682,25.876917571452765,25.992128372192383,24718000,25.992128372192383
2015-07-06,25.798453639350246,26.083999939782007,25.773623938092,25.96531105041504,25610000,25.96531105041504
2015-07-07,25.97871923009948,26.130182868867223,25.58392186944519,26.07257652282715,31944000,26.07257652282715
2015-07-08,25.87542553218116,25.959053145693073,25.630104605186517,25.66585922241211,25934000,25.66585922241211
2015-07-09,25.97822237906665,26.010500800272386,25.840663527171984,25.857051849365234,36846000,25.857051849365234
2015-07-10,26.13564716981953,26.447015836493414,26.09889799868226,26.32634162902832,39134000,26.32634162902832
2015-07-13,26.4629051965237,27.169569440827292,26.439070047375697,27.141759872436523,44130000,27.141759872436523
2015-07-14,27.152189269127874,28.100152695838812,27.149707625008205,27.864316940307617,64882000,27.864316940307617
2015-07-15,27.81614500752723,28.132628496550637,27.650280258898356,27.820613861083984,35692000,27.820613861083984
2015-07-16,28.063952392391883,28.83666442292074,28.05799265743973,28.795446395874023,95366000,28.795446395874023
2015-07-17,32.229449474952716,33.4941939786479,32.03080804713892,33.417816162109375,223298000,33.417816162109375
2015-07-20,32.737967471099154,33.216689894066654,32.428584111664236,32.925682067871094,117218000,32.925682067871094
2015-07-21,32.53784031806915,33.421294367780604,32.49264786810643,32.889930725097656,67544000,32.889930725097656
2015-07-22,32.819907358103585,33.70137611059898,32.72605194279918,32.87999725341797,78586000,32.87999725341797
2015-07-23,32.8387753547237,32.955973369404425,31.83216364120033,31.99505043029785,60582000,31.99505043029785
2015-07-24,32.130122397920395,32.18822696816312,30.91444263615959,30.966089248657227,72514000,30.966089248657227
2015-07-27,30.83895944748537,31.49944050289263,30.814129745681786,31.14983367919922,53508000,31.14983367919922
2015-07-28,31.426440083726046,31.426440083726046,30.953675518790703,31.186580657958984,34546000,31.186580657958984
2015-07-29,31.22631202071136,31.45276111334182,30.920901174991712,31.38174819946289,31502000,31.38174819946289
2015-07-30,31.28590100914993,31.545126727826243,30.89110364381535,31.414520263671875,29484000,31.414520263671875
2015-07-31,31.354431021559108,31.43041100321443,31.062428669102413,31.06789207458496,34122000,31.06789207458496
2015-08-03,31.054485084266965,31.437662296150826,31.054485084266965,31.345989227294922,26090000,31.345989227294922
2015-08-04,31.20743729545954,31.524765687733094,31.144865766614718,31.248655319213867,29818000,31.248655319213867
2015-08-05,31.500926514752955,32.17283064716267,31.442825737885208,31.97021484375,46686000,31.97021484375
2015-08-06,32.030804892366625,32.04962750039238,31.39763706115892,31.915592193603516,31452000,31.915592193603516
2015-08-07,31.793927388426944,31.915592362687246,31.271501504931532,31.549100875854492,28078000,31.549100875854492
2015-08-10,31.75668241334567,31.953336616169647,31.347929087549904,31.47113609313965,36184000,31.47113609313965
2015-08-11,33.23257786010884,33.515640617980736,32.49115355728928,32.8144416809082,100584000,32.8144416809082
2015-08-12,32.92865912356369,33.02400730018618,32.39282480046153,32.75385665893555,58734000,32.75385665893555
2015-08-13,32.742031622415176,32.999171596735735,32.361586155686275,32.59940719604492,36214000,32.59940719604492
2015-08-14,32.5279043943148,32.768506438781564,32.41120270349745,32.632686614990234,21442000,32.632686614990234
2015-08-17,32.61679678472118,32.84424043317285,32.34068638635094,32.818912506103516,21034000,32.818912506103516
2015-08-18,32.87005982152452,32.97434569876395,32.45092720864128,32.583518981933594,29122000,32.583518981933594
2015-08-19,32.60686517220939,33.12332753848405,32.487181723053396,32.82040023803711,42682000,32.82040023803711
2015-08-20,32.55024788674336,32.92419186877691,31.92651790248578,32.121681213378906,57106000,32.121681213378906
2015-08-21,31.771579543665354,31.78498610552119,30.408408593681937,30.415857315063477,85304000,30.415857315063477
2015-08-24,28.455271652438228,29.76282339343507,28.060474284868658,29.280126571655273,115406000,29.280126571655273
2015-08-25,30.536529506979406,30.662665222051203,28.858015570715104,28.905193328857422,70760000,28.905193328857422
2015-08-26,30.310079988295644,31.37082184323704,29.748919623798905,31.217370986938477,84718000,31.217370986938477
2015-08-27,31.752702845914943,31.96078015599444,30.888617198316542,31.6638126373291,69826000,31.6638126373291
2015-08-28,31.42594385303015,31.62756322786505,31.015750816739864,31.304771423339844,39574000,31.304771423339844
2015-08-31,31.1637397350287,31.573932790689973,30.674090493723796,30.702396392822266,43534000,30.702396392822266
2015-09-01,29.913297187821758,30.434728544375194,29.50310411653093,29.686349868774414,74042000,29.686349868774414
2015-09-02,30.073696168203202,30.508222579956055,29.781695692531887,30.508222579956055,51512000,30.508222579956055
2015-09-03,30.640322996869916,30.77490200212552,29.936191456217667,30.106475830078125,35192000,30.106475830078125
2015-09-04,29.796096269826805,29.968417087207616,29.56021126544459,29.83085823059082,41780000,29.83085823059082
2015-09-08,30.416352528335295,30.606054329726085,30.000696083272338,30.52411460876465,45590000,30.52411460876465
2015-09-09,30.8498888807413,31.113087152118585,30.27283648366079,30.427776336669922,34042000,30.427776336669922
2015-09-10,30.44664747489156,30.99588839302482,30.363715091276017,30.856342315673828,38106000,30.856342315673828
2015-09-11,30.776885224390238,31.07633632517587,30.661178090440195,31.07583999633789,27470000,31.07583999633789
2015-09-14,31.07236614874196,31.08031119951992,30.7609974491549,30.95020294189453,34046000,30.95020294189453
2015-09-15,31.122022220503226,31.717944535805422,30.977014640236888,31.541154861450195,41688000,31.541154861450195
2015-09-16,31.557544451751735,31.680700308089808,31.401113724752108,31.582870483398438,25730000,31.582870483398438
2015-09-17,31.672757063950097,32.32380035756568,31.535198191419468,31.92652130126953,45494000,31.92652130126953
2015-09-18,31.623093729049785,31.782502418399883,31.13791337452085,31.248655319213867,102668000,31.248655319213867
2015-09-21,31.50440654692814,31.608196105149815,31.084283131298893,31.556053161621094,35770000,31.556053161621094
2015-09-22,31.136921065656004,31.164234305528524,30.56235226508901,30.92288589477539,51258000,30.92288589477539
2015-09-23,30.89110418434453,31.232765957011235,30.78929994457791,30.906497955322266,29418000,30.906497955322266
2015-09-24,30.62244425883173,31.152813310040926,30.41188526954059,31.07733154296875,44802000,31.07733154296875
2015-09-25,31.274479870335362,31.274479870335362,30.34235730891256,30.390527725219727,43480000,30.390527725219727
2015-09-28,30.309586063840918,30.52138588481763,29.268708645904713,29.542335510253906,62554000,29.542335510253906
2015-09-29,29.661021081129398,30.044397203217947,29.310419710310786,29.546306610107422,46190000,29.546306610107422
2015-09-30,29.958982103318686,30.231119957888616,29.83235005412735,30.214235305786133,48268000,30.214235305786133
2015-10-01,30.211752448681295,30.396487167964494,29.78864729421853,30.356760025024414,37352000,30.356760025024414
2015-10-02,30.153649918880998,31.153805516300306,29.951532324005157,31.1324520111084,53696000,31.1324520111084
2015-10-05,31.38522018944503,31.931979392072982,31.13691939980446,31.85550308227539,36072000,31.85550308227539
2015-10-06,31.724901049219856,32.2418654724693,31.61018656167393,32.05265808105469,43326000,32.05265808105469
2015-10-07,32.2413696043123,32.309351507687744,31.392675611621122,31.89970588684082,41854000,31.89970588684082
2015-10-08,31.850042376357067,32.00349133774603,31.065410905285113,31.74078941345215,43642000,31.74078941345215
2015-10-09,31.782499725874757,32.07996357428416,31.549990536843932,31.961772918701172,32974000,31.961772918701172
2015-10-12,31.886295365596208,32.204616449375806,31.733342723247844,32.113739013671875,25504000,32.113739013671875
2015-10-13,31.938938623362258,32.6670531111118,31.938938623362258,32.39332962036133,36154000,32.39332962036133
2015-10-14,32.43851613165314,32.74541786256158,32.22199929627389,32.33671188354492,28310000,32.33671188354492
2015-10-15,32.510523725408305,32.93114536299605,32.50058957118327,32.862117767333984,37714000,32.862117767333984
2015-10-16,32.97980819873734,33.02251520603865,32.63665557646204,32.88495635986328,32222000,32.88495635986328
2015-10-19,32.83430218907822,33.11438697223595,32.75484790449789,33.07863235473633,29546000,33.07863235473633
2015-10-20,32.976334281264414,33.01010358611205,31.990829802129582,32.29301071166992,49964000,32.29301071166992
2015-10-21,32.48519881492803,32.57061284758855,31.868417356230765,31.912120819091797,35822000,31.912120819091797
2015-10-22,32.115228451859984,32.66645659771545,31.981643999550048,32.36800003051758,81420000,32.36800003051758
2015-10-23,36.127762775595585,36.251913163140586,34.8365995028814,34.861427307128906,133078000,34.861427307128906
2015-10-26,34.839086308236695,35.7131062268987,34.82468519455957,35.39677047729492,54332000,35.39677047729492
2015-10-27,35.12860826366231,35.43848797717947,34.988071416244054,35.18373107910156,44916000,35.18373107910156
2015-10-28,35.12612782810554,35.406705203721415,34.91507059650662,35.405216217041016,43578000,35.405216217041016
2015-10-29,35.28354619884414,35.66890574759534,35.25921093145292,35.60236358642578,29120000,35.60236358642578
2015-10-30,35.54326897159622,35.656000031725405,35.26119883999853,35.29894256591797,38176000,35.29894256591797
2015-11-02,35.311353029253,35.83576417185151,35.05262175944323,35.8104362487793,37726000,35.8104362487793
2015-11-03,35.69870372164515,35.98623344391674,35.49310992998162,35.86258316040039,31308000,35.86258316040039
2015-11-04,35.854642119315734,36.405870323174355,35.84967883010648,36.15806579589844,34134000,36.15806579589844
2015-11-05,36.22559576580086,36.72269368840334,36.22559576580086,36.31399154663086,37232000,36.31399154663086
2015-11-06,36.32641346062947,36.52058414060551,36.10343676141681,36.43864440917969,30232000,36.43864440917969
2015-11-09,36.26184442248864,36.48581372762035,35.7270066008286,35.99814987182617,41396000,35.99814987182617
2015-11-10,35.9738205732517,36.28121480698938,35.68082366351539,36.168487548828125,32160000,36.168487548828125
2015-11-11,36.37408413817196,36.79818008192554,36.263342186682486,36.520084381103516,27328000,36.520084381103516
2015-11-12,36.30157658508461,36.63926582819668,36.184628634730174,36.3129997253418,36744000,36.3129997253418
2015-11-13,36.21069640376163,36.30902254419434,35.592922417089454,35.60633087158203,41510000,35.60633087158203
2015-11-16,35.536808816244815,36.22658839926328,35.32476275467799,36.20027160644531,38118000,36.20027160644531
2015-11-17,36.2166616265194,36.3435437402673,35.90563772017167,36.018516540527344,30218000,36.018516540527344
2015-11-18,36.13173854089385,36.818536328055465,36.102932527964164,36.74851608276367,33686000,36.74851608276367
2015-11-19,36.685949722953474,36.847840068838714,36.62089275627522,36.66956329345703,26542000,36.66956329345703
2015-11-20,37.07280385255503,37.63843311587148,36.89750504180874,37.57288360595703,44246000,37.57288360595703
2015-11-23,37.6150895662798,37.876200196136615,37.33550110741401,37.54208755493164,28290000,37.54208755493164
2015-11-24,37.344442774864966,37.50728031786106,36.63082795778419,37.15970993041992,46662000,37.15970993041992
2015-11-25,37.15275531911749,37.34444054494559,37.049462090573,37.15325164794922,22442000,37.15325164794922
2015-11-27,37.16864150344471,37.41446064496047,37.120471090454295,37.25802993774414,16770000,37.25802993774414
2015-11-30,37.18603054566176,37.489950545907384,36.81159395216077,36.87764358520508,41952000,36.87764358520508
2015-12-01,37.101602553104264,38.18617954130079,37.0812417050161,38.091331481933594,42692000,38.091331481933594
2015-12-02,38.18369733287489,38.53404864581425,37.690077486584656,37.85991287231445,44608000,37.85991287231445
2015-12-03,38.04018023479625,38.188415850904306,37.0281089065599,37.37125778198242,51812000,37.37125778198242
2015-12-04,37.39906833795078,38.163338990212004,37.24512304178442,38.07991027832031,55146000,38.07991027832031
2015-12-07,38.1275837994011,38.17525788959384,37.49789405006138,37.90311813354492,36246000,37.90311813354492
2015-12-08,37.63694040877191,37.980093063276776,37.45369277666249,37.85941696166992,36590000,37.85941696166992
2015-12-09,37.70051010949274,37.95178892588908,36.59959578970842,37.32508087158203,54000000,37.32508087158203
2015-12-10,37.3866538684455,37.5356320775501,36.93871900595957,37.21830368041992,39768000,37.21830368041992
2015-12-11,36.80612562673731,37.032080281076546,36.587127153781886,36.692405700683594,44488000,36.692405700683594
2015-12-14,36.837416561862966,37.18205825011637,35.96240388365582,37.13438415527344,48250000,37.13438415527344
2015-12-15,37.39410696125803,37.64637842522717,36.89800162418632,36.91736602783203,53324000,36.91736602783203
2015-12-16,37.24512367964493,37.77102388638658,36.7204624006624,37.646873474121094,39866000,37.646873474121094
2015-12-17,37.86189945840696,37.8748115856098,37.19546244234924,37.21681594848633,31068000,37.21681594848633
2015-12-18,37.07180622724002,37.45021715865734,36.65664802043581,36.71425247192383,62974000,36.71425247192383
2015-12-21,37.052940752051335,37.24512611809344,36.748524436518856,37.13438415527344,30514000,37.13438415527344
2015-12-22,37.32706072305446,37.48597308777971,37.02314077815778,37.245121002197266,27308000,37.245121002197266
2015-12-23,37.41744417968406,37.454191458671275,36.947163119338946,37.26051712036133,31318000,37.26051712036133
2015-12-24,37.22277658898761,37.31216503514641,37.077272673153146,37.16566467285156,10544000,37.16566467285156
2015-12-28,37.390134133424404,37.890213911553715,37.221291378423615,37.86637496948242,30306000,37.86637496948242
2015-12-29,38.07394359493387,38.73392823688446,38.06103146967329,38.566078186035156,35300000,38.566078186035156
2015-12-30,38.56608241549523,38.61574181818027,38.08437825303432,38.28798294067383,25866000,38.28798294067383
2015-12-31,38.2134929810092,38.2134929810092,37.6592869090926,37.68610382080078,30018000,37.68610382080078
2016-01-04,36.89750540430463,36.95014278654776,36.314394750440954,36.83989715576172,65456000,36.83989715576172
2016-01-05,37.06882568499458,37.34443973138614,36.680980704762746,36.876644134521484,39014000,36.876644134521484
2016-01-06,36.25192012209986,37.10508290086902,36.19828629570052,36.92829132080078,38940000,36.92829132080078
2016-01-07,36.26731409214426,36.6740309632769,35.70863723789701,36.07264709472656,59274000,36.07264709472656
2016-01-08,36.32392626934838,36.41232206078351,35.40769940143087,35.48069763183594,49018000,35.48069763183594
2016-01-11,35.58697252166209,35.6984570767674,34.93791076790848,35.55816650390625,41812000,35.55816650390625
2016-01-12,35.83874926044054,36.189847007826735,35.62208086488032,36.056758880615234,40490000,36.056758880615234
2016-01-13,36.2941266869493,36.4873046748109,34.693083648555096,34.789920806884766,50034000,34.789920806884766
2016-01-14,35.029285688350384,35.85091069545426,34.22081907821444,35.49311065673828,44516000,35.49311065673828
2016-01-15,34.37923213772879,35.09682512494133,34.03558693428019,34.48649978637695,72162000,34.48649978637695
2016-01-19,34.925992883867536,35.25772240268522,34.43485466918967,34.85100555419922,45362000,34.85100555419922
2016-01-20,34.196485922293355,35.10228608047107,33.434200578260224,34.685142517089844,68900000,34.685142517089844
2016-01-21,34.870372271277816,35.71508980386862,34.48699426027191,35.08937072753906,48244000,35.08937072753906
2016-01-22,35.93408964480867,36.159051609256515,35.76132176588754,36.016029357910156,40236000,36.016029357910156
2016-01-25,35.93310158259301,36.23602887991339,35.259212049387784,35.34164810180664,34234000,35.34164810180664
2016-01-26,35.449908596284224,35.66990351351016,35.08391343561902,35.40968322753906,26634000,35.40968322753906
2016-01-27,35.44096875359453,35.667669803909426,34.4835238531036,34.761619567871094,43884000,34.761619567871094
2016-01-28,35.86556476022544,36.43516843419715,35.3754191696017,36.29959487915039,53528000,36.29959487915039
2016-01-29,36.32789752644947,36.996323627118805,36.093005177021126,36.895015716552734,69486000,36.895015716552734
2016-02-01,37.26796414382612,37.635452072033225,36.9109104873707,37.34444046020508,102784000,37.34444046020508
2016-02-02,38.95839942208988,39.225075791400755,37.9726448059082,37.9726448059082,126962000,37.9726448059082
2016-02-03,38.24925327184372,38.46179568312572,35.78014984554739,36.10045623779297,123420000,36.10045623779297
2016-02-04,35.89486132213648,36.102936767335834,34.85448030736994,35.15989303588867,103374000,35.15989303588867
2016-02-05,34.954298175827624,34.96025791044374,33.77635833390023,33.946197509765625,102114000,33.946197509765625
2016-02-08,33.16554442036339,33.96904404490879,32.92767028007529,33.90498352050781,84948000,33.90498352050781
2016-02-09,33.38752289722088,34.757148050942284,33.21122764629747,33.675052642822266,72178000,33.675052642822266
2016-02-10,34.10957682560723,34.82716600316446,33.87468447537826,33.9735107421875,52760000,33.9735107421875
2016-02-11,33.52061263445481,34.233234816573464,33.21609781881839,33.92335510253906,60480000,33.92335510253906
2016-02-12,34.27842630212339,34.45173979465032,33.69938859088496,33.88809585571289,42828000,33.88809585571289
2016-02-16,34.41350026198089,34.66279753961071,34.01969550754933,34.3151741027832,50400000,34.3151741027832
2016-02-17,34.66726481448244,35.24630253977301,34.33404627818995,35.17926025390625,49852000,35.17926025390625
2016-02-18,35.258716830705666,35.37541852050044,34.56496275580985,34.630516052246094,37664000,34.630516052246094
2016-02-19,34.51530012629001,34.9151138191481,34.46663338174589,34.80730438232422,31786000,34.80730438232422
2016-02-22,35.132083150131244,35.41961288290493,34.88676031185089,35.08292007446289,38996000,35.08292007446289
2016-02-23,34.83411833377464,35.1792563018415,34.443295381691655,34.55602264404297,40186000,34.55602264404297
2016-02-24,34.211879263512024,34.762114728179654,33.80764783295925,34.740264892578125,39272000,34.740264892578125
2016-02-25,34.762612715978996,35.05908396921508,34.29456701286693,35.04766082763672,32844000,35.04766082763672
2016-02-26,35.18819543594479,35.42904750419384,34.80481744189124,35.01388931274414,44870000,35.01388931274414
2016-02-29,34.778003049700374,35.3029105612111,34.64690025402823,34.651371002197266,49622000,34.651371002197266
2016-03-01,34.941883910568976,35.69622039794922,34.75069122072443,35.69622039794922,43028000,35.69622039794922
2016-03-02,35.70565657628546,35.75531597961434,35.358033175444106,35.69820785522461,32580000,35.69820785522461
2016-03-03,35.689763332413065,35.72800338481649,35.06106625764179,35.37889099121094,39160000,35.37889099121094
2016-03-04,35.50652216384979,35.5810131701899,35.061068901176505,35.302913665771484,39442000,35.302913665771484
2016-03-07,35.104767267789896,35.16390995840605,34.11156409745792,34.52175521850586,59702000,34.52175521850586
2016-03-08,34.1954928755336,34.95032570063209,34.03409506940914,34.46266555786133,41526000,34.46266555786133
2016-03-09,34.686138550722035,35.04418870519075,34.46415829083434,35.0223388671875,28430000,35.0223388671875
2016-03-10,35.165350761535024,35.578523656695694,34.92896943034372,35.39875411987305,56670000,35.39875411987305
2016-03-11,35.755319829004655,36.09896884751806,35.61254760827479,36.09400177001953,39416000,36.09400177001953
2016-03-14,36.09349764933739,36.52504603919354,36.011061609000166,36.276248931884766,34366000,36.276248931884766
2016-03-15,36.09896321163235,36.365635747979944,35.992191900318694,36.168983459472656,34420000,36.168983459472656
2016-03-16,36.07165493725662,36.62288307752662,35.97928472583464,36.554351806640625,32488000,36.554351806640625
2016-03-17,36.57222933080777,36.90098091845995,36.549883164345026,36.63827896118164,37216000,36.63827896118164
2016-03-18,36.840887059239805,36.84783945175366,36.34279644243667,36.629337310791016,59614000,36.629337310791016
2016-03-21,36.5747070231329,36.87266721255116,36.4265206756064,36.8523063659668,36730000,36.8523063659668
2016-03-22,36.622379665909094,36.996816150277915,36.622379665909094,36.78575897216797,25394000,36.78575897216797
2016-03-23,36.86571857009246,37.032575990034935,36.55732786723966,36.65217971801758,28642000,36.65217971801758
2016-03-24,36.35173452511863,36.636634859103424,36.30157879048792,36.51511764526367,31898000,36.51511764526367
2016-03-28,36.58911736148862,36.69837034253643,36.376074806199455,36.427223205566406,26026000,36.427223205566406
2016-03-29,36.47985801406075,37.10855508550896,36.19033918031834,36.98539733886719,38076000,36.98539733886719
2016-03-30,37.25008509469096,37.63644105831174,37.18254649262079,37.27143859863281,35648000,37.27143859863281
2016-03-31,37.207877837081895,37.2873321260001,36.79520125497996,36.99433898925781,34376000,36.99433898925781
2016-04-01,36.67899914736391,37.26200749949508,36.599541062641634,37.24065399169922,31534000,37.24065399169922
2016-04-04,37.248100515387904,37.384170393621275,36.86919322624263,37.01122283935547,22684000,37.01122283935547
2016-04-05,36.649201121898116,36.887567778114835,36.51859465317728,36.63926696777344,22646000,36.63926696777344
2016-04-06,36.53846253608863,37.058403025917414,36.52803205217454,37.031089782714844,21074000,37.031089782714844
2016-04-07,37.015199866801574,37.09614315029527,36.56378685838289,36.762428283691406,29064000,36.762428283691406
2016-04-08,36.94567338154446,37.019167938024474,36.52753338067818,36.7063102722168,25816000,36.7063102722168
2016-04-11,36.89850057606976,36.9968267429917,36.552369887433485,36.55485153198242,24402000,36.55485153198242
2016-04-12,36.649194555755024,36.9387133396728,36.30206753903649,36.90196228027344,27060000,36.90196228027344
2016-04-13,37.203407509457655,37.46263513375988,36.96012302814086,37.330535888671875,34142000,37.330535888671875
2016-04-14,37.44425902840048,37.608138471402825,37.37945212331529,37.40403366088867,22706000,37.40403366088867
2016-04-15,37.44276891912083,37.79138118289664,37.3789054195968,37.69206237792969,36186000,37.69206237792969
2016-04-18,37.764567878794935,38.141489864642146,37.607644606612276,38.06998062133789,31176000,38.06998062133789
2016-04-19,38.213993277887624,38.2333614704402,37.211852230404546,37.44028854370117,40610000,37.44028854370117
2016-04-20,37.64239942837403,37.64895399907678,37.24561299716758,37.377708435058594,30584000,37.377708435058594
2016-04-21,37.512294632423504,37.76406974731523,37.222775793477915,37.69901657104492,61210000,37.69901657104492
2016-04-22,36.068176984725795,36.55584093338616,35.43799087624664,35.694236755371094,119038000,35.694236755371094
2016-04-25,35.56164193109815,35.95047957082353,35.536314006032484,35.911746978759766,39184000,35.911746978759766
2016-04-26,36.02448131561288,36.041663389319204,34.91239006522675,35.16635513305664,54892000,35.16635513305664
2016-04-27,35.12413722701813,35.20806606044988,34.38296288107857,35.05213165283203,61972000,35.05213165283203
2016-04-28,35.17230277406831,35.46579601403946,34.24316388756198,34.316162109375,57346000,34.316162109375
2016-04-29,34.30027310507797,34.64392208656172,34.215851740549944,34.41498947143555,49754000,34.41498947143555
2016-05-02,34.64441936074699,34.793897692387354,34.31517148357974,34.673221588134766,32906000,34.673221588134766
2016-05-03,34.60667888315487,34.65484930585407,34.36483411189992,34.382713317871094,30876000,34.382713317871094
2016-05-04,34.2898450511775,34.749695578469805,34.21634671236012,34.5485725402832,33870000,34.5485725402832
2016-05-05,34.647893119559654,34.87732585493973,34.549566969408005,34.833126068115234,33670000,34.833126068115234
2016-05-06,34.681663362231824,35.35108214728756,34.66810714403034,35.314334869384766,36586000,35.314334869384766
2016-05-09,35.358032919612505,35.69125520474056,35.25871411367338,35.40272903442383,30206000,35.40272903442383
2016-05-10,35.59392100507749,35.92912481002241,35.542768827909754,35.91323471069336,31392000,35.91323471069336
2016-05-11,35.92466210067336,35.977795810581085,35.3977654399883,35.521419525146484,33842000,35.521419525146484
2016-05-12,35.609317501688,35.71807413882659,35.20905670482791,35.423091888427734,27214000,35.423091888427734
2016-05-13,35.35456087058506,35.58955174161818,35.22196908168941,35.29993438720703,26290000,35.29993438720703
2016-05-16,35.21551010484376,35.6798313863781,35.04269296098135,35.58100891113281,26342000,35.58100891113281
2016-05-17,35.556181050667114,35.83080246022976,34.96622032129292,35.07149887084961,40024000,35.07149887084961
2016-05-18,34.94436531028026,35.33817382812671,34.79340177910785,35.09136199951172,35336000,35.09136199951172
2016-05-19,34.87931160576405,35.06007380838088,34.60320122475581,34.77800369262695,33404000,34.77800369262695
2016-05-20,34.8425650648016,35.48615959939167,34.787938582043004,35.24580383300781,36568000,35.24580383300781
2016-05-23,35.08639524895548,35.33211212539648,34.969693561655774,34.97267532348633,26614000,34.97267532348633
2016-05-24,35.10277424118903,35.80348054537381,35.10277424118903,35.75978088378906,38590000,35.75978088378906
2016-05-25,35.79305945945323,36.12826709547614,35.74066834804282,36.01702880859375,32584000,36.01702880859375
2016-05-26,35.8978437712666,36.16898708270369,35.76922261376411,35.95991897583008,31526000,35.95991897583008
2016-05-27,35.954454784299166,36.447381303322956,35.95395845546493,36.38401412963867,39500000,36.38401412963867
2016-05-31,36.33832764180744,36.73511032383298,36.314488703670726,36.535972595214844,42590000,36.535972595214844
2016-06-01,36.47687967399784,36.60996778458501,36.284694334813345,36.4580078125,25072000,36.4580078125
2016-06-02,36.3760754557973,36.40189971478329,35.96240613818177,36.27178955078125,26836000,36.27178955078125
2016-06-03,36.21566630320272,36.22658932589706,35.783125213061595,35.87152099609375,24526000,35.87152099609375
2016-06-06,35.999146413246066,35.999146413246066,35.48764735494879,35.583988189697266,31306000,35.583988189697266
2016-06-07,35.747367129091884,35.85363831669237,35.58398403440417,35.588951110839844,26724000,35.588951110839844
2016-06-08,35.95197240239952,36.18090501968687,35.784118540628015,36.16650390625,31674000,36.16650390625
2016-06-09,35.89784499400729,36.22907820590988,35.87132360443545,36.18140411376953,19778000,36.18140411376953
2016-06-10,35.728998786187255,36.0478162018959,35.57803145783332,35.72602081298828,24328000,35.72602081298828
2016-06-13,35.58200381238799,36.02546794570818,35.58200381238799,35.67387390136719,25178000,35.67387390136719
2016-06-14,35.58051477504307,35.877978665493,35.41365356657423,35.66940689086914,26122000,35.66940689086914
2016-06-15,35.70565746385733,35.90330242444706,35.621732426054486,35.701683044433594,24290000,35.701683044433594
2016-06-16,35.502550777920554,35.58896126196383,34.92400934314508,35.2765998840332,39650000,35.2765998840332
2016-06-17,35.19167237348176,35.200117541018976,34.188637286611396,34.35092544555664,68048000,34.35092544555664
2016-06-20,34.70103543847489,34.88527575499505,34.434859177949946,34.44975662231445,41650000,34.44975662231445
2016-06-21,34.6826624245652,34.89967940772686,34.3653339547123,34.56050109863281,29312000,34.56050109863281
2016-06-22,34.7154329901079,34.804821435888634,34.41856393279643,34.63597869873047,23686000,34.63597869873047
2016-06-23,34.63548185675295,34.85895107350913,34.116530276808035,34.854976654052734,43428000,34.854976654052734
2016-06-24,33.52905448380125,34.23572072929207,33.443640450483215,33.53153991699219,88980000,33.53153991699219
2016-06-27,33.32196770057878,33.38652833551927,32.938790481405825,33.18589782714844,52580000,33.18589782714844
2016-06-28,33.71775939461975,33.78529420947787,33.42128818773908,33.77089309692383,43476000,33.77089309692383
2016-06-29,33.917888213132386,34.137830056445466,33.83892647334344,33.9730110168457,38652000,33.9730110168457
2016-06-30,34.04055266553109,34.380727380317765,33.950171557091636,34.36980056762695,31954000,34.36980056762695
2016-07-01,34.37476158707696,34.79439052365911,34.37128349682648,34.722877502441406,26894000,34.722877502441406
2016-07-05,34.566452458940674,34.61015212683431,34.20989135737403,34.511329650878906,29252000,34.511329650878906
2016-07-06,34.264518678638495,34.845541657209885,34.220318892079206,34.651371002197266,28238000,34.651371002197266
2016-07-07,34.66676593566145,34.672725670496796,34.17687042791862,34.53169250488281,26084000,34.53169250488281
2016-07-08,34.737282200471874,35.04567290118185,34.58507595422363,35.04170227050781,31504000,35.04170227050781
2016-07-11,35.16188111319866,35.58200645605262,35.12165574173871,35.51148986816406,22236000,35.51148986816406
2016-07-12,35.71161808483892,35.90131800005854,35.55220938418681,35.78710174560547,26738000,35.78710174560547
2016-07-13,35.93509092632777,35.95396279061349,35.59889061529423,35.6053466796875,18718000,35.6053466796875
2016-07-14,35.83377792004499,35.865065579787355,35.65748646838449,35.802494049072266,19004000,35.802494049072266
2016-07-15,36.039868061029,36.04036438985294,35.70838860449242,35.747867584228516,25586000,35.747867584228516
2016-07-18,35.88989709633633,36.556334098169636,35.81441343883297,36.439632415771484,25910000,36.439632415771484
2016-07-19,36.24645931559354,36.59904605454012,36.202263311791604,36.597557067871094,24550000,36.597557067871094
2016-07-20,36.61592817370984,36.85429483010376,36.60450503308887,36.8076171875,25794000,36.8076171875
2016-07-21,36.76639891267857,36.832444745499224,36.54148617898577,36.680484771728516,20526000,36.680484771728516
2016-07-22,36.84089050033263,36.90942177419454,36.5776922179001,36.88459396362305,25196000,36.88459396362305
2016-07-25,36.781794812185765,36.87813565283181,36.62437142344724,36.737098693847656,20648000,36.737098693847656
2016-07-26,36.700850565254655,36.832449708572,36.463972865037476,36.67006301879883,23734000,36.67006301879883
2016-07-27,36.663104677012456,36.970002589071605,36.59953670130163,36.83641815185547,30250000,36.83641815185547
2016-07-28,37.098130546411205,37.17808116846874,36.713759841845935,37.042015075683594,70604000,37.042015075683594
2016-07-29,38.37290487163022,38.66292003013323,38.07792263616959,38.1782341003418,76830000,38.1782341003418
2016-08-01,37.7958539120206,38.75628052173719,37.7958539120206,38.38134765625,54010000,38.38134765625
2016-08-02,38.1732712751886,38.52833961218786,38.13155692128572,38.29146194458008,35690000,38.29146194458008
2016-08-03,38.09828383793119,38.3977330355425,38.08040463397948,38.396244049072266,25748000,38.396244049072266
2016-08-04,38.348566662361506,38.4404367407963,38.17848123011575,38.318275451660156,22806000,38.318275451660156
2016-08-05,38.42604022607503,38.88589457958735,38.354530985402135,38.84517288208008,36024000,38.84517288208008
2016-08-08,38.83424615581213,38.86553381665672,38.64012474735568,38.822330474853516,22158000,38.822330474853516
2016-08-09,38.78955274621309,39.17888671796986,38.76323216328399,38.94647979736328,26378000,38.94647979736328
2016-08-10,38.9211534577973,39.073211946110796,38.87288453017698,38.96733856201172,15728000,38.96733856201172
2016-08-11,38.983225393222206,39.219110394217104,38.88241381406944,38.97577667236328,19502000,38.97577667236328
2016-08-12,38.809418584637946,38.903524049012795,38.75479210161368,38.894832611083984,14810000,38.894832611083984
2016-08-15,38.921151349487374,39.10688062520967,38.74038915074171,38.85609817504883,18764000,38.85609817504883
2016-08-16,38.74981872408423,38.783588023850676,38.40934855860543,38.592891693115234,20560000,38.592891693115234
2016-08-17,38.60183613379572,38.77514960472398,38.413621432516805,38.73045349121094,18484000,38.73045349121094
2016-08-18,38.73542172462235,38.87695500140873,38.58594339800672,38.610774993896484,14388000,38.610774993896484
2016-08-19,38.486627258000006,38.59091314817575,38.39376450892798,38.507484436035156,17230000,38.507484436035156
2016-08-22,38.400711881665835,38.46377973637733,38.240803082197274,38.345088958740234,19028000,38.345088958740234
2016-08-23,38.51045648323373,38.558130566945216,38.326962598768134,38.34161376953125,18564000,38.34161376953125
2016-08-24,38.267125154649484,38.461792131784854,38.09281902483069,38.22044372558594,21440000,38.22044372558594
2016-08-25,38.089342890649064,38.33218408450474,37.89988925062162,38.20902633666992,18538000,38.20902633666992
2016-08-26,38.188667705654225,38.54026176536381,38.032236973240195,38.215484619140625,23334000,38.215484619140625
2016-08-29,38.17574991234287,38.486125898043106,38.07022131945092,38.345088958740234,16952000,38.345088958740234
2016-08-30,38.2050537779148,38.460109977701684,38.081399695227226,38.19313430786133,22600000,38.19313430786133
2016-08-31,38.089842103032844,38.19313533915566,38.008898821056256,38.09183120727539,24972000,38.09183120727539
2016-09-01,38.201080799515,38.28897646664073,37.95526163581033,38.177738189697266,18502000,38.177738189697266
2016-09-02,38.387801804957256,38.43299045948683,38.15936552193957,38.310829162597656,21454000,38.310829162597656
2016-09-06,38.40965893437341,38.83425126441182,38.28799015441764,38.73890686035156,28856000,38.73890686035156
2016-09-07,38.73493264311115,38.87050621069902,38.54622536085843,38.752315521240234,17874000,38.752315521240234
2016-09-08,38.66490433547473,38.752307459305534,38.41610720804843,38.50251388549805,25406000,38.50251388549805
2016-09-09,38.243293549789996,38.39947422077342,37.7248420715332,37.7248420715332,37710000,37.7248420715332
2016-09-12,37.49987947845845,38.252726980667774,37.44376400901771,38.189659118652344,26220000,38.189659118652344
2016-09-13,37.964200133394094,38.05061060461484,37.5331518012687,37.7263298034668,27900000,37.7263298034668
2016-09-14,37.722357058627956,38.123114194556784,37.697529249488355,37.865379333496094,21748000,37.865379333496094
2016-09-15,37.88524320063846,38.427033497894534,37.73973928399693,38.32572937011719,26102000,38.32572937011719
2016-09-16,38.225908265477585,38.225908265477585,37.97314050049215,38.18270492553711,40986000,38.18270492553711
2016-09-19,38.35849890605736,38.436964322487626,37.96226181377783,38.024784088134766,23456000,38.024784088134766
2016-09-20,38.18866613539865,38.403693974537724,38.16532352488775,38.308345794677734,19572000,38.308345794677734
2016-09-21,38.37041912729172,38.59389212333494,38.15395156619898,38.547210693359375,23356000,38.547210693359375
2016-09-22,38.734929302521124,39.224082238481486,38.657460322910715,39.092979431152344,29724000,39.092979431152344
2016-09-23,39.06218575274777,39.178391109572736,38.94101710755788,39.07758331298828,28238000,39.07758331298828
2016-09-26,38.87099874658522,38.87099874658522,38.390783524432415,38.44739532470703,30664000,38.44739532470703
2016-09-27,38.51145947705923,39.03239260749352,38.452263735936675,38.88440704345703,23064000,38.88440704345703
2016-09-28,38.62816049183323,38.824812801961805,38.48513821888617,38.81239700317383,22196000,38.81239700317383
2016-09-29,38.806435299753005,39.02295590797525,38.448487497863084,38.48712158203125,26294000,38.48712158203125
2016-09-30,38.55267531123793,38.78160793144157,38.441433244148705,38.600345611572266,31706000,38.600345611572266
2016-10-03,38.44938063592518,38.53951167486766,38.21349184343458,38.36545181274414,25576000,38.36545181274414
2016-10-04,38.537771742666976,38.67086363652972,38.3818411464527,38.55763626098633,24028000,38.55763626098633
2016-10-05,38.700656866905994,38.837719385317655,38.518902025761484,38.55962371826172,29224000,38.55962371826172
2016-10-06,38.68526974827976,38.75876430791211,38.513445241944744,38.57899475097656,21414000,38.57899475097656
2016-10-07,38.71804422247115,38.71804422247115,38.275568959086925,38.4906005859375,18664000,38.4906005859375
2016-10-10,38.621208852374465,39.200742888214016,38.52983129942713,39.029911041259766,23498000,39.029911041259766
2016-10-11,39.065663064082095,39.3447514154135,38.7637284316488,38.88738250732422,27450000,38.88738250732422
2016-10-12,38.92165002271248,39.13866697105889,38.83722865287266,39.03984069824219,18748000,39.03984069824219
2016-10-13,38.79551341066446,38.79551341066446,38.387307567375906,38.645042419433594,27306000,38.645042419433594
2016-10-14,38.81686801346163,38.931084270033956,38.53628687179374,38.66192626953125,17050000,38.66192626953125
2016-10-17,38.72499943779197,39.02544132289396,38.61077938797773,38.73294448852539,21860000,38.73294448852539
2016-10-18,39.12476394614826,39.80808756353253,39.01129028397833,39.49274444580078,41138000,39.49274444580078
2016-10-19,39.64072960738455,39.95656905074867,39.63030291238997,39.8026237487793,35336000,39.8026237487793
2016-10-20,39.892013891730244,39.92528687113716,39.53098198468339,39.57766342163086,35150000,39.57766342163086
2016-10-21,39.47983283610922,39.703302072503696,39.430173426773784,39.69684600830078,25324000,39.69684600830078
2016-10-24,39.97146376868623,40.481970178991105,39.96749313801428,40.379173278808594,33950000,40.379173278808594
2016-10-25,40.55646647036879,40.55646647036879,39.9833884533062,40.10902786254883,31528000,40.10902786254883
2016-10-26,40.0429776758111,40.074757876962856,39.54538338181204,39.68194580078125,32954000,39.68194580078125
2016-10-27,39.77779263554651,39.901446723006266,39.30602256898667,39.497215270996094,54984000,39.497215270996094
2016-10-28,40.14279043560896,40.49736622585623,39.40980749443379,39.49820327758789,85398000,39.49820327758789
2016-10-31,39.503171166114704,39.57219876719629,38.93357126935831,38.96038818359375,48546000,38.96038818359375
2016-11-01,38.878445209361836,39.20620031054067,38.513442713178094,38.91419982910156,48128000,38.91419982910156
2016-11-02,38.645533241564515,38.81686138594061,37.91304669843369,38.173763275146484,37448000,38.173763275146484
2016-11-03,38.10175656426476,38.23584111643439,37.6935507508907,37.847496032714844,38864000,37.847496032714844
2016-11-04,37.27789699004523,38.256202757297935,37.27297916714817,37.842037200927734,42696000,37.842037200927734
2016-11-07,38.46179380725164,38.99266105825379,38.364956643270624,38.860069274902344,31702000,38.860069274902344
2016-11-08,38.90376820588445,39.51126331192074,38.744359513838305,39.25685501098633,27338000,39.25685501098633
2016-11-09,38.73195411534751,39.29246857404228,38.32126278718874,38.998626708984375,52142000,38.998626708984375
2016-11-10,39.28963190131828,39.28963190131828,37.35338478850698,37.86885452270508,94904000,37.86885452270508
2016-11-11,37.5698986168256,37.78045949195309,37.26399335262778,37.44475555419922,48636000,37.44475555419922
2016-11-14,37.52321636090569,37.634954753938246,36.12975236739363,36.55385208129883,73088000,36.55385208129883
2016-11-15,37.09465506879318,37.961025561283826,37.09465506879318,37.66674041748047,47680000,37.66674041748047
2016-11-16,37.5033520730693,38.057561927211914,37.270448826804646,37.96419906616211,29452000,37.96419906616211
2016-11-17,38.08537657161652,38.37241000773582,37.95178832567702,38.29941177368164,26080000,38.29941177368164
2016-11-18,38.3063668035494,38.48663270987255,37.74173014129437,37.76854705810547,30942000,37.76854705810547
2016-11-21,37.871341955413165,38.22343236884534,37.77152301607943,38.19860076904297,26612000,38.19860076904297
2016-11-22,38.36892922447694,38.583957047994346,38.08934076888538,38.15241241455078,31862000,38.15241241455078
2016-11-23,38.125593354596006,38.1530543542962,37.505834054243046,37.7908821105957,29568000,37.7908821105957
2016-11-25,37.95327818038521,37.99002545902776,37.76754889423854,37.82515335083008,11748000,37.82515335083008
2016-11-28,37.741722383738974,38.71158678356653,37.73179201859136,38.15092086791992,43764000,38.15092086791992
2016-11-29,38.314306375461484,38.66043702235786,38.15092325335685,38.2800407409668,32332000,38.2800407409668
2016-11-30,38.24180719279261,38.386814791443086,37.48498520703698,37.64439392089844,47858000,37.64439392089844
2016-12-01,37.61459694190449,37.73427660567698,36.60078273553186,37.14183044433594,60358000,37.14183044433594
2016-12-02,36.976461414126994,37.44376449803374,36.90246673905505,37.269954681396484,29050000,37.269954681396484
2016-12-05,37.62800407514363,37.935398333068584,37.389137296087796,37.86686706542969,27884000,37.86686706542969
2016-12-06,37.97661336133842,38.180221832820536,37.609625572639125,37.69752502441406,33814000,37.69752502441406
2016-12-07,37.79138107582144,38.30586188024104,37.53314991037729,38.297420501708984,35220000,38.297420501708984
2016-12-08,38.36148071536686,38.64454347414097,38.100764119155826,38.5571403503418,29762000,38.5571403503418
2016-12-09,38.73492288636611,39.20321856606278,38.68630539814298,39.196266174316406,36438000,39.196266174316406
2016-12-12,38.98521361528526,39.29360432140951,38.95119804007784,39.19527816772461,42082000,39.19527816772461
2016-12-13,39.42520138565786,39.945641932323774,39.397391816829575,39.534454345703125,42904000,39.534454345703125
2016-12-14,39.59901277192666,39.92677166514908,39.43066636578443,39.58262634277344,34084000,39.58262634277344
2016-12-15,39.59603666655645,39.87711414099111,39.37653806971472,39.62136459350586,32530000,39.62136459350586
2016-12-16,39.748000297202104,39.770645777122034,39.2459351932856,39.271263122558594,48876000,39.271263122558594
2016-12-19,39.24245665482477,39.61192612562435,39.04629688390096,39.440101623535156,24642000,39.440101623535156
2016-12-20,39.567229105094896,39.66108450103097,39.39391563699786,39.55034255981445,19020000,39.55034255981445
2016-12-21,39.52154148123297,39.5630588176815,39.08751141082466,39.457977294921875,24226000,39.457977294921875
2016-12-22,39.34872437945268,39.39639846642992,39.161009793162656,39.294097900390625,19444000,39.294097900390625
2016-12-23,39.27621766806128,39.36759520915605,39.09644813618199,39.227054595947266,12468000,39.227054595947266
2016-12-27,39.26530266533725,39.621863829148445,39.11518022358089,39.30850601196289,15782000,39.30850601196289
2016-12-28,39.415273287910615,39.44159008303228,38.89384005361535,38.98571014404297,23076000,38.98571014404297
2016-12-29,38.900294847652695,39.02941232989827,38.68129259329544,38.873477935791016,14886000,38.873477935791016
2016-12-30,38.871491542172365,38.872980528619,38.25868458329667,38.328704833984375,35400000,38.328704833984375
2017-01-03,38.67583084595199,39.21315418634705,38.52635629775522,39.03984069824219,33146000,39.03984069824219
2017-01-04,39.15008521081367,39.29807455702289,38.891854031356885,39.07758331298828,21460000,39.07758331298828
2017-01-05,39.03686272063126,39.45400628127621,38.984221552315184,39.4311637878418,26704000,39.4311637878418
2017-01-06,39.49274495934161,40.12044944095981,39.34098198535218,40.03354263305664,32804000,40.03354263305664
2017-01-09,40.04595669857146,40.223043804051734,39.86866878828607,40.058372497558594,25492000,40.058372497558594
2017-01-10,40.11845969411395,40.18152755376016,39.90243541480071,39.965999603271484,23536000,39.965999603271484
2017-01-11,39.97643371159074,40.132864447216406,39.79616782391554,40.12094497680664,21318000,40.12094497680664
2017-01-12,40.082700792370545,40.09511659037095,39.686910764200164,40.043968200683594,27062000,40.043968200683594
2017-01-13,40.09958509754192,40.285511378049776,40.06035239045943,40.119449615478516,21984000,40.119449615478516
2017-01-17,40.07972701111318,40.08270498433531,39.746508478144705,39.95706558227539,27242000,39.95706558227539
2017-01-18,40.016655591483435,40.036270052045374,39.77729249028168,40.02956771850586,25888000,40.02956771850586
2017-01-19,39.98238997690709,40.19890679712066,39.817517876037165,39.83613967895508,18386000,39.83613967895508
2017-01-20,40.07128381660806,40.07128381660806,39.81205618476368,39.97742462158203,33400000,39.97742462158203
2017-01-23,40.08816296493175,40.76453409427209,39.91385683577853,40.68706512451172,39272000,40.68706512451172
2017-01-24,40.83554789056517,41.01432096625541,40.61311682714198,40.91351318359375,29480000,40.91351318359375
2017-01-25,41.19905847228522,41.50447116591355,40.97260751973007,41.49950408935547,29890000,41.49950408935547
2017-01-26,41.60577684078872,41.615214665480146,41.06944621547009,41.32469940185547,59478000,41.32469940185547
2017-01-27,41.45183725595178,41.81137637075344,40.743185721298026,40.885711669921875,59316000,40.885711669921875
2017-01-30,40.45615266850683,40.51474978535619,39.71820256892715,39.843345642089844,64932000,39.843345642089844
2017-01-31,39.57219225808422,39.790201838220725,39.25734930958206,39.56871795654297,43212000,39.56871795654297
2017-02-01,39.71224210753645,39.78722944204279,39.29062778943487,39.514347076416016,40594000,39.514347076416016
2017-02-02,39.420236119623816,39.86221126827818,39.33084767445946,39.655128479003906,30642000,39.655128479003906
2017-02-03,39.87661502372638,40.02608956435997,39.746504884825995,39.8021240234375,29268000,39.8021240234375
2017-02-06,39.713234336782186,39.81106416415677,39.49224675530675,39.794677734375,23690000,39.794677734375
2017-02-07,39.92627895542802,40.24956712965412,39.816529652235545,40.07426452636719,24824000,40.07426452636719
2017-02-08,40.07575202383921,40.316107800637376,39.886548430123256,40.144283294677734,23106000,40.144283294677734
2017-02-09,40.200399240956344,40.257511159842615,39.953591186021384,40.202884674072266,19794000,40.202884674072266
2017-02-10,40.30915640529673,40.48545166415897,40.213808218399244,40.406986236572266,22700000,40.406986236572266
2017-02-13,40.52269607533589,40.7689623442207,40.49737193586873,40.683597564697266,24266000,40.683597564697266
2017-02-14,40.671673478713465,40.870314884677214,40.52269147704823,40.74367904663086,21094000,40.74367904663086
2017-02-15,40.689549072884205,40.87031506425499,40.64535307428137,40.67068099975586,26272000,40.67068099975586
2017-02-16,40.717856738553365,40.93984076517365,40.670682764915384,40.927921295166016,25752000,40.927921295166016
2017-02-17,40.87130693530322,41.12208938598633,40.8035182690552,41.12208938598633,32220000,41.12208938598633
2017-02-21,41.151387265689635,41.38926137433123,41.135993494929394,41.30036926269531,25246000,41.30036926269531
2017-02-22,41.15139037924473,41.37933035132166,41.150397721542454,41.25567626953125,19658000,41.25567626953125
2017-02-23,41.22389144007181,41.34009678727979,40.86435237617926,41.28398132324219,29456000,41.28398132324219
2017-02-24,41.105209595736824,41.16827745957653,40.92990700099938,41.15039825439453,27844000,41.15039825439453
2017-02-27,40.9472861508867,41.242764711352656,40.91997291112675,41.18217849731445,22030000,41.18217849731445
2017-02-28,40.9999244461156,41.14542835557202,40.73126279057046,40.880741119384766,45216000,40.880741119384766
2017-03-01,41.16082483544726,41.52855901879773,41.08186308934224,41.478153228759766,29930000,41.478153228759766
2017-03-02,41.40912682503031,41.441899682542626,41.200054937950036,41.24922180175781,18850000,41.24922180175781
2017-03-03,41.24574336755201,41.28547240581915,41.006929640672915,41.172245025634766,17928000,41.172245025634766
2017-03-06,41.06647087835388,41.162315385195306,40.84051623159699,41.107688903808594,22180000,41.107688903808594
2017-03-07,41.08881677232533,41.38727710267609,41.04511710301063,41.31278610229492,20752000,41.31278610229492
2017-03-08,41.39224130476147,41.62266670332716,41.30682727955076,41.48461151123047,19796000,41.48461151123047
2017-03-09,41.515898690846,41.81385893391926,41.42700656792362,41.64898681640625,25230000,41.64898681640625
2017-03-10,41.877419746579776,41.9583630160754,41.68970137780847,41.87592697143555,34080000,41.87592697143555
2017-03-13,41.91317441585155,42.14583137878618,41.8759270238179,41.98965072631836,24472000,41.98965072631836
2017-03-14,41.8952956814394,42.07407255664542,41.75426252748125,41.993621826171875,15598000,41.993621826171875
2017-03-15,42.091454523232585,42.14309923847407,41.75277264074768,42.072086334228516,27630000,42.072086334228516
2017-03-16,42.16296664035007,42.253347739782065,42.01895171809019,42.150550842285156,19552000,42.150550842285156
2017-03-17,42.29109355665675,42.379981885256946,42.0676205467328,42.3164176940918,34246000,42.3164176940918
2017-03-20,42.21163776332103,42.22206824718342,41.97028932433861,42.131683349609375,24630000,42.131683349609375
2017-03-21,42.280660710834574,42.38494659413062,41.16926682454289,41.24077606201172,49270000,41.24077606201172
2017-03-22,41.312783490236036,41.49354567951842,41.077891152174004,41.19757080078125,28030000,41.19757080078125
2017-03-23,40.77098970666979,40.84895879314071,40.33681188300382,40.60115432739258,69742000,40.60115432739258
2017-03-24,40.725306156730454,40.8171762415367,40.169607322247906,40.444725036621094,39620000,40.444725036621094
2017-03-27,40.073268582527874,40.802280930814625,39.8954843494107,40.696998596191406,37886000,40.696998596191406
2017-03-28,40.74169325413266,41.01879628831635,40.42471341945151,40.76702117919922,32410000,40.76702117919922
2017-03-29,40.969635163506496,41.35524478986371,40.83952501898727,41.28795623779297,35726000,41.28795623779297
2017-03-30,41.39174969920678,41.40068740806344,41.168280456398925,41.29243087768555,21106000,41.29243087768555
2017-03-31,41.1667883259737,41.29938011709778,41.08832290152005,41.19608688354492,28038000,41.19608688354492
2017-04-03,41.17920366704653,41.756752429718965,41.17920366704653,41.64253616333008,33430000,41.64253616333008
2017-04-04,41.28547274478066,41.47517265259384,41.17006303234588,41.444881439208984,20908000,41.444881439208984
2017-04-05,41.49156472812415,41.83620638637659,41.25369060350649,41.28795623779297,31106000,41.28795623779297
2017-04-06,41.337117509284596,41.535262584874225,41.04213905876821,41.11265563964844,25088000,41.11265563964844
2017-04-07,41.116630225932994,41.14270454122991,40.7468121727774,40.953250885009766,21146000,40.953250885009766
2017-04-10,40.9890068140861,41.18565913961713,40.90855606885788,40.95623016357422,19578000,40.95623016357422
2017-04-11,40.955233923170944,41.090159593720344,40.573348658727596,40.8876953125,21594000,40.8876953125
2017-04-12,40.817180301861455,41.05207267295659,40.771987853800695,40.93586730957031,18010000,40.93586730957031
2017-04-13,40.827604324209524,41.03816520085013,40.79284236211906,40.89812469482422,22448000,40.89812469482422
2017-04-17,40.970132014956036,41.6028035408238,40.94331510180109,41.57400131225586,17900000,41.57400131225586
2017-04-18,41.42749644767177,41.66139613032116,41.35251291127728,41.55661392211914,16734000,41.55661392211914
2017-04-19,41.7041101384619,41.82478625480294,41.53030031028868,41.625648498535156,19084000,41.625648498535156
2017-04-20,41.78604778792849,41.972769735289475,41.68076923850333,41.796478271484375,19180000,41.796478271484375
2017-04-21,41.85755773656735,41.90721714008944,41.74433035621656,41.87295150756836,26472000,41.87295150756836
2017-04-24,42.270732249262586,42.87906849026919,42.20418629697569,42.84480285644531,27450000,42.84480285644531
2017-04-25,42.95603691671715,43.452638499569375,42.847280291078015,43.31855773925781,33440000,43.31855773925781
2017-04-26,43.414403094541704,43.50478798702769,43.09250921184515,43.290252685546875,24744000,43.290252685546875
2017-04-27,43.38312113856936,43.47250958854488,43.223216101854355,43.415401458740234,40536000,43.415401458740234
2017-04-28,45.22352713220469,45.53092140380154,44.980689711627015,44.9901237487793,65526000,44.9901237487793
2017-05-01,44.7904853686707,45.47281624804314,44.766150101679706,45.31837463378906,42320000,45.31837463378906
2017-05-02,45.171873372910554,45.72558688033755,45.16357975647385,45.510555267333984,31744000,45.510555267333984
2017-05-03,45.4320986395571,46.0895979822705,45.317037485932474,46.03696060180664,29990000,46.03696060180664
2017-05-04,45.98878856611594,46.47843780674946,45.915290221067316,46.266387939453125,28442000,46.266387939453125
2017-05-05,46.35974869481445,46.427287307438306,45.94558309959596,46.04142761230469,38226000,46.04142761230469
2017-05-08,45.99126713754156,46.52784404487538,45.948560127384546,46.39748764038086,26596000,46.39748764038086
2017-05-09,46.529087708106076,46.556400948213145,46.1606109198396,46.29171371459961,31636000,46.29171371459961
2017-05-10,46.28227968629254,46.28327234401138,45.94359775444273,46.12336730957031,23478000,46.12336730957031
2017-05-11,45.95153952487395,46.30958962299272,45.83781960386578,46.2137451171875,16700000,46.2137451171875
2017-05-12,46.25992763703135,46.35477947989408,46.0771801319928,46.294193267822266,21012000,46.294193267822266
2017-05-15,46.33044407907107,46.59364231357581,46.15117087612783,46.53554153442383,22162000,46.53554153442383
2017-05-16,46.68055442961985,46.834996055354104,46.56037843848414,46.82953643798828,19390000,46.82953643798828
2017-05-17,46.46551947188507,46.6474220737057,45.59497774357853,45.66847229003906,47242000,45.66847229003906
2017-05-18,45.737011544217935,46.34137718129815,45.6252769298987,46.19587326049805,31938000,46.19587326049805
2017-05-19,46.25695904989795,46.56907036193167,46.233616436658494,46.383094787597656,27860000,46.383094787597656
2017-05-22,46.43225147501281,46.77406290961652,46.43225147501281,46.772918701171875,22408000,46.772918701171875
2017-05-23,47.07386086017955,47.250004552254595,46.80842723260877,47.11855697631836,25416000,47.11855697631836
2017-05-24,47.32513960354392,47.42992560701854,47.15232245141288,47.42346954345703,20496000,47.42346954345703
2017-05-25,47.54116720231887,48.30091787610242,47.44879699069229,48.147518157958984,33210000,48.147518157958984
2017-05-26,48.15545534863653,48.41766091969617,47.92354098846354,48.24335479736328,25040000,48.24335479736328
2017-05-30,48.185749865080176,48.47825045586144,48.14502816940238,48.46235656738281,29334000,48.46235656738281
2017-05-31,48.41965058211436,48.630707786010895,47.68269320253013,47.915103912353516,48962000,47.915103912353516
2017-06-01,48.118205360324474,48.244841179966,47.67424497036653,48.01888656616211,28210000,48.01888656616211
2017-06-02,48.14353939451364,48.462356780348514,47.971714903557256,48.44845199584961,35020000,48.44845199584961
2017-06-05,48.49562907152071,49.010109879497534,48.42362350594126,48.84970474243164,25042000,48.84970474243164
2017-06-06,48.82388655689689,49.076654330212975,48.425611081651645,48.49662399291992,36292000,48.49662399291992
2017-06-07,48.66696068723815,48.864609443161925,48.46534130052848,48.71364212036133,29078000,48.71364212036133
2017-06-08,48.783658732100044,48.89390434849211,48.527909209875254,48.836299896240234,29638000,48.836299896240234
2017-06-09,48.890428071775645,48.890428071775645,46.46353922345392,47.1687126159668,66188000,47.1687126159668
2017-06-12,46.65870113289728,47.14512231507558,45.45061785425731,46.82456588745117,75270000,46.82456588745117
2017-06-13,47.271998355711396,47.672755406341096,46.88365331262472,47.34598922729492,40266000,47.34598922729492
2017-06-14,47.66978060208835,47.73086314629241,46.79228639740928,47.21489334106445,29794000,47.21489334106445
2017-06-15,46.38110344001082,46.84636814957453,45.907840637582325,46.79526901245117,42662000,46.79526901245117
2017-06-16,46.68055114011465,46.78185905021697,46.263157549317235,46.66962432861328,61894000,46.66962432861328
2017-06-19,47.17516758182106,47.67325817771824,47.12997513799296,47.543148040771484,30666000,47.543148040771484
2017-06-20,47.55059890877136,47.75420739644558,47.177651356032044,47.20844268798828,22520000,47.20844268798828
2017-06-21,47.35791623478544,47.678722731127145,47.21489396758807,47.64644241333008,24044000,47.64644241333008
2017-06-22,47.60919787453478,47.709509339000974,47.40310775104035,47.52924346923828,18828000,47.52924346923828
2017-06-23,47.51633601337251,47.971719645106866,47.385729534183646,47.951358795166016,30558000,47.951358795166016
2017-06-26,48.165391586140714,48.33473444128488,47.216388103260805,47.28988265991211,31968000,47.28988265991211
2017-06-27,46.80271185967484,47.09223066098071,46.02751451854566,46.051353454589844,51598000,46.051353454589844
2017-06-28,46.13429486822896,46.817122149196706,45.48871119616965,46.704891204833984,54428000,46.704891204833984
2017-06-29,46.17997504825767,46.246520997266416,45.22153379485336,45.577598571777344,65984000,45.577598571777344
2017-06-30,45.987793013493544,45.987793013493544,45.106820741130015,45.12767791748047,41804000,45.12767791748047
2017-07-03,45.29900785431118,45.38640719362754,44.43541463395933,44.62958908081055,34196000,44.62958908081055
2017-07-05,44.78155286734475,45.414716957529514,44.61965872451226,45.27566909790039,36278000,45.27566909790039
2017-07-06,44.898742493340876,45.43626277268608,44.679243932218284,45.0263671875,28490000,45.0263671875
2017-07-07,45.13364292665403,45.76382903888058,45.13364292665403,45.617332458496094,32756000,45.617332458496094
2017-07-10,45.775246724698285,46.20282073327699,45.66698642394307,46.12435531616211,23856000,46.12435531616211
2017-07-11,46.16110991505352,46.25496532121455,45.786669581794676,46.18842315673828,22264000,46.18842315673828
2017-07-12,46.61499711753443,46.993408052071736,46.4059290259948,46.870750427246094,30642000,46.870750427246094
2017-07-13,46.99291423835397,47.3981421053261,46.83003123869057,47.0361213684082,25894000,47.0361213684082
2017-07-14,47.27647193072894,47.52030577726029,47.078080587037945,47.47461700439453,21076000,47.47461700439453
2017-07-17,47.52477293035039,47.71050220672332,47.13946263581184,47.34699249267578,23310000,47.34699249267578
2017-07-18,47.32613628124541,48.07302403255265,47.2069491635749,47.94192123413086,23080000,47.94192123413086
2017-07-19,48.06309018517483,48.32132515300634,47.873886601977404,48.21455383300781,24490000,48.21455383300781
2017-07-20,48.41865829596455,48.46335062347444,47.748743190760344,48.078487396240234,32490000,48.078487396240234
2017-07-21,47.78549024101593,48.33075860890873,47.68120435521891,48.315364837646484,34220000,48.315364837646484
2017-07-24,48.28060294631745,48.974853317089625,48.208597378198625,48.683841705322266,64966000,48.683841705322266
2017-07-25,47.36635950241224,47.65886011202995,46.948719613565196,47.211917877197266,93220000,47.211917877197266
2017-07-26,47.40956528876929,47.42545538905083,46.79372728923149,47.067901611328125,41766000,47.067901611328125
2017-07-27,47.265552790751535,47.265552790751535,45.68735204157309,46.387062072753906,64260000,46.387062072753906
2017-07-28,46.154154289081376,46.87075079769962,46.05979877191324,46.75653076171875,36928000,46.75653076171875
2017-07-31,46.77441913295854,46.85884051288192,45.98730210221261,46.20878982543945,39402000,46.20878982543945
2017-08-01,46.30214278280957,46.55377014048566,46.14720483049822,46.22517013549805,25554000,46.22517013549805
2017-08-02,46.114923762729724,46.313068842652505,45.5224776270755,46.20331954956055,36488000,46.20331954956055
2017-08-03,46.20083240738434,46.29518792552726,45.798586316387016,45.86860656738281,24050000,45.86860656738281
2017-08-04,46.02255550464058,46.19919552044825,45.837818888219864,46.0826416015625,21646000,46.0826416015625
2017-08-07,46.13726701754564,46.26836980863224,46.01013864566691,46.152164459228516,20644000,46.152164459228516
2017-08-08,46.039437389253806,46.47267181730712,45.96593904937776,46.024539947509766,21232000,46.024539947509766
2017-08-09,45.71763996785928,45.984316309159006,45.55078255202602,45.831363677978516,23842000,45.831363677978516
2017-08-10,45.56568347646835,45.650604966120795,44.9985652353183,45.053688049316406,36480000,45.053688049316406
2017-08-11,45.089931293402486,45.57709882780718,44.9712443062444,45.40875244140625,24136000,45.40875244140625
2017-08-14,45.81299008174496,45.91916277841966,45.5974659105163,45.819942474365234,21290000,45.819942474365234
2017-08-15,45.89741494098677,46.01262765121369,45.67841645117993,45.79759979248047,17668000,45.79759979248047
2017-08-16,45.95004949559851,46.31802995061568,45.85842568126137,46.032981872558594,20134000,46.032981872558594
2017-08-17,45.97438628053448,46.0280163154667,45.23941421508789,45.23941421508789,25544000,45.23941421508789
2017-08-18,45.20614270688362,45.45270447986538,45.04941645488731,45.224021911621094,26854000,45.224021911621094
2017-08-21,45.190751860477995,45.339733876624955,44.8629929404627,45.02488708496094,18868000,45.02488708496094
2017-08-22,45.325826107070526,45.97835835334573,45.26399717259434,45.920257568359375,23334000,45.920257568359375
2017-08-23,45.7831942143622,46.180473242894024,45.655565716931186,46.034969329833984,21804000,46.034969329833984
2017-08-24,46.11740702604226,46.225667336426845,45.46388211044637,45.75091552734375,25406000,45.75091552734375
2017-08-25,45.86066415511794,45.96321099903597,45.463881447065035,45.483245849609375,21068000,45.483245849609375
2017-08-28,45.48870811196751,45.64985585462256,45.28361064051838,45.37995147705078,21730000,45.37995147705078
2017-08-29,44.947415534188906,45.85271935472772,44.94244845692927,45.75141143798828,23712000,45.75141143798828
2017-08-30,45.68983118118795,46.22462360541887,45.66996666151949,46.16259765625,26024000,46.16259765625
2017-08-31,46.27135611105376,46.77888077953434,46.27135611105376,46.647281646728516,31652000,46.647281646728516
2017-09-01,46.736669027332354,46.80371130872334,46.43970146261315,46.548458099365234,18948000,46.548458099365234
2017-09-05,46.33690465390773,46.531571645984286,45.78468387872006,46.10697937011719,26528000,46.10697937011719
2017-09-06,46.19140067071708,46.22939066539749,45.65109936610018,46.0751953125,30554000,46.0751953125
2017-09-07,46.26986292615455,46.5022736457123,45.86712048087613,46.47943115234375,24254000,46.47943115234375
2017-09-08,46.506244741565105,46.5310725485557,45.929688732287886,46.01013946533203,20230000,46.01013946533203
2017-09-11,46.39500969012342,46.60010337872146,46.03099983965152,46.13826370239258,25340000,46.13826370239258
2017-09-12,46.3125750494266,46.356771050876866,45.879090513298905,46.28675079345703,22688000,46.28675079345703
2017-09-13,46.21673448528892,46.54399330633257,46.17700544021316,46.436729431152344,22052000,46.436729431152344
2017-09-14,46.246021280015626,46.32150493094711,45.8859858989452,45.94110870361328,27952000,45.94110870361328
2017-09-15,45.91876482227936,46.009642247423336,45.5065845887509,45.70174789428711,50108000,45.70174789428711
2017-09-18,45.687842073274936,45.79063896492188,45.220539042947536,45.43904495239258,26138000,45.43904495239258
2017-09-19,45.55922732720921,45.80752815416768,45.317382564232936,45.77723693847656,18734000,45.77723693847656
2017-09-20,45.83533910131055,46.37663689048763,45.786672349937064,46.26241683959961,33396000,46.26241683959961
2017-09-21,46.33293534306164,46.508234148939,45.87755172209644,46.30562210083008,25812000,46.30562210083008
2017-09-22,46.07221787596049,46.41884485050869,46.009150013308236,46.1109504699707,21054000,46.1109504699707
2017-09-25,45.957995964778334,46.005173724831366,45.17584992961701,45.73551940917969,37136000,45.73551940917969
2017-09-26,45.87208769428299,46.22467440545895,45.74396286420554,45.9286994934082,33338000,45.9286994934082
2017-09-27,46.07171709862461,47.172184134423986,46.07171709862461,46.90352249145508,44788000,46.90352249145508
2017-09-28,46.748093241062,47.211421909016345,46.70786787130428,47.15232467651367,20406000,47.15232467651367
2017-09-29,47.27647175719136,47.663127061955755,47.25214027877135,47.62955856323242,31620000,47.62955856323242
2017-10-02,47.67276087998377,47.79988925266893,47.06988429542131,47.339542388916016,25668000,47.339542388916016
2017-10-03,47.375792080720494,47.57443347295222,47.134443679519755,47.564002990722656,17766000,47.564002990722656
2017-10-04,47.524776712722904,47.693126916169696,47.211422706190284,47.26058578491211,19048000,47.26058578491211
2017-10-05,47.44978748397134,48.215547050836626,47.43438992478544,48.16836929321289,24276000,48.16836929321289
2017-10-06,48.006477231816284,48.640141377770526,47.840612474201336,48.61183547973633,23478000,48.61183547973633
2017-10-09,48.66695684917397,48.936364884504776,48.473778856888934,48.517974853515625,17828000,48.517974853515625
2017-10-10,48.666964620429006,48.74492993237153,47.975695930831506,48.29948043823242,19368000,48.29948043823242
2017-10-11,48.355093068606344,49.19881796618839,48.28209105538349,49.12631607055664,33866000,49.12631607055664
2017-10-12,49.036933316657645,49.368166539945115,48.91526454342996,49.05580139160156,25248000,49.05580139160156
2017-10-13,49.26287965548789,49.52161095088019,49.11390144133744,49.14767074584961,23396000,49.14767074584961
2017-10-16,49.26784549494657,49.35758250350469,48.86559940144442,49.26287841796875,18210000,49.26287841796875
2017-10-17,49.17796087815621,49.48336980977882,49.093539513117385,49.271820068359375,25804000,49.271820068359375
2017-10-18,49.25145968123735,49.49727505754901,49.01333929612928,49.303104400634766,21152000,49.303104400634766
2017-10-19,48.964919728602226,49.10794199760083,48.587005101895954,48.88794708251953,26272000,48.88794708251953
2017-10-20,49.13574802912121,49.2132169984614,48.89439962515292,49.07416915893555,23664000,49.07416915893555
2017-10-23,49.139724508517396,49.139724508517396,47.97767476461677,48.0933837890625,29568000,48.0933837890625
2017-10-24,48.17035716043205,48.28109910956792,47.72341494448853,48.197174072265625,24244000,48.197174072265625
2017-10-25,48.08940839089709,48.47278640423367,47.69957810301499,48.335723876953125,24226000,48.335723876953125
2017-10-26,48.66695859231798,49.0443768830731,48.27960993625574,48.2974853515625,40842000,48.2974853515625
2017-10-27,50.11653519717137,52.063212519597535,50.06737212475086,50.61711120605469,103354000,50.61711120605469
2017-10-30,50.355400314771764,50.90017230156612,50.0326085342165,50.50984191894531,41702000,50.50984191894531
2017-10-31,50.41598702561574,50.852002393138704,50.17761660089135,50.48650360107422,26614000,50.48650360107422
2017-11-01,50.51481069795317,51.13357737060361,50.50189857164349,50.92649459838867,27468000,50.92649459838867
2017-11-02,50.7407695990364,51.055116249792526,50.30624317099283,50.93046951293945,20980000,50.93046951293945
2017-11-03,50.758143764595765,51.281562258368915,50.66875532794292,51.27312088012695,21528000,51.27312088012695
2017-11-06,51.09981430101464,51.39181479868578,50.90166921178141,50.94636154174805,22504000,50.94636154174805
2017-11-07,51.014392349771626,51.347118308345074,50.90812115091914,51.31533432006836,22246000,51.31533432006836
2017-11-08,51.17578956397842,51.821471673939456,51.072992668030395,51.63911819458008,21774000,51.63911819458008
2017-11-09,51.348109397045064,51.348109397045064,50.63677550162925,51.2125358581543,24904000,51.2125358581543
2017-11-10,50.97417611476484,51.1877111924913,50.91557520903036,51.05412673950195,14400000,51.05412673950195
2017-11-13,50.82320239053347,51.22842644712833,50.78099170917024,50.938907623291016,17716000,50.938907623291016
2017-11-14,50.78199300920419,50.991557465259106,50.3628603083242,50.951332092285156,19184000,50.951332092285156
2017-11-15,50.61412603394894,50.856467078133456,50.42591513529018,50.698551177978516,17080000,50.698551177978516
2017-11-16,50.77850756100909,51.443955692250086,50.77850756100909,51.27411651611328,22594000,51.27411651611328
2017-11-17,51.34910517815319,51.36946602666553,50.541631207647846,50.60817337036133,27942000,50.60817337036133
2017-11-20,50.66628080712052,50.782982498845676,50.529218265732005,50.57291793823242,19070000,50.57291793823242
2017-11-21,50.81774510157183,51.403735211871876,50.785218511218964,51.37294387817383,21940000,51.37294387817383
2017-11-22,51.39826783596316,51.631966728356254,51.220979935574874,51.44594192504883,14926000,51.44594192504883
2017-11-24,51.44146832400537,51.80438697552622,51.398264985557006,51.676856994628906,10740000,51.676856994628906
2017-11-27,51.64656798821168,52.41431290332493,51.56909901522392,52.352237701416016,26158000,52.352237701416016
2017-11-28,52.39593812641948,52.75771256406461,51.646564998704896,52.01454544067383,28488000,52.01454544067383
2017-11-29,51.77965700703368,51.849180931288444,50.437345151314396,50.735801696777344,49188000,50.735801696777344
2017-11-30,50.77106276379495,51.07498273180343,50.405067589395586,50.723388671875,34480000,50.723388671875
2017-12-01,50.44479155391781,50.77701738857253,49.7604753659101,50.16520309448242,38192000,50.16520309448242
2017-12-04,50.2888586693815,50.459690504278086,49.44016668950825,49.594608306884766,38128000,49.594608306884766
2017-12-05,49.45854748794262,50.68366144084023,49.07815118548502,49.915916442871094,41346000,49.915916442871094
2017-12-06,49.734656377538364,50.90018051943311,49.716777172186404,50.57291793823242,25440000,50.57291793823242
2017-12-07,50.67471474337887,51.3605236784512,50.55756599400763,51.19614791870117,29164000,51.19614791870117
2017-12-08,51.52192613057138,51.74837712507515,51.27521279407416,51.50007629394531,25816000,51.50007629394531
2017-12-11,51.42309906945555,51.835275533011135,51.251770905008925,51.701194763183594,23856000,51.701194763183594
2017-12-12,51.62819565629003,52.15856660831398,51.333217188305774,51.670406341552734,25590000,51.670406341552734
2017-12-13,51.950485715674205,51.977548896112395,51.56611505132387,51.676856994628906,25654000,51.676856994628906
2017-12-14,51.8948658498443,52.56527723464821,51.801006664688586,52.100955963134766,31174000,52.100955963134766
2017-12-15,52.37210254356982,53.01818249173747,52.118338328537575,52.84784698486328,65518000,52.84784698486328
2017-12-18,52.94170870181027,53.55799000591776,52.73909286767121,53.49094772338867,31092000,53.49094772338867
2017-12-19,53.39460500063077,53.47604839449477,52.81606744218992,53.170143127441406,26774000,53.170143127441406
2017-12-20,53.22477167015922,53.30422596299768,52.71525789871695,52.88559341430664,25372000,52.88559341430664
2017-12-21,52.88558731574411,53.10309677984029,52.72885729081306,52.82003402709961,19914000,52.82003402709961
2017-12-22,52.69489977464642,52.848348750883716,52.611967386782965,52.64573669433594,15102000,52.64573669433594
2017-12-26,52.543928219647505,52.64573246300202,52.15310146419564,52.477882385253906,15212000,52.477882385253906
2017-12-27,52.51016056007261,52.558827309118435,52.046335563191455,52.11188507080078,25438000,52.11188507080078
2017-12-28,52.22262863361503,52.37905556891696,51.883446602248384,52.050804138183594,16742000,52.050804138183594
2017-12-29,51.98028371589961,52.12827306089524,51.88990261439242,51.964393615722656,17750000,51.964393615722656
2018-01-02,52.060734479904,52.98441380384693,51.90629286000406,52.8880729675293,24752000,52.8880729675293
2018-01-03,52.853808200584375,53.945337618341206,52.799181717935475,53.756134033203125,28604000,53.756134033203125
2018-01-04,54.03025611003402,54.30686280983609,53.83171321839722,53.95079803466797,20092000,53.95079803466797
2018-01-05,54.32822103152564,54.83723847831633,54.228898428695565,54.73692321777344,25582000,54.73692321777344
2018-01-08,54.73692167765171,55.18584922125656,54.70663046318352,54.970821380615234,20952000,54.970821380615234
2018-01-09,55.092984257682716,55.15108504006986,54.68730932631406,54.937049865722656,18050000,54.937049865722656
2018-01-10,54.48216198161137,54.85461318776576,54.4329989073615,54.75579071044922,20856000,54.75579071044922
2018-01-11,54.93903166178608,54.950204742730605,54.60581318230504,54.900299072265625,19566000,54.900299072265625
2018-01-12,54.745854879293375,55.83242092274711,54.68328335136789,55.73160934448242,34410000,55.73160934448242
2018-01-16,56.24062850846902,56.60811263801479,55.51171849196348,55.706783294677734,31506000,55.706783294677734
2018-01-17,55.92827274039836,56.245104840653894,55.470900006749574,56.21431350708008,24052000,56.21431350708008
2018-01-18,56.18599576861006,56.24062224257711,55.495223583830864,56.10554504394531,23964000,56.10554504394531
2018-01-19,56.206859638613906,56.506312623581415,56.031560845536276,56.488929748535156,35564000,56.488929748535156
2018-01-22,56.48793817231545,57.599828415882705,56.36974750155496,57.39771270751953,32360000,57.39771270751953
2018-01-23,57.598341185327385,58.18318706020457,57.54371470214178,58.10090255737305,26662000,58.10090255737305
2018-01-24,58.46639961314115,58.592039005136186,57.65793299087824,57.816349029541016,28332000,57.816349029541016
2018-01-25,58.228025723948306,58.397368564408744,57.74284727127152,58.12076187133789,29610000,58.12076187133789
2018-01-26,58.35466271543344,58.39240264892578,57.51192670431996,58.39240264892578,40376000,58.39240264892578
2018-01-29,58.42418219497337,58.94114460575611,58.20070921756693,58.379486083984375,27578000,58.379486083984375
2018-01-30,57.99462963560469,58.426178110431614,57.78059444359821,57.789039611816406,31126000,57.789039611816406
2018-01-31,58.1306948817221,58.25137098376658,57.562584028148855,58.09941101074219,30774000,58.09941101074219
2018-02-01,57.73539905135586,58.30102823997457,57.48262750486018,57.98816680908203,48242000,57.98816680908203
2018-02-02,55.71869745146713,55.7718349436155,54.98760133489535,55.217132568359375,97158000,55.217132568359375
2018-02-05,54.15937351616049,55.122781907857316,52.243983662566116,52.43120193481445,75966000,52.43120193481445
2018-02-06,51.00992585383997,53.7178921272156,50.80914758395673,53.66276931762695,68960000,53.66276931762695
2018-02-07,53.70945251943666,53.72137198913794,52.056760834929456,52.072654724121094,47384000,52.072654724121094
2018-02-08,52.411835394420486,52.57124410115747,49.692942094047645,49.73564910888672,57182000,49.73564910888672
2018-02-09,50.516799710766655,51.84372159099324,49.29068941563271,51.53632354736328,70118000,51.53632354736328
2018-02-12,52.04384994357435,52.71426135545679,51.69264994682707,52.23950958251953,41154000,52.23950958251953
2018-02-13,51.89486890399878,52.55882426476499,51.849528697529536,52.24745559692383,25302000,52.24745559692383
2018-02-14,52.091028338813956,53.22179050649651,51.981779158529335,53.12147903442383,31116000,53.12147903442383
2018-02-15,53.58679181686359,54.203027650932064,52.85529781602886,54.105743408203125,36868000,54.105743408203125
2018-02-16,54.05061822222012,54.85809217760934,54.04579890721773,54.36794662475586,33590000,54.36794662475586
2018-02-20,54.157883597803604,55.31893693633709,54.05607935429449,54.74834442138672,28462000,54.74834442138672
2018-02-21,54.94748628507396,56.313140870825045,54.940533892038474,55.1893310546875,30258000,55.1893310546875
2018-02-22,55.43018088832295,55.75942499183889,54.754802345117604,54.95542907714844,26344000,54.95542907714844
2018-02-23,55.25388175040145,55.98090496485596,54.86027405166285,55.956573486328125,25220000,55.956573486328125
2018-02-26,56.006728878646804,56.8092395342263,55.95185612850985,56.79880905151367,31182000,56.79880905151367
2018-02-27,56.67416564035271,56.81321349286915,55.520064675696425,55.53446578979492,35482000,55.53446578979492
2018-02-28,55.769854447089536,55.99332366867216,54.787077865678945,54.8610725402832,37652000,54.8610725402832
2018-03-01,55.01700016170242,55.12873475872801,52.98743977156734,53.11253356933594,50318000,53.11253356933594
2018-03-02,52.2961271895324,53.73224909428818,52.04956540380189,53.579345703125,45432000,53.579345703125
2018-03-05,53.39162702928644,54.48216377240962,53.086714419889816,54.17576217651367,24044000,54.17576217651367
2018-03-06,54.58743435845562,54.7180408091473,54.11839610200755,54.3808479309082,30656000,54.3808479309082
2018-03-07,54.08935096122555,55.23302518391112,53.90521296667597,55.10490036010742,25850000,55.10490036010742
2018-03-08,55.386972201367485,55.99680121956863,55.26182913538599,55.91734313964844,27102000,55.91734313964844
2018-03-09,56.41394287453876,57.64551655047141,56.238197005229466,57.60777282714844,42560000,57.60777282714844
2018-03-12,57.79698524825528,58.45249928777178,57.47766771364585,57.829261779785156,43446000,57.829261779785156
2018-03-13,58.10238787169141,58.43809179988872,56.28134987436981,56.521705627441406,38144000,56.521705627441406
2018-03-14,56.871316087836895,57.53576778371268,56.6840940335318,57.083858489990234,25828000,57.083858489990234
2018-03-15,57.10720499300261,57.659425790721365,56.34144533214492,57.08833312988281,27908000,57.08833312988281
2018-03-16,57.31478087568807,57.401187558269925,56.21331731579902,56.400535583496094,61840000,56.400535583496094
2018-03-19,55.619878189864316,55.718204341443595,54.0804139139647,54.61724090576172,56118000,54.61724090576172
2018-03-20,54.576523138878976,54.884413742967894,53.8048037356444,54.5124626159668,36638000,54.5124626159668
2018-03-21,54.26564519664748,54.93903458325711,53.888723242156914,54.173274993896484,37578000,54.173274993896484
2018-03-22,53.72633725281945,53.77698931418555,51.94006118400132,52.09748077392578,53340000,52.09748077392578
2018-03-23,51.99568121097577,52.80662947936399,50.713951784929556,50.73133087158203,43134000,50.73133087158203
2018-03-26,51.94452787661624,52.42275774489176,50.07730475395165,52.30257797241211,53302000,52.30257797241211
2018-03-27,52.788761127493686,52.88008564476526,49.50721631346578,49.91343688964844,61906000,49.91343688964844
2018-03-28,49.560845951307876,50.86342882991546,48.698745460671574,49.88661575317383,67386000,49.88661575317383
2018-03-29,50.237712752736996,51.79555261409075,49.80417897504424,51.238861083984375,54536000,51.238861083984375
2018-04-02,50.793409176318754,51.38834077611302,49.18193923537116,49.981468200683594,53608000,49.981468200683594
2018-04-03,50.350934833158654,50.70252887492903,49.36567663231315,50.326107025146484,45502000,50.326107025146484
2018-04-04,49.332903699420676,51.08630464932609,49.3125428509459,50.90861892700195,49694000,50.90861892700195
2018-04-05,51.71262191443052,51.78512381644567,50.65987429246512,51.04121398925781,27260000,51.04121398925781
2018-04-06,50.65336394061128,51.22048212741883,49.81063171022314,50.009769439697266,34928000,50.009769439697266
2018-04-09,50.49445240466592,51.626703481557804,50.35937518915097,50.42741012573242,35032000,50.42741012573242
2018-04-10,50.97317601244859,51.46183258935683,50.22331028352031,51.23141098022461,39490000,51.23141098022461
2018-04-11,51.050153842637805,51.217704611324045,50.4482698656689,50.651878356933594,29678000,50.651878356933594
2018-04-12,50.903650206687104,51.6808329367038,50.724627054430854,51.27461242675781,27140000,51.27461242675781
2018-04-13,51.69027222349478,51.96538996700035,50.801354798982516,51.11371994018555,24460000,51.11371994018555
2018-04-16,51.49758645777638,51.80746614132314,50.9880764996685,51.5462532043457,24224000,51.5462532043457
2018-04-17,52.21120558717647,53.52769698062618,52.05676017815766,53.342960357666016,46406000,53.342960357666016
2018-04-18,53.50534587873895,53.50534587873895,52.94890443644345,53.23966598510742,26882000,53.23966598510742
2018-04-19,53.106579861983114,54.336410745165054,53.04599364436395,54.015357971191406,34954000,54.015357971191406
2018-04-20,53.73229469579824,54.24627919997797,53.11502075071515,53.28336715698242,37794000,53.28336715698242
2018-04-23,53.52670136729964,53.768049774145155,52.674531328090005,53.00973892211914,46826000,53.00973892211914
2018-04-24,52.24248671218052,52.49078751174178,50.18606006610717,50.65237045288086,95206000,50.65237045288086
2018-04-25,50.92748778042137,51.27361839527503,50.42045570260806,50.71195983886719,47822000,50.71195983886719
2018-04-26,51.12562975669941,52.04285297652763,50.56347865258288,51.64855194091797,41590000,51.64855194091797
2018-04-27,51.9445307834845,52.11834059972129,50.930966654437434,51.15245056152344,32396000,51.15245056152344
2018-04-30,51.15046459125742,51.49758789043829,50.49693590180427,50.520774841308594,33426000,50.520774841308594
2018-05-01,50.33851964312381,51.570589685097104,50.06787266327105,51.51298522949219,28558000,51.51298522949219
2018-05-02,51.05561679362839,51.66589293564316,50.79589660405762,50.87088394165039,32062000,50.87088394165039
2018-05-03,50.60370441467174,51.13382526517749,49.97252192445736,50.83810043334961,36302000,50.83810043334961
2018-05-04,50.49942125184415,52.069176770173414,50.49942125184415,52.05427932739258,38774000,52.05427932739258
2018-05-07,52.10493209016548,52.723202495259606,51.99915721398557,52.38104248046875,29322000,52.38104248046875
2018-05-08,52.567262756592285,52.66708167645821,52.00138730697962,52.337337493896484,24354000,52.337337493896484
2018-05-09,52.54542101492356,53.903130544313626,52.459260595647876,53.770042419433594,40656000,53.770042419433594
2018-05-10,53.93242289674735,54.64802675401101,53.91305849534709,54.5055046081543,28860000,54.5055046081543
2018-05-11,54.308353953399426,54.69222831243921,54.174769510688535,54.53976821899414,25074000,54.53976821899414
2018-05-14,54.62617803312649,55.160023257487815,54.58198203489954,54.6361083984375,30362000,54.6361083984375
2018-05-15,54.12957970993695,54.13206135422336,53.30869724523134,53.5947380065918,29898000,53.5947380065918
2018-05-16,53.4993870877051,54.093322162795324,53.44724225389036,53.72087097167969,21946000,53.72087097167969
2018-05-17,53.62751461399828,53.974141594611105,53.31018619102229,53.562957763671875,20876000,53.562957763671875
2018-05-18,52.73213917594871,53.133396414767326,52.67354206286299,52.95561218261719,31304000,52.95561218261719
2018-05-21,53.33799270324849,54.03025775583006,53.31763185497345,53.612117767333984,20464000,53.612117767333984
2018-05-22,53.809764573575045,53.96023176732551,52.97199564032962,53.122962951660156,21800000,53.122962951660156
2018-05-23,52.894531592290306,53.67171438405742,52.72469240404421,53.617584228515625,21214000,53.617584228515625
2018-05-24,53.583318261906264,53.65631649109144,52.94518332936868,53.595237731933594,15336000,53.595237731933594
2018-05-25,53.58431119202052,53.7601063263529,53.32384462808707,53.41745376586914,17988000,53.41745376586914
2018-05-29,52.88261367491012,53.303731672738174,52.40240223123798,52.65566635131836,37302000,52.65566635131836
2018-05-30,52.79024102102777,53.097138933150774,52.48234666250976,53.02711868286133,22770000,53.02711868286133
2018-05-31,53.01520824279643,54.48664156217705,53.01520824279643,53.88078689575195,61766000,53.88078689575195
2018-06-01,54.593899102855666,55.619382683488816,54.551688418864316,55.59455108642578,48432000,55.59455108642578
2018-06-04,55.73509178516148,56.706445213382665,55.71895162592636,56.577327728271484,37792000,56.577327728271484
2018-06-05,56.66174514038327,56.89753163323561,56.274396500863205,56.595699310302734,33560000,56.595699310302734
2018-06-06,56.72035116615059,56.76156919336508,55.9045835518841,56.45764923095703,33964000,56.45764923095703
2018-06-07,56.18153922182515,56.40500844672811,55.44656711963716,55.811073303222656,30400000,55.811073303222656
2018-06-08,55.52900176721011,55.95061606847008,55.229548770007696,55.6625862121582,25816000,55.6625862121582
2018-06-11,55.54985315981181,56.476510376411916,55.54985315981181,56.115482330322266,21586000,56.115482330322266
2018-06-12,56.16911685152729,56.6021504652215,56.15248036494242,56.57881164550781,18240000,56.57881164550781
2018-06-13,56.66820173871819,56.93537440070571,56.283831068402755,56.353851318359375,30128000,56.353851318359375
2018-06-14,56.80377482002096,57.3808233608689,56.644366131483906,57.21446228027344,26868000,57.21446228027344
2018-06-15,57.05257374344709,57.279024715664086,56.78565113400642,57.22141647338867,42450000,57.22141647338867
2018-06-18,56.79384483247558,58.31642638249536,56.79086685941903,58.27421569824219,28274000,58.27421569824219
2018-06-19,57.53130209660337,58.165462634583854,57.308329191874044,58.00605392456055,32420000,58.00605392456055
2018-06-20,58.36608390514915,58.911155253696585,58.06067497083531,58.094444274902344,32970000,58.094444274902344
2018-06-21,58.343244989410735,58.46466369846248,57.22003005301192,57.489585876464844,24762000,57.489585876464844
2018-06-22,57.56307959727281,57.72978924833498,56.973115128158604,57.38132095336914,26220000,57.38132095336914
2018-06-25,56.79135916293507,56.80675293350905,55.26083267114388,55.858245849609375,43146000,55.858245849609375
2018-06-26,56.01666301728422,56.275390515753564,55.45346620496041,55.542903900146484,31264000,55.542903900146484
2018-06-27,55.68592238664393,56.207154751519255,54.805942818953014,54.823822021484375,25878000,54.823822021484375
2018-06-28,54.72996756524977,55.73409761350508,54.428032932661665,55.33234405517578,21448000,55.33234405517578
2018-06-29,55.619378942064614,56.02793332503322,55.37107814321611,55.403358459472656,26302000,55.403358459472656
2018-07-02,54.57652422085188,56.01666981976134,54.31828923107139,55.98985290527344,24346000,55.98985290527344
2018-07-03,56.40500793632252,56.40500793632252,54.627173152725085,54.76969909667969,13580000,54.76969909667969
2018-07-05,55.1491014311372,55.99183369885461,55.04729718783454,55.8314323425293,21334000,55.8314323425293
2018-07-06,55.79716470940152,56.65876880839074,55.655979998330174,56.62102508544922,19922000,56.62102508544922
2018-07-09,57.03369985428242,57.341097878788005,56.782421083591224,57.310306549072266,18180000,57.310306549072266
2018-07-10,57.455815056992364,57.585428871928386,57.08882723640385,57.250221252441406,15968000,57.250221252441406
2018-07-11,56.840524276005084,57.818830067313776,56.662243719679154,57.302860260009766,22400000,57.302860260009766
2018-07-12,57.60032108190219,58.81798990926428,57.4039150619649,58.77180480957031,25038000,58.77180480957031
2018-07-13,58.84729123837079,59.36460226703109,58.598990431457835,59.03699493408203,24438000,59.03699493408203
2018-07-16,59.065305156021395,59.14525577874867,58.56324009962472,58.79068374633789,21114000,58.79068374633789
2018-07-17,58.21263846129604,59.74316510464876,58.13218772126734,59.5326042175293,32208000,59.5326042175293
2018-07-18,59.42136543619557,59.81566650502305,59.11247839524951,59.387596130371094,27872000,59.387596130371094
2018-07-19,59.14525257689235,59.592194795613395,58.76386365167626,58.94462585449219,25534000,58.94462585449219
2018-07-20,58.944627273095115,59.43626183113543,58.808557394491686,58.84282302856445,24948000,58.84282302856445
2018-07-23,58.64914229495298,59.91448518460018,58.64864596616331,59.86532211303711,52384000,59.86532211303711
2018-07-24,62.700421678825485,62.86976073013699,61.3581061220283,61.97985076904297,66364000,61.97985076904297
2018-07-25,61.53539979571826,62.86281424697385,61.53539979571826,62.755550384521484,42556000,62.755550384521484
2018-07-26,62.12486593552039,63.05703594517183,62.02653977830506,62.985477447509766,48112000,62.985477447509766
2018-07-27,63.118067570697725,63.26158617183879,61.13166101433418,61.504112243652344,42612000,61.504112243652344
2018-07-30,60.98317431355054,61.32612615391969,60.161795600707265,60.57248306274414,36998000,60.57248306274414
2018-07-31,60.58589175979802,60.96221508369372,59.87028791185487,60.44932556152344,32894000,60.44932556152344
2018-08-01,60.98268203128828,61.25432166957766,60.09922805983379,60.58589553833008,31344000,60.58589553833008
2018-08-02,59.885189041946276,61.076041059965995,59.83006623043103,60.89080810546875,30626000,60.89080810546875
2018-08-03,61.063127528167215,61.08199939000257,60.340074931395016,60.76963806152344,21792000,60.76963806152344
2018-08-06,60.83370021001906,60.8877318560435,60.37667606491397,60.8222770690918,21634000,60.8222770690918
2018-08-07,61.429618965997314,62.13330337160922,61.388400940548124,61.688846588134766,29880000,61.688846588134766
2018-08-08,61.601943589380674,62.39799824912673,61.479679983966314,61.85719680786133,27406000,61.85719680786133
2018-08-09,62.070235198722,62.35041850459936,61.877057199549995,62.03050994873047,16972000,62.03050994873047
2018-08-10,61.7275841673323,61.86141867043205,61.18131934293752,61.45991516113281,22174000,61.45991516113281
2018-08-13,61.42862510832055,62.03909819011221,61.262809606110416,61.33079528808594,19946000,61.33079528808594
2018-08-14,61.339735364931016,61.87010630000391,60.83916310403284,61.68288803100586,26962000,61.68288803100586
2018-08-15,61.04525529643301,61.34222286914161,60.064464012678954,60.306312561035156,36576000,60.306312561035156
2018-08-16,60.820285983835085,60.8833538398338,59.718822511515334,59.914485931396484,26864000,59.914485931396484
2018-08-17,59.6930071858273,60.04013048248111,59.00819084045266,59.639869689941406,27792000,59.639869689941406
2018-08-20,59.841487843432205,60.138455399900884,59.32532101699382,59.97805404663086,17416000,59.97805404663086
2018-08-21,59.98947764718995,60.449328204596455,59.60977472425744,59.672645568847656,24112000,59.672645568847656
2018-08-22,59.59219362925692,60.18016900011739,59.542534225653135,59.95620346069336,17748000,59.95620346069336
2018-08-23,59.94676671010853,60.648962131737576,59.80275557370696,59.85936737060547,19852000,59.85936737060547
2018-08-24,60.03020053043364,60.66733900153541,59.90798618343914,60.617679595947266,18932000,60.617679595947266
2018-08-27,60.96281739378816,61.73205132114202,60.86925751297213,61.668983459472656,23126000,61.668983459472656
2018-08-28,61.6426607576285,61.70498601828036,61.01694545084099,61.13910675048828,26080000,61.13910675048828
2018-08-29,61.45196790726364,62.107978213081914,61.397788501599045,62.04043960571289,25978000,62.04043960571289
2018-08-30,61.788664920577844,62.255721739399256,61.21062366551087,61.53490447998047,26628000,61.53490447998047
2018-08-31,61.32930847478208,61.51205599487815,60.1526113098396,60.495513916015625,36328000,60.495513916015625
2018-09-04,59.804250129799385,60.237287603304296,59.219748995781714,59.44321823120117,36620000,59.44321823120117
2018-09-05,59.28430135262247,59.54303265132716,57.705108014283915,58.92079162597656,41226000,58.92079162597656
2018-09-06,58.91185066503176,58.91185066503176,57.20850690343771,58.17390060424805,37770000,58.17390060424805
2018-09-07,57.539740653672176,58.36360486638052,57.467485024073696,57.84564971923828,28026000,57.84564971923828
2018-09-10,58.21114882318049,58.32785051229359,57.61125394798657,57.836212158203125,22308000,57.836212158203125
2018-09-11,57.68674203401517,58.53344502012318,57.41907300068038,58.4678955078125,24186000,58.4678955078125
2018-09-12,58.23746503839918,58.52996183813067,57.52434282954877,57.745826721191406,25910000,57.745826721191406
2018-09-13,58.13913691168964,58.529963660291685,57.74732129419851,58.3670768737793,28624000,58.3670768737793
2018-09-14,58.55429723617712,58.62009679748214,58.01945557834197,58.22802734375,18880000,58.22802734375
2018-09-17,58.10933978108433,58.461926463578735,57.30931457057218,57.409629821777344,26130000,57.409629821777344
2018-09-18,57.46127673699693,58.40432424507568,57.46127673699693,57.66637420654297,24072000,57.66637420654297
2018-09-19,57.85309721737035,58.26179938879433,57.336631067696096,58.15652084350586,23828000,58.15652084350586
2018-09-20,58.598495143695246,59.09012968926177,58.26924726764407,58.940155029296875,24508000,58.940155029296875
2018-09-21,59.19491107872768,59.20534156157746,57.905732950897864,57.90821838378906,88112000,57.90821838378906
2018-09-24,57.465248889513845,58.499670115363664,56.95573516190744,58.26974105834961,25420000,58.26974105834961
2018-09-25,58.40779965058158,58.94065601840704,58.003071898502036,58.82991027832031,19554000,58.82991027832031
2018-09-26,58.85473577740142,59.305648586137195,58.33901606863435,58.623321533203125,29246000,58.623321533203125
2018-09-27,58.93319961249763,59.696477540364384,58.77925432978321,59.326011657714844,25216000,59.326011657714844
2018-09-28,59.188459549843934,59.36425847512857,58.82246437349704,59.26791763305664,27612000,59.26791763305664
2018-10-01,59.586734723786854,60.083832703729946,59.11049392225879,59.359291076660156,27152000,59.359291076660156
2018-10-02,59.143265324910175,60.08680913603152,58.92823749588726,59.59765625,33758000,59.59765625
2018-10-03,59.840493661377536,59.91051391209248,59.28579127263112,59.73868942260742,25124000,59.73868942260742
2018-10-04,59.36028372739779,59.46854403910731,57.3860959062914,58.012508392333984,44190000,58.012508392333984
2018-10-05,57.97824010795789,58.27620032720415,56.86684617901979,57.47418975830078,23686000,57.47418975830078
2018-10-08,57.1146485997187,58.00306960813602,55.98507619436526,57.05803680419922,38648000,57.05803680419922
2018-10-09,56.917995469633155,57.32520865974794,56.49201271389319,56.55398941040039,26174000,56.55398941040039
2018-10-10,56.16962126962422,56.22375142632394,53.68909462007632,53.693565368652344,53514000,53.693565368652344
2018-10-11,53.28237673697221,54.94400618936249,53.05046613088281,53.59920883178711,58980000,53.59920883178711
2018-10-12,55.02346153187485,55.37108115365448,53.95089871193376,55.12675476074219,42026000,55.12675476074219
2018-10-15,55.06865245701574,55.293909981209,54.07991991515867,54.24131393432617,27448000,54.24131393432617
2018-10-16,54.854117789817465,55.82894549024168,54.75032823380208,55.682945251464844,38570000,55.682945251464844
2018-10-17,55.94018758582437,56.065826976524896,54.734934491691924,55.40534591674805,29344000,55.40534591674805
2018-10-18,55.71075688521833,55.71075688521833,53.488465326188,54.02876663208008,41890000,54.02876663208008
2018-10-19,54.29692948530633,55.14065817068047,54.01784113717514,54.450382232666016,25352000,54.450382232666016
2018-10-22,54.77814000822821,55.23352361808213,54.17923779794611,54.68378448486328,30284000,54.68378448486328
2018-10-23,53.67717422365719,55.01800095248431,53.13637657239737,54.80942916870117,36974000,54.80942916870117
2018-10-24,54.837239685520686,54.93010243772197,52.080602634955,52.17843246459961,39648000,52.17843246459961
2018-10-25,53.225263543851405,55.17144458626176,53.114025269926714,54.40618133544922,50916000,54.40618133544922
2018-10-26,51.499081126115954,54.950460995090985,51.353077092271256,53.20937728881836,83752000,53.20937728881836
2018-10-29,53.7556378047366,54.47918674799539,49.45308052745916,50.65734100341797,77614000,50.65734100341797
2018-10-30,50.08028476651976,51.521919135716324,49.69740308797957,51.45835494995117,64254000,51.45835494995117
2018-10-31,52.63034017825619,54.225919985922815,52.49079220664626,53.47257614135742,50596000,53.47257614135742
2018-11-01,53.4244052874649,53.83037576380471,52.761938882223546,53.136375427246094,29640000,53.136375427246094
2018-11-02,53.32160551728607,53.78071346584297,52.37210196057646,52.53002166748047,36780000,52.53002166748047
2018-11-05,52.39146693442545,52.5637877441097,50.714940265315235,51.65103530883789,48828000,51.65103530883789
2018-11-06,51.62074576931289,52.85554752266318,51.55072551469225,52.431697845458984,24666000,52.431697845458984
2018-11-07,53.086714970530885,54.40072094281368,52.93276588896669,54.29792404174805,41168000,54.29792404174805
2018-11-08,54.19810483729547,54.291964023462704,53.24586961674906,53.75215530395508,29764000,53.75215530395508
2018-11-09,53.33452057754619,53.41248588325865,52.297613837237265,52.94518280029297,26864000,52.94518280029297
2018-11-12,52.708798936578006,52.74504988465279,51.199625896785584,51.57853317260742,29436000,51.57853317260742
2018-11-13,51.80995952256959,52.47118328650686,51.20708282069118,51.45042037963867,30274000,51.45042037963867
2018-11-14,52.14317012513652,52.36981811650264,51.19962628892773,51.82832336425781,31318000,51.82832336425781
2018-11-15,51.88046548223224,53.22824066310302,51.238359984639246,52.8736686706543,36722000,52.8736686706543
2018-11-16,52.61047096709673,52.98738912581441,52.092515862787685,52.71376419067383,33162000,52.71376419067383
2018-11-19,52.5007287062506,52.67900928013756,50.46764060779327,50.65336990356445,37172000,50.65336990356445
2018-11-20,49.660163329562614,51.23637870194227,49.46251457617415,50.93940734863281,48982000,50.93940734863281
2018-11-21,51.48566712757862,52.07165714895595,51.32228402414957,51.52787780761719,30686000,51.52787780761719
2018-11-23,51.14996639394346,51.52688835373604,50.77249885132138,50.846046447753906,13830000,50.846046447753906
2018-11-26,51.56462829536438,52.108903999412384,51.344137056822184,52.07463836669922,38856000,52.07463836669922
2018-11-27,51.696231022986154,52.51959892312928,51.57158428158964,51.86557388305664,36064000,51.86557388305664
2018-11-28,52.08158909717512,53.972647322003084,51.43600550205942,53.94235610961914,49508000,53.94235610961914
2018-11-29,53.43831111034962,54.340386914863714,53.434336690717984,54.04515838623047,29378000,54.04515838623047
2018-11-30,54.083391215180626,54.40618302436861,53.52769615711763,54.349571228027344,51604000,54.349571228027344
2018-12-03,55.775319574819946,55.85030312066205,54.808186794147254,54.94549560546875,39824000,54.94549560546875
2018-12-04,54.78111562238167,54.84567625717546,52.14217694256749,52.18389129638672,46904000,52.18389129638672
2018-12-06,51.36151820845141,53.19596463595376,51.18820473540488,53.07330322265625,55384000,53.07330322265625
2018-12-07,52.64026911775273,53.39758736138492,51.075476896395216,51.47673034667969,42024000,51.47673034667969
2018-12-10,51.400752599907875,52.06620078340652,50.81675160350916,51.62422561645508,36154000,51.62422561645508
2018-12-11,52.46546834619843,52.66956937982034,51.63862615068184,52.230079650878906,27894000,52.230079650878906
2018-12-12,53.03705651230678,53.71491668806762,52.77832520970422,52.8225212097168,30476000,52.8225212097168
2018-12-13,53.04052863664331,53.621055291757514,52.33833322112314,52.734127044677734,26596000,52.734127044677734
2018-12-14,52.14217756994031,52.768889331186614,51.68580131655681,51.7508544921875,33732000,51.7508544921875
2018-12-17,51.522914763141856,52.29960118743607,50.052478083511026,50.48104476928711,47708000,50.48104476928711
2018-12-18,50.955793036096935,52.1173426072806,50.7248713269861,51.08590316772461,43850000,51.08590316772461
2018-12-19,51.3481095275268,52.73908805382493,50.059924106697544,50.80284118652344,49586000,50.80284118652344
2018-12-20,50.56050171879947,51.35953050023538,49.47939903873248,50.127464294433594,53470000,50.127464294433594
2018-12-21,50.419968930818534,50.853006422454825,48.35361154367548,48.64412307739258,91920000,48.64412307739258
2018-12-24,48.36403153470467,49.83595719257549,48.17582061163347,48.479244232177734,31806000,48.479244232177734
2018-12-26,49.114396741681155,51.64656788807736,48.81594020202713,51.6197509765625,47466000,51.6197509765625
2018-12-27,50.51183050412712,51.83974498604085,49.51117857176377,51.83924865722656,42196000,51.83924865722656
2018-12-28,52.12429754319255,52.4192797805339,51.30391146572027,51.50156021118164,28296000,51.50156021118164
2018-12-31,52.19084364700357,52.27725032751596,50.83164526965818,51.428558349609375,29866000,51.428558349609375
2019-01-02,50.483026423422004,52.2583793718105,50.440319414345204,51.937076568603516,30652000,51.937076568603516
2019-01-03,51.696232669003855,52.48980191904175,50.358883988533165,50.45771026611328,36822000,50.45771026611328
2019-01-04,51.278587269384445,53.17808692282261,51.02174278747316,53.171630859375,41878000,53.171630859375
2019-01-07,53.21086095542733,53.33501135252876,52.379548108136966,53.05641555786133,39638000,53.05641555786133
2019-01-08,53.439796993941805,53.85942596931046,52.66609233631574,53.448238372802734,35298000,53.448238372802734
2019-01-09,53.714913504220625,53.763580249742475,52.95759529257134,53.36779022216797,23986000,53.36779022216797
2019-01-10,53.02016776868738,53.19348124839768,52.52605158361613,53.15275955200195,29128000,53.15275955200195
2019-01-11,52.79768893852365,52.82723755189398,52.06768398535762,52.50022506713867,30416000,52.50022506713867
2019-01-14,51.990216587105415,52.21914920260332,51.70889286530694,51.87947463989258,22886000,51.87947463989258
2019-01-15,52.15161338424672,53.635458563747235,52.01107654522952,53.4914436340332,29272000,53.4914436340332
2019-01-16,53.63297810846463,54.24752416479875,53.60020146000563,53.681148529052734,26636000,53.681148529052734
2019-01-17,53.60665198337117,54.21896260217479,53.310180768848845,54.12460708618164,24854000,54.12460708618164
2019-01-18,54.62617868994846,55.040939099727915,54.17426939308579,54.53976821899414,39112000,54.53976821899414
2019-01-22,54.030265036495116,54.204571198007216,52.812099643951285,53.16220474243164,32270000,53.16220474243164
2019-01-23,53.50137490994377,53.87779674907241,52.62735501298077,53.41297912597656,19340000,53.41297912597656
2019-01-24,53.458172431673006,53.606904374210856,52.67453362132586,53.330047607421875,27226000,53.330047607421875
2019-01-25,53.88127376602677,54.32821596515786,53.72335406270813,54.17873764038086,22382000,54.17873764038086
2019-01-28,53.63844097248774,53.78195957508593,52.828481538885924,53.140350341796875,25686000,53.140350341796875
2019-01-29,53.26946111589013,53.392122533628864,52.43442764916078,52.67055892944336,20436000,52.67055892944336
2019-01-30,53.05840629396684,54.179234203936936,52.9799408763929,54.08289337158203,25596000,54.08289337158203
2019-01-31,54.77515827459556,55.48678770419799,54.398236324628215,55.43911361694336,30766000,55.43911361694336
2019-02-01,55.24195863615852,55.86767768710958,54.86901112278974,55.16001892089844,29244000,55.16001892089844
2019-02-04,55.25487968814005,56.255035400390625,55.074117472086975,56.255035400390625,51530000,56.255035400390625
2019-02-05,55.859738056919205,56.95275645100795,55.482717579896615,56.91004943847656,71044000,56.91004943847656
2019-02-06,56.59123090728862,56.9602040299795,55.260338420411706,55.382503509521484,42112000,55.382503509521484
2019-02-07,54.83276167445604,54.86653097681201,53.930932241954736,54.56211471557617,40896000,54.56211471557617
2019-02-08,53.980587201131236,54.572040589334,53.95824104058994,54.3808479309082,21516000,54.3808479309082
2019-02-11,54.47471302519907,54.921405169614864,54.27160466568931,54.37837219238281,21304000,54.37837219238281
2019-02-12,54.96386715650336,55.88233312076289,54.91668939665483,55.687416076660156,32182000,55.687416076660156
2019-02-13,55.86718256738005,56.35087203126092,55.54488710480258,55.627323150634766,20996000,55.627323150634766
2019-02-14,55.522546732266974,56.02808608231893,55.144882153472096,55.70231628417969,18952000,55.70231628417969
2019-02-15,56.119962011000204,56.198919977587124,55.15506459139416,55.30404281616211,28996000,55.30404281616211
2019-02-19,55.122782052480055,55.713242887771514,55.122782052480055,55.547874450683594,20928000,55.547874450683594
2019-02-20,55.61888332015716,55.78872249330547,54.888382027248696,55.311485290527344,21756000,55.311485290527344
2019-02-21,55.16449111715726,55.21911759543159,54.25471663601253,54.475704193115234,28302000,54.475704193115234
2019-02-22,54.67087041808242,55.184358583538504,54.407672166210844,55.14115524291992,20990000,55.14115524291992
2019-02-25,55.42073833483918,55.54687405128572,54.98720458829011,55.09298324584961,28262000,55.09298324584961
2019-02-26,54.9117226954584,55.595046252775866,54.62220385964895,55.37753677368164,29426000,55.37753677368164
2019-02-27,54.971316110547086,55.51906612064316,54.67583754078689,55.42322540283203,19368000,55.42322540283203
2019-02-28,55.1873394753294,55.99928422620776,55.17293836102821,55.61540985107422,30850000,55.61540985107422
2019-03-01,55.86271440723904,56.76007312824697,55.855265686142715,56.661746978759766,29006000,56.661746978759766
2019-03-04,56.959705969128706,57.52037187602105,56.15024672091556,56.99993133544922,28920000,56.99993133544922
2019-03-05,57.11216495137199,58.08302203930893,56.92022966567856,57.706600189208984,28864000,57.706600189208984
2019-03-06,57.72944463569061,57.981519071821126,57.38182500130454,57.49951934814453,21986000,57.49951934814453
2019-03-07,57.39324399962645,57.4446424511904,56.35981535101713,56.776466369628906,23332000,56.776466369628906
2019-03-08,55.953593672376975,56.964179807008165,55.78326195044404,56.72779846191406,24248000,56.72779846191406
2019-03-11,56.83357347993431,58.4097888442425,56.83357347993431,58.388431549072266,34384000,58.388431549072266
2019-03-12,58.512584467242725,59.59219824711911,58.512584467242725,59.25450897216797,40262000,59.25450897216797
2019-03-13,59.6242273228948,59.63838216706605,59.191936260193664,59.260467529296875,28718000,59.260467529296875
2019-03-14,59.31956021202615,59.48691775183204,58.82146958967304,58.87460708618164,23456000,58.87460708618164
2019-03-15,59.263440496011846,59.421856527727954,58.728602633647625,58.820472717285156,49236000,58.820472717285156
2019-03-18,58.76286897269439,59.09559113955357,58.47091775527123,58.810543060302734,25852000,58.810543060302734
2019-03-19,59.036493067636634,59.592191893794705,58.89049283401012,59.53508377075195,30414000,59.53508377075195
2019-03-20,59.46059600993491,60.93997040531024,59.4019951085095,60.78255081176758,44548000,60.78255081176758
2019-03-21,60.38675464696844,61.17088976643344,60.24522515914881,61.15847396850586,24080000,61.15847396850586
2019-03-22,60.899246968538776,61.08199447114152,59.73248028079725,59.86532211303711,34284000,59.86532211303711
2019-03-25,59.43974264530455,59.90992521027976,58.9486043936044,59.24457931518555,29936000,59.24457931518555
2019-03-26,59.51919485254324,59.73273370954428,58.43610679567458,58.82842254638672,38024000,58.82842254638672
2019-03-27,58.87212448936261,58.97437201842313,57.57450116246461,58.25236511230469,28004000,58.25236511230469
2019-03-28,58.17886461287322,58.18010732930296,57.5775300453525,58.027400970458984,19234000,58.027400970458984
2019-03-29,58.345719735208796,58.548831876874154,57.748806685252745,58.266761779785156,25398000,58.266761779785156
2019-04-01,58.80260561846877,59.42633567982518,58.69831593355328,59.31559371948242,25050000,59.31559371948242
2019-04-02,59.359785387104864,59.65923838516749,58.88255194408491,59.61653137207031,16558000,59.61653137207031
2019-04-03,59.963653667025106,60.40165439150902,59.61702670208775,59.88618469238281,20286000,59.88618469238281
2019-04-04,59.88718454922701,60.37037777712036,59.79729976537858,60.33710479736328,19000000,60.33710479736328
2019-04-05,60.336603405219996,60.397685953002785,59.84198707672805,59.947265625,18144000,59.947265625
2019-04-08,59.984017195785356,60.02374623693548,59.585245375254054,59.782894134521484,17204000,59.782894134521484
2019-04-09,59.39355223969487,59.70591356354088,59.24854465942755,59.45562744140625,17528000,59.45562744140625
2019-04-10,59.62596073648912,59.78015607740735,59.41515360177267,59.699459075927734,14492000,59.699459075927734
2019-04-11,59.788851897323,59.98748951898137,59.59865186594909,59.821624755859375,14204000,59.821624755859375
2019-04-12,60.08879514493199,60.503457036940944,59.99493595492114,60.47962188720703,18668000,60.47962188720703
2019-04-15,60.48608460274428,60.79397521170884,60.044605750751046,60.64002990722656,23748000,60.64002990722656
2019-04-16,60.83370113647908,61.122723655804506,60.591360050489726,60.939476013183594,17126000,60.939476013183594
2019-04-17,61.230985814385434,61.60641503027227,60.973743488804125,61.3968505859375,24438000,61.3968505859375
2019-04-18,61.5378786782537,61.67791918215808,61.31093137605489,61.39833450317383,26636000,61.39833450317383
2019-04-22,61.37946608234027,62.030013023261745,60.998077141407165,62.017601013183594,16146000,62.017601013183594
2019-04-23,62.10946936275376,63.01874758349027,61.89543418153661,62.797760009765625,26398000,62.797760009765625
2019-04-24,62.77640385309833,62.96958184863736,62.32350191278521,62.37316131591797,20376000,62.37316131591797
2019-04-25,62.80868305053812,62.93968734252662,62.17601533217912,62.743133544921875,22146000,62.743133544921875
2019-04-26,63.01875035519845,63.220866075643755,62.58769821200528,63.17667007446289,24828000,63.17667007446289
2019-04-29,63.26703953009192,64.02535032472265,62.884407937010074,63.94142150878906,49988000,63.94142150878906
2019-04-30,58.84729012312195,59.23513509717516,58.350688518707415,59.02010726928711,124140000,59.02010726928711
2019-05-01,58.99875231447971,58.99875231447971,57.96234579176521,58.00703811645508,52784000,58.00703811645508
2019-05-02,57.99115834539586,58.31047210458252,57.35759262393842,57.735408782958984,38896000,57.735408782958984
2019-05-03,58.283648558527545,58.93668090670251,58.05273062190322,58.867156982421875,39614000,58.867156982421875
2019-05-06,57.91666245395548,59.13780570190495,57.91666245395548,59.065303802490234,31278000,59.065303802490234
2019-05-07,58.62233555909825,59.11744823972188,57.65743812559735,58.30600357055664,31028000,58.30600357055664
2019-05-08,58.202204304821635,58.6200449779598,57.89083563665726,57.91715621948242,26186000,57.91715621948242
2019-05-09,57.55761885798497,58.085508150468314,57.15139832922457,57.72397994995117,23714000,57.72397994995117
2019-05-10,57.784067457878415,58.23150599456592,56.73673408388552,57.81783676147461,26290000,57.81783676147461
2019-05-13,56.70991657584328,57.00688412406757,55.72416208480722,56.216793060302734,37212000,56.216793060302734
2019-05-14,56.47402955566002,56.63343824115984,55.59703172662784,55.64122772216797,36732000,55.64122772216797
2019-05-15,55.513607972720536,58.16844063383195,55.453817396826906,57.814857482910156,45786000,57.814857482910156
2019-05-16,57.82975796670032,59.004223617394025,57.74682558063116,58.548343658447266,30628000,58.548343658447266
2019-05-17,58.026410447926125,58.60644078531229,57.606285137513176,57.720008850097656,24172000,57.720008850097656
2019-05-20,56.836054484186626,56.95012676301317,56.187644433755715,56.555477142333984,27066000,56.555477142333984
2019-05-21,57.034200884589566,57.24366681236029,56.51028600635524,57.09081268310547,23196000,57.09081268310547
2019-05-22,56.94779216693845,57.532289453580916,56.905081366384096,57.17970275878906,18290000,57.17970275878906
2019-05-23,56.63741323060101,56.909200609254654,56.077444467753416,56.650821685791016,23978000,56.650821685791016
2019-05-24,56.97808685033878,57.09752024409963,56.19842241268091,56.288307189941406,22240000,56.288307189941406
2019-05-28,56.31462616871305,57.18799822756347,56.27092270908838,56.32207489013672,27300000,56.32207489013672
2019-05-29,55.992827273285485,56.07129269618529,55.0343859615742,55.44358825683594,30764000,55.44358825683594
2019-05-30,55.39789465975598,55.77481660337361,55.22805548997443,55.517574310302734,19038000,55.517574310302734
2019-05-31,54.690240716220266,55.102917314032965,54.6351179040759,54.80644607543945,30156000,54.80644607543945
2019-06-03,52.91290843053438,52.91290843053438,50.901670190428945,51.459354400634766,102612000,51.459354400634766
2019-06-04,51.790581634039874,52.44361395442288,51.33321273975074,52.29463195800781,56670000,52.29463195800781
2019-06-05,52.219653053346306,52.319471992123994,51.17430863209085,51.75682067871094,43368000,51.75682067871094
2019-06-06,51.89437519824824,52.01852560860015,51.33371303626473,51.86209487915039,34064000,51.86209487915039
2019-06-07,52.17446062231556,53.182065031160526,52.06371487838151,52.939720153808594,36048000,52.939720153808594
2019-06-10,53.28435990567152,54.261673064153214,53.2516855552984,53.65184783935547,29284000,53.65184783935547
2019-06-11,54.32722294052617,54.72499827461152,53.513937042244834,53.56940841674805,28734000,53.56940841674805
2019-06-12,53.533655494073045,53.679159403224254,53.014207599258725,53.4854850769043,21220000,53.4854850769043
2019-06-13,53.813736021261526,54.336658213174026,53.640422544516696,54.0684928894043,21154000,54.0684928894043
2019-06-14,53.95179245859316,54.26316112936922,53.64151495348822,53.898658752441406,22230000,53.898658752441406
2019-06-17,53.94483993336099,54.58545647750905,53.94483993336099,54.253726959228516,18832000,54.253726959228516
2019-06-18,55.10738548820517,55.440107660915885,54.576021911761146,54.804954528808594,27734000,54.804954528808594
2019-06-19,54.90427663035336,54.97380055751575,54.302396437160375,54.74188995361328,26776000,54.74188995361328
2019-06-20,55.618890908718946,55.625346972933166,54.86157260152441,55.193302154541016,25240000,55.193302154541016
2019-06-21,55.08504123376665,55.82348761830398,55.02743298931354,55.712745666503906,38952000,55.712745666503906
2019-06-24,55.60001235363825,55.71869935084206,55.17293466421706,55.39690399169922,27912000,55.39690399169922
2019-06-25,55.25487571737661,55.33880075531518,53.821682642518915,53.94831848144531,30938000,53.94831848144531
2019-06-26,53.95576906524442,54.27706811440629,53.247613882293386,53.623046875,36218000,53.623046875
2019-06-27,53.83162003634612,53.98556533663682,53.399078904666965,53.43483352661133,20086000,53.43483352661133
2019-06-28,53.453703582851155,53.68263621009912,53.3037289185293,53.67816925048828,33864000,53.67816925048828
2019-07-01,54.52685753365799,55.0026019603388,54.313466454795574,54.52437210083008,28726000,54.52437210083008
2019-07-02,54.737417858923685,55.2106806696115,54.53530214627036,55.18485641479492,19832000,55.18485641479492
2019-07-03,55.490758864983476,55.95508394414988,55.314467416111455,55.69784164428711,15340000,55.69784164428711
2019-07-05,55.51012991383004,56.25900678260704,55.4276938609159,56.194942474365234,25286000,56.194942474365234
2019-07-08,55.87612635098986,55.91635172068283,55.18287239554647,55.43812561035156,24728000,55.43812561035156
2019-07-09,55.21216509997642,56.017899969858554,54.98223983611574,55.85923767089844,26608000,55.85923767089844
2019-07-10,56.1765668546699,56.714386476879056,56.16415105695111,56.636417388916016,24190000,56.636417388916016
2019-07-11,56.773973559420305,57.26163742765815,56.5917223877916,56.82164764404297,23910000,56.82164764404297
2019-07-12,56.81072641621822,56.977087494483136,56.55199513849309,56.85591506958008,17280000,56.85591506958008
2019-07-15,56.95325857281082,57.14991468627009,56.58279641853022,57.126075744628906,18076000,57.126075744628906
2019-07-16,56.9105464015304,57.53527286247472,56.860886995969096,57.28697204589844,24776000,57.28697204589844
2019-07-17,57.15735404734908,57.52434183931919,56.89912288407239,56.92792510986328,23400000,56.92792510986328
2019-07-18,56.699000933001734,56.99025505461288,56.251562342784226,56.92694091796875,25814000,56.92694091796875
2019-07-19,57.01930403669093,57.1658006117316,56.097113666301624,56.12095260620117,32944000,56.12095260620117
2019-07-22,56.287309948599834,56.575339790972514,55.829941049048344,56.51673889160156,26030000,56.51673889160156
2019-07-23,56.81123305594293,56.955247998064536,56.20537839900727,56.920982360839844,21874000,56.920982360839844
2019-07-24,56.21033668523246,56.81122417052286,55.96650284290988,56.50382614135742,31796000,56.50382614135742
2019-07-25,56.50432666883815,56.69700834770129,55.665072473332145,56.22126388549805,44196000,56.22126388549805
2019-07-26,60.786023022818966,62.847416787018375,60.78403770754834,62.09556198120117,96116000,62.09556198120117
2019-07-29,61.630748358772806,61.94459868652512,60.99410241766122,61.5493049621582,44474000,61.5493049621582
2019-07-30,60.85405710655123,61.32384179780918,60.749274895948865,60.84064865112305,29066000,60.84064865112305
2019-07-31,60.73437869534831,61.28063971108436,59.97775382373371,60.42052459716797,34510000,60.42052459716797
2019-08-01,60.288928179554816,61.28610586818452,59.87625158472427,60.039634704589844,33970000,60.039634704589844
2019-08-02,59.6289431473505,59.93485220793562,59.042953069751775,59.293739318847656,32902000,59.293739318847656
2019-08-05,58.10437543340391,58.36261040008416,56.61953763568654,57.22439956665039,51950000,57.22439956665039
2019-08-06,57.77016272379351,58.597004861877814,57.605786953817166,58.09990692138672,34188000,58.09990692138672
2019-08-07,57.40714521226035,58.52176712903884,57.09051394819349,58.300533294677734,28886000,58.300533294677734
2019-08-08,58.73952952699763,59.84099310069206,58.252365719564985,59.83056640625,29360000,59.83056640625
2019-08-09,59.49237405568403,59.78487083844559,58.777910663856495,58.99676513671875,21314000,58.99676513671875
2019-08-12,58.55975766263621,58.845305863559055,57.98677824228295,58.33628845214844,20060000,58.33628845214844
2019-08-13,58.174897400507255,59.829570635165084,58.174897400507255,59.45662307739258,25888000,59.45662307739258
2019-08-14,58.415749357905405,58.71321706179279,57.63261058606478,57.8188362121582,31574000,57.8188362121582
2019-08-15,57.77960190272337,58.39240892196001,57.71057430286759,57.96632385253906,24374000,57.96632385253906
2019-08-16,58.5766459733373,58.734069356326245,58.19227528250147,58.47980880737305,26266000,58.47980880737305
2019-08-19,59.10006242297763,59.939316568719086,59.10006242297763,59.515220642089844,24632000,59.515220642089844
2019-08-20,59.35630823753976,59.396533604493236,58.70377223631247,58.732574462890625,18310000,58.732574462890625
2019-08-21,59.25203223088277,59.542543766724485,58.96797297076309,59.157676696777344,14814000,59.157676696777344
2019-08-22,59.29770871056255,59.493470652093,58.52847479875999,59.0722541809082,18950000,59.0722541809082
2019-08-23,58.697815152148834,59.29820634433836,56.997453161925456,57.173248291015625,33740000,57.173248291015625
2019-08-26,57.469715441000865,58.076066324952286,57.25617660252783,58.047264099121094,24522000,58.047264099121094
2019-08-27,58.6253146989519,58.71817744858502,57.67779639602461,57.99512481689453,21544000,57.99512481689453
2019-08-28,57.69070963509963,58.42121100243633,57.471711154573526,58.153045654296875,16040000,58.153045654296875
2019-08-29,58.654609641903214,59.3965340906206,58.654609641903214,59.237125396728516,21768000,59.237125396728516
2019-08-30,59.5177059380946,59.5177059380946,58.787852470145424,59.00123977661133,22596000,59.00123977661133
2019-09-03,58.45150102835866,58.94115024840436,57.764699392098585,58.02243423461914,29598000,58.02243423461914
2019-09-04,58.435610599245166,58.771810880606104,58.15205148617252,58.66901397705078,21378000,58.66901397705078
2019-09-05,59.17157500327392,60.23976561322229,59.17157500327392,60.15732955932617,28162000,60.15732955932617
2019-09-06,59.995933214785445,60.188861155662366,59.717435910685,59.83701705932617,21442000,59.83701705932617
2019-09-09,59.790834525690116,60.58539634292538,59.225701651747805,59.811195373535156,29438000,59.811195373535156
2019-09-10,59.35134725896837,60.088801029247094,59.32304135830072,59.890159606933594,25202000,59.890159606933594
2019-09-11,59.76153598656334,60.71451383868621,59.701446100647836,60.59383773803711,26140000,60.59383773803711
2019-09-12,60.79893651198631,61.670967320299674,60.73537232297564,61.29305648803711,34518000,61.29305648803711
2019-09-13,61.14903795474725,61.62229693698073,60.93351001514758,61.55674743652344,26028000,61.55674743652344
2019-09-16,61.05816485644338,61.556751797853664,60.86399040777263,61.14655685424805,21066000,61.14655685424805
2019-09-17,61.101866312250884,61.33030261226768,60.768647793514425,61.039791107177734,19102000,61.039791107177734
2019-09-18,60.95834549554752,61.36059159739816,60.413077126170315,61.20167922973633,22702000,61.20167922973633
2019-09-19,61.18430488145763,61.79909722250068,61.18231956597939,61.51454544067383,19920000,61.51454544067383
2019-09-20,61.23693776798632,61.743473546733945,60.738350828108146,61.078521728515625,45400000,61.078521728515625
2019-09-23,60.88335938703533,61.53340998436601,60.79248195511087,61.28213119506836,21248000,61.28213119506836
2019-09-24,61.57860108694271,61.91331236824684,60.122565526241566,60.52381896972656,31664000,60.52381896972656
2019-09-25,60.37781516012741,61.99077767753767,60.093263417657965,61.902381896972656,29060000,61.902381896972656
2019-09-26,61.67593468262966,61.82690200020933,61.19462832342842,61.64762878417969,30760000,61.64762878417969
2019-09-27,61.728079108542396,61.77823484153433,60.30978348989402,60.83816909790039,27078000,60.83816909790039
2019-09-30,60.63356972337542,60.88335952672294,60.20301771344643,60.53573989868164,28082000,60.53573989868164
2019-10-01,60.5357348949793,61.14307843055084,59.769975330129604,59.845458984375,25470000,59.845458984375
2019-10-02,59.442219126396374,59.442219126396374,58.166449456563036,58.431636810302734,32302000,58.431636810302734
2019-10-03,58.5989934566008,59.04891366295943,57.72646249683497,58.987831115722656,32424000,58.987831115722656
2019-10-04,59.18945411874294,60.160307441600075,59.054376897074214,60.03913879394531,23248000,60.03913879394531
2019-10-07,59.81070402856954,60.49620995868121,59.77842370886451,59.97358703613281,16858000,59.97358703613281
2019-10-08,59.47251252581634,59.894126800514094,59.046427503058354,59.05238723754883,20786000,59.05238723754883
2019-10-09,59.55991630271113,60.00685853512725,59.47450227577442,59.706912994384766,17354000,59.706912994384766
2019-10-10,59.52167845498084,60.33709747505394,59.46009958065109,60.02274703979492,16932000,60.02274703979492
2019-10-11,60.69514760611892,61.00204553146064,60.27452596868297,60.35944366455078,25454000,60.35944366455078
2019-10-14,60.20500415220706,60.899750881180815,60.176201923741885,60.4433708190918,17350000,60.4433708190918
2019-10-15,60.60526367063044,61.942612260668966,60.60526367063044,61.72808074951172,27634000,61.72808074951172
2019-10-16,61.63670365930028,62.31059320094105,61.50163022692722,61.75936508178711,21892000,61.75936508178711
2019-10-17,62.12139373615485,62.73692868607656,62.07223065588313,62.227664947509766,19048000,62.227664947509766
2019-10-18,62.24702445615143,62.51667876109587,61.63223219092888,61.851234436035156,27056000,61.851234436035156
2019-10-21,62.18743777092177,62.30508286657615,61.60840005977367,61.88401412963867,20544000,61.88401412963867
2019-10-22,61.96842996043059,62.104992363874366,61.64712716213834,61.71764373779297,20476000,61.71764373779297
2019-10-23,61.69579692529151,62.56633871901766,61.69579692529151,62.52859878540039,18230000,62.52859878540039
2019-10-24,62.6164971167155,62.77044619692498,62.259689727924915,62.620967864990234,20562000,62.620967864990234
2019-10-25,62.12635087152809,63.04854120105886,62.075698809640514,62.826560974121094,24262000,62.826560974121094
2019-10-28,63.339043569355816,64.52393565167738,63.19453233693792,64.06159973144531,52264000,64.06159973144531
2019-10-29,63.377782880430544,63.64395907969939,62.433344987636644,62.701908111572266,37728000,62.701908111572266
2019-10-30,62.222691348757266,63.036621368689126,62.174520931289194,62.6358642578125,28178000,62.6358642578125
2019-10-31,62.635375111921846,62.95270355125728,62.11707136287896,62.577274322509766,29114000,62.577274322509766
2019-11-01,62.82010504238802,63.2978348014475,62.5966358284961,63.25413513183594,33402000,63.25413513183594
2019-11-04,63.38871067810195,64.26670120084444,63.38399365995271,64.129638671875,30020000,64.129638671875
2019-11-05,64.2051215586552,64.50507084887559,64.12263247282912,64.16241455078125,25654000,64.16241455078125
2019-11-06,64.03479939705974,64.24684928299422,63.68916505432356,64.1510009765625,23060000,64.1510009765625
2019-11-07,64.27415043192991,65.73713835848879,64.27241517544036,64.99819946289062,40600000,64.99819946289062
2019-11-08,64.82041371919429,65.45209253183815,64.77497121734183,65.12284088134766,25028000,65.12284088134766
2019-11-11,64.71611996221728,64.87727147561885,64.42958291760509,64.51798248291016,20238000,64.51798248291016
2019-11-12,64.55821648400294,65.0548181492645,64.34815191850642,64.49862670898438,21718000,64.49862670898438
2019-11-13,64.26372571519087,64.77174669514169,64.2359161452668,64.45889282226562,16534000,64.45889282226562
2019-11-14,64.43406535871058,65.40243707980748,64.34219526405447,65.1273193359375,23870000,65.1273193359375
2019-11-15,65.49876847529693,66.29035607459745,65.26735043784288,66.28985595703125,35652000,66.28985595703125
2019-11-18,66.15824775626253,66.32257424189527,65.42725025822209,65.58616638183594,29748000,65.58616638183594
2019-11-19,65.93379814001467,65.93379814001467,65.19385901029838,65.32595825195312,25384000,65.32595825195312
2019-11-20,65.14121946879514,65.30311359879565,64.11872145269366,64.70967102050781,26172000,64.70967102050781
2019-11-21,64.63170783382844,65.18343607560185,64.21059364355068,64.62525177001953,19910000,64.62525177001953
2019-11-22,64.83731161921952,64.99175705678431,64.13164555020478,64.3268051147461,27714000,64.3268051147461
2019-11-25,64.51749055240094,65.1198670598301,64.46534950267933,64.89044189453125,20724000,64.89044189453125
2019-11-26,65.0478543599473,65.2931771906439,64.81098048542756,65.2311019897461,21394000,65.2311019897461
2019-11-27,65.30311941191968,65.4699768451025,65.03644304289142,65.20330047607422,19912000,65.20330047607422
2019-11-29,64.91180257399323,65.06499770823355,64.75537183000267,64.80453491210938,11740000,64.80453491210938
2019-12-02,64.60787553415649,64.84772739422539,63.614672267390304,64.0576400756836,30218000,64.0576400756836
2019-12-03,63.54365367362734,64.48178335483922,63.51534777539977,64.32381439208984,22876000,64.32381439208984
2019-12-04,64.90633893615956,65.83945241261112,64.8000639324465,65.57823944091797,30750000,65.57823944091797
2019-12-05,65.94869072658955,66.01613082090294,65.37461639567003,65.95514678955078,24254000,65.95514678955078
2019-12-06,66.21884779750104,66.74325902095445,66.21884779750104,66.57540893554688,26296000,66.57540893554688
2019-12-09,66.44729517610985,67.51052264284748,66.43736102026618,66.72142028808594,27086000,66.72142028808594
2019-12-10,66.6191006623861,67.03997233101526,66.34796116350438,66.77603149414062,21882000,66.77603149414062
2019-12-11,67.08292965745449,67.1008050719177,66.67720548763499,66.79390716552734,17008000,66.79390716552734
2019-12-12,66.83959862027363,67.32800894278013,66.56945175179673,67.05462646484375,25620000,67.05462646484375
2019-12-13,66.9394123666553,67.19481332306121,66.73679654783501,66.93345642089844,30992000,66.93345642089844
2019-12-16,67.36401381253778,67.77023816325757,67.17381755438957,67.59593200683594,27946000,67.59593200683594
2019-12-17,67.68133462663474,67.78611683437089,67.10691171373009,67.29547119140625,37080000,67.29547119140625
2019-12-18,67.36898587416592,67.56116745124716,67.09089014516655,67.17133331298828,30452000,67.17133331298828
2019-12-19,67.13159922014151,67.44346041005927,66.99080854785383,67.3411636352539,29398000,67.3411636352539
2019-12-20,67.7041861190547,67.71858344404939,66.99155641951448,67.02085876464844,66300000,67.02085876464844
2019-12-23,67.33273211206371,67.52789165434014,66.86791065439253,66.9836196899414,17662000,66.9836196899414
2019-12-24,66.966743167902,67.05414252221237,66.68268390008224,66.72142028808594,6950000,66.72142028808594
2019-12-26,66.85102721301676,67.60372698452096,66.7666058409216,67.55768585205078,13350000,67.55768585205078
2019-12-27,67.68629887497241,67.76277897604893,67.00694977145382,67.13507080078125,20768000,67.13507080078125
2019-12-30,67.04121108745511,67.19019307204604,66.24763821220691,66.35292053222656,21018000,66.35292053222656
2019-12-31,66.05348045497554,66.44529987002558,66.00257454427881,66.3966293334961,19236000,66.3966293334961
2020-01-02,66.62159046238858,67.9420524872171,66.62159046238858,67.90381622314453,28132000,67.90381622314453
2020-01-03,66.93493774743344,68.15856627305749,66.81992586515675,67.57058715820312,23728000,67.57058715820312
2020-01-06,67.04121605389896,69.35041046473987,67.04121605389896,69.2366943359375,34646000,69.2366943359375
2020-01-07,69.42192915117019,69.67270781341017,69.04649239035008,69.19348907470703,30054000,69.19348907470703
2020-01-08,69.1309144280784,70.0992936464338,69.06933934334683,69.73876190185547,30560000,69.73876190185547
2020-01-09,70.54573085867648,70.88143096554194,70.03422428304246,70.50897979736328,30018000,70.50897979736328
2020-01-10,70.89285784756291,71.25880752665975,70.43549273531444,71.00062561035156,36414000,71.00062561035156
2020-01-13,71.31845156114929,71.5364573682517,70.81638653642962,71.47239685058594,33046000,71.47239685058594
2020-01-14,71.46147050516532,71.60001823554667,70.93308868283479,71.05773162841797,31178000,71.05773162841797
2020-01-15,71.02446320125914,71.5799120298953,71.02446320125914,71.47090911865234,25654000,71.47090911865234
2020-01-16,71.88010218520081,72.10605681797274,71.55631394755552,72.0916519165039,23474000,72.0916519165039
2020-01-17,72.64835061632296,73.5613532153852,72.41544735720358,73.51641082763672,47924000,73.51641082763672
2020-01-21,73.45334766192397,74.08551910391431,73.06003544050274,73.7155532836914,40734000,73.7155532836914
2020-01-22,74.04329720428267,74.64984128260546,73.74185514069644,73.79251098632812,32216000,73.79251098632812
2020-01-23,73.87644879125217,74.26776808793879,73.60133106334078,73.82727813720703,27024000,73.82727813720703
2020-01-24,74.1719261290208,74.26653171820506,72.76455716837988,72.83706665039062,35692000,72.83706665039062
2020-01-27,71.06369150781515,71.41478920034972,70.57701648729619,71.20770263671875,35104000,71.20770263671875
2020-01-28,71.65962086304285,72.30520453483493,71.13669483054908,72.13436889648438,31548000,72.13436889648438
2020-01-29,72.4442552836585,72.77349940796584,71.84534923411006,72.4358139038086,21554000,72.4358139038086
2020-01-30,71.50864675414853,72.36875807813423,71.3318551861541,72.29724884033203,26788000,72.29724884033203
2020-01-31,72.9458137062416,73.00689625279898,70.941031637002,71.2240982055664,48344000,71.2240982055664
2020-02-03,72.60314473573077,73.99363058436747,72.45367021597224,73.79200744628906,60736000,73.79200744628906
2020-02-04,72.35832643111584,72.9756003128433,70.83028543793051,71.86172485351562,78660000,71.86172485351562
2020-02-05,72.62401525254852,72.69453183289252,71.04184021035354,71.9193344116211,39724000,71.9193344116211
2020-02-06,72.02363319055773,73.5963668176804,71.98588946273676,73.30982971191406,33588000,73.30982971191406
2020-02-07,72.86635893989194,73.78706035093559,72.81918117631908,73.45880889892578,23446000,73.45880889892578
2020-02-10,73.21498464186516,74.96202449820547,73.21498464186516,74.92130279541016,28398000,74.92130279541016
2020-02-11,75.0767324778294,75.96167544925687,74.77022857534816,74.9267578125,26892000,74.9267578125
2020-02-12,75.20931868546857,75.51795943123352,74.89298673750011,75.39752960205078,23352000,75.39752960205078
2020-02-13,75.12042810921417,75.84000639352533,74.71868213211165,75.21826171875,18590000,75.21826171875
2020-02-14,75.26494562756126,75.52020263671875,74.85475066001621,75.52020263671875,23956000,75.52020263671875
2020-02-18,75.23515328724112,76.06099907901446,75.1154736179692,75.4670639038086,22414000,75.4670639038086
2020-02-19,75.7352230948315,76.0846310031763,75.55296812288319,75.815673828125,18986000,75.815673828125
2020-02-20,75.5827675764969,75.96217498532641,74.82893120236896,75.3915786743164,21932000,75.3915786743164
2020-02-21,74.88900032803208,75.09682947062728,73.51888289776024,73.75079345703125,34634000,73.75079345703125
2020-02-24,70.82084399363352,71.36016015828893,70.08985398658058,70.59638214111328,57342000,70.59638214111328
2020-02-25,71.16300634574496,71.41825573310474,68.65020361927465,68.95064544677734,49566000,68.95064544677734
2020-02-26,69.33253592785813,70.3038930958197,68.48135853104596,69.18553924560547,44048000,69.18553924560547
2020-02-27,67.64012506513951,68.11904834218122,65.41088091856138,65.45657348632812,59566000,65.45657348632812
2020-02-28,63.440857722867264,66.60122968273528,63.11806590820636,66.51134490966797,75782000,66.51134490966797
2020-03-02,67.1211653604801,69.07082823713633,65.8898455959875,68.9834213256836,48630000,68.9834213256836
2020-03-03,69.4954235267835,70.0282760870977,66.14733327280929,66.6136474609375,48046000,66.6136474609375
2020-03-04,67.49958479456363,68.93277787362192,66.69906321684994,68.85480499267578,38266000,68.85480499267578
2020-03-05,67.0511632155031,67.48370438452919,64.81148471358118,65.50375366210938,51226000,65.50375366210938
2020-03-06,63.41901010678455,64.86709689198965,62.62395190626873,64.47925567626953,53212000,64.47925567626953
2020-03-09,59.85539256469915,62.31158374927824,59.59219431268793,60.364906311035156,67308000,60.364906311035156
2020-03-10,62.571802076565305,63.622117196478875,60.52431311858821,63.584373474121094,52228000,63.584373474121094
2020-03-11,62.060303545096545,62.6194766827972,59.397029637217365,60.35745620727539,52170000,60.35745620727539
2020-03-12,55.917343269090544,59.287779834392445,55.28666086053564,55.36661148071289,84534000,55.36661148071289
2020-03-13,58.54932979161809,60.573476138535405,55.47750152056313,60.57198715209961,74002000,60.57198715209961
2020-03-16,54.42754124919339,57.221770486043276,53.35686894783238,53.84800720214844,85048000,53.84800720214844
2020-03-17,54.28401468890709,56.15868644095474,52.44162325247867,55.60944747924805,77230000,55.60944747924805
2020-03-18,52.46645848002609,54.94897026257438,51.511491499298955,54.46726608276367,84668000,54.46726608276367
2020-03-19,54.28104124933974,57.50497742074177,52.645137610709675,55.38548278808594,73022000,55.38548278808594
2020-03-20,56.400043458327744,56.810734761928465,52.91241245924176,53.251590728759766,72036000,53.251590728759766
2020-03-23,52.70532720543696,53.20192884609394,50.332363822196605,52.471923828125,80882000,52.471923828125
2020-03-24,54.81339669421403,56.364284105537784,54.160364348778806,56.337467193603516,66890000,56.337467193603516
2020-03-25,55.94068413874498,57.05455969067583,53.93143138205992,54.74983215332031,81630000,54.74983215332031
2020-03-26,55.21216912318002,58.100901458540704,54.30487622162832,57.69269561767578,71434000,57.69269561767578
2020-03-27,55.90095622093427,57.1424602930449,54.9196724328834,55.15803909301758,64170000,55.15803909301758
2020-03-30,55.8696682045626,57.190134018651946,54.451376356117265,56.95126724243164,51482000,56.95126724243164
2020-03-31,56.97510802494447,58.366086677430644,56.52022073924125,57.74533462524414,49728000,57.74533462524414
2020-04-01,55.71869949311908,56.10058852822429,54.499545412012,54.90526580810547,46884000,54.90526580810547
2020-04-02,54.53977036171498,55.96005136655423,54.44740394113542,55.66109848022461,39298000,55.66109848022461
2020-04-03,55.57046961285702,55.79518156293612,53.62354572731836,54.520904541015625,46268000,54.520904541015625
2020-04-06,56.51326053554463,59.32700523065274,56.162659188414985,58.94263458251953,53294000,58.94263458251953
2020-04-07,60.63505710426919,60.83369851021976,58.70973316720613,58.922279357910156,47746000,58.922279357910156
2020-04-08,59.91498849334528,60.539214843926615,59.00422126942858,60.10270309448242,39502000,60.10270309448242
2020-04-09,60.788005161093324,60.8619998275224,59.430049586958845,60.160797119140625,43508000,60.160797119140625
2020-04-13,60.048078669090195,60.610729951707356,58.97631521213278,60.464229583740234,34796000,60.464229583740234
2020-04-14,61.83136961663061,63.667801353662334,61.426141773587794,63.0301628112793,49408000,63.0301628112793
2020-04-15,61.85719676474975,63.5878576103489,61.598469244430056,62.6944694519043,33434000,62.6944694519043
2020-04-16,63.27201849661443,63.51535224599527,61.708715187921946,62.7441291809082,50362000,62.7441291809082
2020-04-17,63.80586418111476,64.28160487051998,63.129492966991336,63.72640609741211,38980000,63.72640609741211
2020-04-20,63.118072207737306,63.64447256020972,62.63984606718603,62.90006637573242,33910000,62.90006637573242
2020-04-21,61.92622623528024,62.28725813189881,60.074400471668426,60.403648376464844,43060000,60.403648376464844
2020-04-22,61.8537184049048,63.84374694238709,61.677919492134386,62.7312126159668,41848000,62.7312126159668
2020-04-23,63.14537830328555,64.22598088095572,62.85337782412955,63.38175964355469,31324000,63.38175964355469
2020-04-24,62.6299058083651,63.584869009749326,62.047890156200104,63.53074264526367,32792000,63.53074264526367
2020-04-27,64.35957558686549,64.36702430836527,63.018748885356715,63.360408782958984,32012000,63.360408782958984
2020-04-28,63.95881737975535,63.964773326191775,61.191257292135425,61.26425552368164,59026000,61.26425552368164
2020-04-29,66.61711036981484,67.5373114766577,65.81658890428255,66.61810302734375,75872000,66.61810302734375
2020-04-30,65.79376390105523,67.18126451164983,65.67506931502436,66.97467803955078,53378000,66.97467803955078
2020-05-01,65.97353023284143,67.1440176191019,65.10447737169582,65.58171081542969,41450000,65.58171081542969
2020-05-04,64.96690505999969,65.93180607605001,64.50853975799883,65.88909149169922,30080000,65.88909149169922
2020-05-05,66.44134140733762,68.23009572109602,66.4184951214104,67.09635162353516,33030000,67.09635162353516
2020-05-06,67.62174231331143,68.09003419891603,66.90663484036196,66.9071273803711,24308000,66.9071273803711
2020-05-07,67.8328008735499,68.41183856226588,67.30292626177416,68.16155242919922,27952000,68.16155242919922
2020-05-08,68.68646549692158,69.46265563072474,68.30656553930811,68.94668579101562,27738000,68.94668579101562
2020-05-11,68.44561521374237,70.3451150522961,68.38959446055027,69.68612670898438,28242000,69.68612670898438
2020-05-12,69.87780938011281,70.26912866499187,68.27130284922856,68.31947326660156,27812000,68.31947326660156
2020-05-13,68.38453118019004,68.80326603129674,65.9685614229895,67.00794982910156,36252000,67.00794982910156
2020-05-14,66.29730468858001,67.4096949741675,65.74558408249679,67.34563446044922,32062000,67.34563446044922
2020-05-15,67.04122125427448,68.25690109642692,66.49495642044602,68.19284057617188,34154000,68.19284057617188
2020-05-18,67.62472846340052,69.14308552192315,67.25227724099612,68.7266845703125,36448000,68.7266845703125
2020-05-19,68.87850289322596,69.1269476897765,68.20748901367188,68.20748901367188,25612000,68.20748901367188
2020-05-20,69.00676326589259,70.04168842343,68.8910618188774,69.85794067382812,33108000,69.85794067382812
2020-05-21,69.92151164398065,70.29346275219423,69.19895535657272,69.66327667236328,27700000,69.66327667236328
2020-05-22,69.36084512261117,70.15788857398324,69.11850026676878,70.04168701171875,26188000,70.04168701171875
2020-05-26,71.37505322390662,71.56028614702075,70.1265931729172,70.36943054199219,41212000,70.36943054199219
2020-05-27,70.38086911158055,70.60383821218231,69.09168715665855,70.41016387939453,33716000,70.41016387939453
2020-05-28,69.36829435363889,71.55234573499438,69.32558734289624,70.35504150390625,33844000,70.35504150390625
2020-05-29,70.3654680591171,71.14165812703393,70.18719129549719,70.96039581298828,36418000,70.96039581298828
2020-06-01,70.437478772262,71.40932849735742,70.41811058181692,71.10441589355469,24342000,71.10441589355469
2020-06-02,71.04134512872544,71.4912691316603,70.45932945206445,71.4719009399414,25562000,71.4719009399414
2020-06-03,71.42621213078971,71.83600546103794,71.00296109058361,71.33086395263672,25124000,71.33086395263672
2020-06-04,71.03389302934043,71.45898541414964,69.75912357005502,70.12908935546875,29686000,70.12908935546875
2020-06-05,70.17825601372202,71.76142383132131,69.82219499499713,71.4306869506836,34698000,71.4306869506836
2020-06-08,70.63363688396181,71.90742134684552,70.63363688396181,71.8388900756836,28084000,71.8388900756836
2020-06-09,71.77681020500805,72.90112004210671,71.67004267427679,72.31314086914062,28184000,72.31314086914062
2020-06-10,72.48098811657447,73.21194027519641,72.31860145267983,72.79434967041016,30504000,72.79434967041016
2020-06-11,71.63378782991101,72.22945817301579,69.62354250078923,69.71492004394531,39826000,69.71492004394531
2020-06-12,70.9390414138141,71.3616483445136,68.82997739078206,70.17874145507812,38928000,70.17874145507812
2020-06-15,69.06735219051745,70.75579461791511,68.92433371669215,70.50997924804688,30078000,70.50997924804688
2020-06-16,71.76986421688697,72.25653170525558,70.81042644799199,71.64571380615234,34184000,71.64571380615234
2020-06-17,71.8662062674768,72.50384109038218,71.08256740683144,72.06285858154297,30992000,72.06285858154297
2020-06-18,71.96552298583306,72.07726138513739,70.86555217884707,71.31000518798828,31638000,71.31000518798828
2020-06-19,71.7092820955755,71.89799316545846,70.58447955372054,71.09945678710938,63158000,71.09945678710938
2020-06-22,70.96437266985775,72.14380158720957,70.67684292152231,72.099609375,30848000,72.099609375
2020-06-23,72.28732025413952,73.2954740398959,71.77085787242056,72.72283935546875,28596000,72.72283935546875
2020-06-24,72.57882848449881,73.26960459490877,71.00162418471108,71.11186981201172,35120000,71.11186981201172
2020-06-25,71.00907227184344,71.6546483512698,70.51743391312633,71.5766830444336,24610000,71.5766830444336
2020-06-26,71.08306595981846,71.1853627454788,67.14004772285006,67.5328598022461,85354000,67.5328598022461
2020-06-29,67.44743906783222,69.30572461242006,66.89274042358561,69.2744369506836,36204000,69.2744369506836
2020-06-30,69.0494846200175,70.45039748370317,68.72768165104351,70.20010375976562,40848000,70.20010375976562
2020-07-01,70.07544719279852,71.6596073987426,70.01187922203576,71.41329193115234,35504000,71.41329193115234
2020-07-02,71.85527864461241,73.64354014024406,71.82945438911075,72.73724365234375,37182000,72.73724365234375
2020-07-06,73.50002027573657,74.81750435855518,73.1424664907637,74.2767105102539,31280000,74.2767105102539
2020-07-07,73.99364705161962,75.32453585801346,73.67333686045679,73.75428771972656,29164000,73.75428771972656
2020-07-08,74.20818200334445,74.78224884952299,73.77663352782716,74.29161071777344,24994000,74.29161071777344
2020-07-09,74.81054859775554,75.61851883856808,73.89853874777877,75.03600311279297,28466000,75.03600311279297
2020-07-10,74.79564903722256,76.66683886384615,74.31841565051266,76.56304931640625,37126000,76.56304931640625
2020-07-13,76.97325885502242,78.32063642081529,74.75062236130547,75.05339813232422,36928000,75.05339813232422
2020-07-14,74.00903571655309,75.62993951455526,73.67085014930329,75.51224517822266,31700000,75.51224517822266
2020-07-15,75.63889535010237,76.24475002117451,74.39093505432963,75.16761779785156,32214000,75.16761779785156
2020-07-16,74.49024035607862,75.41839038766379,73.81039112568035,75.38412475585938,30386000,75.38412475585938
2020-07-17,75.56389325060115,75.65427055818434,74.41177391177511,75.262451171875,29134000,75.262451171875
2020-07-20,75.24805943564259,77.98086118912214,74.66902175040603,77.75391387939453,31146000,77.75391387939453
2020-07-21,78.81019145902654,78.81019145902654,77.1858017487569,77.39139556884766,24324000,77.39139556884766
2020-07-22,77.49468155363509,77.96645156030748,76.7795740339241,77.89146423339844,18640000,77.89146423339844
2020-07-23,77.81598954302726,78.05931949471388,74.85733162804239,75.26891326904297,32552000,75.26891326904297
2020-07-24,74.43711380413019,75.3660519890377,73.91418778068258,75.0797119140625,30880000,75.0797119140625
2020-07-27,75.26493334342516,76.5248128096962,75.24556515459534,75.98997497558594,24920000,75.98997497558594
2020-07-28,75.7406886448372,75.80524170279428,74.37404153040482,74.50712585449219,34044000,74.50712585449219
2020-07-29,74.80410246360779,76.04222701977507,74.5562941759085,75.5837631225586,22130000,75.5837631225586
2020-07-30,74.34126664032823,76.37088040383222,74.10389262408187,76.05206298828125,33428000,76.05206298828125
2020-07-31,74.7390428043027,74.93470244537478,72.20736420699416,73.64403533935547,68798000,73.64403533935547
2020-08-03,73.8267823694175,74.01697860344038,72.78391595891422,73.22142791748047,46604000,73.22142791748047
2020-08-04,73.3267159173788,73.77316187532486,72.43680955247252,72.75065612792969,38070000,72.75065612792969
2020-08-05,72.96566759587083,73.61671458049199,72.67565245070443,73.17970275878906,39590000,73.17970275878906
2020-08-06,73.08734734461783,74.60893245480757,72.80180291922724,74.49520874023438,39908000,74.49520874023438
2020-08-07,74.49024635782685,75.32676885402968,73.57848646985086,74.21662139892578,31556000,74.21662139892578
2020-08-10,73.85360202098929,74.69260992541598,73.15339190731413,74.29656982421875,25786000,74.29656982421875
2020-08-11,74.11481579178248,74.98684662304764,73.39772291210686,73.51293182373047,29088000,73.51293182373047
2020-08-12,73.77414089337864,75.10533266498275,73.75775067614931,74.8189926147461,28740000,74.8189926147461
2020-08-13,75.0037250475616,76.34008469384933,74.8877735437597,75.4064712524414,29104000,75.4064712524414
2020-08-14,75.26791971865897,75.57780319699117,74.63326289685403,74.87411499023438,27096000,74.87411499023438
2020-08-17,75.21876860259397,75.76205553935272,74.88604636726835,75.38314819335938,27566000,75.38314819335938
2020-08-18,75.79034493896614,77.59251114525708,75.66768730796404,77.40032958984375,40542000,77.40032958984375
2020-08-19,77.13761552307406,78.14919419688756,76.67280172628168,76.8505859375,33212000,76.8505859375
2020-08-20,76.6479871835819,78.75457370010795,76.38727433165317,78.54997253417969,34138000,78.54997253417969
2020-08-21,78.31557465655982,79.34304363352457,77.86739346777892,78.48392486572266,28930000,78.48392486572266
2020-08-24,79.1573070347942,80.15995194578811,78.49137010472516,78.87027740478516,28198000,78.87027740478516
2020-08-25,78.56584792351784,80.03330652773612,78.56584792351784,79.86446380615234,44942000,79.86446380615234
2020-08-26,79.85354477576797,82.39713539106306,79.63503884299774,82.05746459960938,79868000,82.05746459960938
2020-08-27,82.1220099009033,82.18756319004888,80.7350020229949,81.16108703613281,37232000,81.16108703613281
2020-08-28,81.11938024717467,81.79872940677315,80.983310368209,81.66166687011719,29980000,81.66166687011719
2020-08-31,81.83449033230153,81.83821090436959,80.96146681070046,81.15364837646484,36468000,81.15364837646484
2020-09-01,81.2753112601159,82.72042384830421,81.05631278645836,82.47113037109375,36506000,82.47113037109375
2020-09-02,83.11994036448972,86.06999773421208,82.75021705698761,85.82666778564453,50224000,85.82666778564453
2020-09-03,84.90467580647075,84.90467580647075,80.20413874830675,81.53404235839844,62156000,81.53404235839844
2020-09-04,80.66101287251233,81.696430593167,76.85471630763008,79.01130676269531,52172000,79.01130676269531
2020-09-08,76.15436640143547,77.66180444106244,75.88123395044217,76.09874725341797,52218000,76.09874725341797
2020-09-09,77.34719549044677,77.91679155012265,76.28054315583707,77.31888580322266,35494000,77.31888580322266
2020-09-10,77.50163402685257,78.66571837375648,75.77172722974485,76.08036041259766,32372000,76.08036041259766
2020-09-11,76.27801038608244,78.22468778948516,74.3591349740814,75.51920318603516,31942000,75.51920318603516
2020-09-14,76.427233722132,77.66848767072217,75.27189391194321,75.44768524169922,33932000,75.44768524169922
2020-09-15,76.27801749174402,77.4485049291631,76.071180961901,76.54816436767578,26622000,76.54816436767578
2020-09-16,77.2483674306839,77.5691701315766,75.47450338435272,75.52813720703125,26234000,75.52813720703125
2020-09-17,74.29161117111855,74.90233058157726,73.0004438275072,74.26826477050781,37596000,74.26826477050781
2020-09-18,74.39142996934369,74.6393822566553,71.36812004181954,72.50334930419922,62078000,72.50334930419922
2020-09-21,71.51361517760223,71.9257954541272,69.84950408820202,71.07164001464844,57776000,71.07164001464844
2020-09-22,72.01170827626768,72.97660186440348,71.23899624858848,72.77498626708984,31664000,72.77498626708984
2020-09-23,72.44325445378254,72.55150718172865,69.90661251749657,70.27955627441406,33148000,70.27955627441406
2020-09-24,70.07198186797439,71.69482570377673,70.01338475181507,70.92911529541016,29004000,70.92911529541016
2020-09-25,71.14463971858872,72.00723650932608,70.18669474785692,71.75695037841797,26460000,71.75695037841797
2020-09-28,73.20950598351357,73.33811955209461,71.97251821532628,72.7282943725586,40158000,72.7282943725586
2020-09-29,73.0198042504251,73.33132446249498,72.4444871678634,72.9671630859375,19564000,72.9671630859375
2020-09-30,72.84152775496563,73.98123523138912,72.49788631741788,72.98058319091797,34032000,72.98058319091797
2020-10-01,73.70908542006934,74.44256845643194,73.45780665142134,73.99810791015625,35590000,73.99810791015625
2020-10-02,72.60463861376776,73.65594628822517,72.052910466983,72.42536163330078,25682000,72.42536163330078
2020-10-05,72.81224345553369,73.90476574767656,72.71590259852744,73.79601287841797,22266000,73.79601287841797
2020-10-06,73.27754066084998,73.83273938886849,71.93721035186023,72.17806243896484,24908000,72.17806243896484
2020-10-07,72.71687950056844,72.94879009438718,71.31199611535075,72.51824188232422,34924000,72.51824188232422
2020-10-08,72.75660166208563,73.99363485476923,72.75660166208563,73.79151916503906,23756000,73.79151916503906
2020-10-09,74.2270509124122,75.31063155444552,73.96633807127485,75.24607849121094,28706000,75.24607849121094
2020-10-12,76.62563172156159,79.1513468413504,76.10767659400082,77.92424011230469,49652000,77.92424011230469
2020-10-13,78.64828682700247,78.95965548891367,77.62876681977845,78.04988098144531,32020000,78.04988098144531
2020-10-14,78.39304246496536,78.84465629449534,76.99957825302243,77.8711166381836,38586000,77.8711166381836
2020-10-15,76.8317156177969,78.21996625540591,76.72644086637881,77.42664337158203,30800000,77.42664337158203
2020-10-16,77.76036777120736,78.51917498369669,77.61883449131766,78.11592864990234,28694000,78.11592864990234
2020-10-19,78.48589839586765,78.86778362867038,75.88072533381943,76.20897674560547,32142000,76.20897674560547
2020-10-20,75.83354510877699,78.33889916811343,75.76501384832301,77.26773071289062,44834000,77.26773071289062
2020-10-21,78.13181293198265,80.38638835563604,78.047391572424,79.1240234375,51366000,79.1240234375
2020-10-22,79.11112529379649,80.54829670808118,78.71136458721318,80.21755981445312,28672000,80.21755981445312
2020-10-23,80.75089294892422,81.55985585659518,80.47478258314635,81.49232482910156,27516000,81.49232482910156
2020-10-26,80.69826185002869,81.3552648110084,78.28924088971746,78.98200225830078,37066000,78.98200225830078
2020-10-27,79.2412385447574,79.79618726816781,78.60111827113761,79.66781616210938,24580000,79.66781616210938
2020-10-28,77.45694984685586,77.53690047427607,75.21628634321627,75.31560516357422,36680000,75.31560516357422
2020-10-29,75.6006401448401,79.14389753821341,75.59468419892224,77.82939147949219,40062000,77.82939147949219
2020-10-30,83.0372609927354,83.77670009021313,79.67775100323058,80.49962615966797,86582000,80.49962615966797
2020-11-02,80.85469150454024,82.47411027540336,80.25231497531756,80.74891662597656,50708000,80.74891662597656
2020-11-03,81.03446140401488,82.52029573143325,80.281617663079,81.94969940185547,33234000,81.94969940185547
2020-11-04,84.93278125242438,87.9662748351412,84.721724049789,86.86207580566406,71418000,86.86207580566406
2020-11-05,88.44475330060617,89.07245394160914,86.93060935423904,87.56924438476562,41316000,87.56924438476562
2020-11-06,87.10144375982115,88.0191595578896,86.42606524965649,87.4887924194336,33218000,87.4887924194336
2020-11-09,88.93638807832393,90.28515986313533,87.40288344928055,87.55087280273438,45366000,87.55087280273438
2020-11-10,85.96620374870092,87.55086419350906,85.28139122878906,86.42804718017578,52722000,86.42804718017578
2020-11-11,86.9052864826371,87.61145255562555,86.77442995080564,87.03986358642578,25280000,87.03986358642578
2020-11-12,86.78758573945446,87.8125691391822,86.68677415967848,86.89733123779297,24950000,86.89733123779297
2020-11-13,87.28419257267741,88.4467386863625,86.63463830718922,88.24710083007812,29998000,88.24710083007812
2020-11-16,87.9829115083402,89.3421099523583,87.78377376605715,88.463623046875,24936000,88.463623046875
2020-11-17,88.24313012579633,88.64339091816939,87.7495064690329,87.90593719482422,22942000,87.90593719482422
2020-11-18,87.66161491206606,88.07081723795302,86.71360401270928,86.7453842163086,23470000,86.7453842163086
2020-11-19,86.3282365755733,87.87813142026519,86.2599553640355,87.5965576171875,24998000,87.5965576171875
2020-11-20,87.66061104507605,88.09712277002718,86.5010505266861,86.5174331665039,46270000,86.5174331665039
2020-11-23,86.88542502347123,87.09896008839227,85.30225725984842,86.15342712402344,43232000,86.15342712402344
2020-11-24,85.93691676620557,87.97794984411425,85.79736879323788,87.8428726196289,31560000,87.8428726196289
2020-11-25,88.04200720827063,88.32258834194486,87.23006627021488,87.9695053100586,20916000,87.9695053100586
2020-11-27,88.05194329189372,89.58693308542536,88.01966297279354,89.05010986328125,17698000,89.05010986328125
2020-11-30,88.45388308870092,88.79559980634644,87.15358490191596,87.43863677978516,36476000,87.43863677978516
2020-12-01,88.11549394339595,90.62134815547961,87.86719315015274,89.29393005371094,34738000,89.29393005371094
2020-12-02,89.29393477639073,91.15867625708412,88.8655158618746,90.77629089355469,24440000,90.77629089355469
2020-12-03,90.58062699052718,91.73224619755354,90.51308838630666,90.71768951416016,24546000,90.71768951416016
2020-12-04,90.60596133397502,91.03502436748224,90.23202490218026,90.77828216552734,27564000,90.77828216552734
2020-12-07,90.33183580370466,90.99579498873197,89.67533291775825,90.35567474365234,26418000,90.35567474365234
2020-12-08,89.88986500379232,90.47585891109519,89.19983904867857,90.30949401855469,21926000,90.30949401855469
2020-12-09,89.98471167795182,91.09014584777552,87.78973343827575,88.60018157958984,30152000,88.60018157958984
2020-12-10,87.88855230933521,88.46014125711915,86.42457170810688,88.16317749023438,27256000,88.16317749023438
2020-12-11,87.55384374235868,88.61607834959379,87.40188377022606,88.48298645019531,24414000,88.48298645019531
2020-12-14,88.14678589327933,89.25867611149724,87.26357823134042,87.40486145019531,32004000,87.40486145019531
2020-12-15,87.6213776974754,87.96899729214239,86.9027921109497,87.78773498535156,29646000,87.78773498535156
2020-12-16,88.0415109310898,88.04747445495914,87.20722379257133,87.55087280273438,30270000,87.55087280273438
2020-12-17,87.82449312778864,87.98708439196274,86.34213697110056,86.80099487304688,32494000,86.80099487304688
2020-12-18,87.11285336589343,87.1590384634366,85.4263963832509,85.96222686767578,80328000,85.96222686767578
2020-12-21,85.0931845470445,86.45089776294904,84.37261358419228,86.37739562988281,36568000,86.37739562988281
2020-12-22,86.132073592424,86.27981288126546,85.04675775602949,85.58929443359375,18734000,85.58929443359375
2020-12-23,85.81822357899378,86.80546328080491,85.66576348918727,86.0302734375,20676000,86.0302734375
2020-12-24,86.16038884574894,86.70665370806366,85.86788822221988,86.35157775878906,6936000,86.35157775878906
2020-12-28,86.9864829403542,88.9278486626272,86.72328466948211,88.20092010498047,27860000,88.20092010498047
2020-12-29,88.78194521823438,89.01286315485197,87.20771140146256,87.33831787109375,25988000,87.33831787109375
2020-12-30,87.50171073870466,87.65491344135812,85.6935808891122,86.38484954833984,26122000,86.38484954833984
2020-12-31,86.18124524010686,87.34875466158964,86.18124524010686,86.99864959716797,20238000,86.99864959716797
2021-01-04,87.27972330707433,87.43416872026468,84.81211267442745,85.8246841430664,38038000,85.8246841430664
2021-01-05,85.66378116067315,86.78957620701044,85.31690413411205,86.4543685913086,22906000,86.4543685913086
2021-01-06,84.55288525986151,86.80596817319672,84.3726155910741,86.17478942871094,52042000,86.17478942871094
2021-01-07,86.41165925675016,88.8122312894058,86.26218471621473,88.755126953125,45300000,88.755126953125
2021-01-08,88.79137849204815,89.87694435913419,88.07403557290453,89.746337890625,41012000,89.746337890625
2021-01-11,88.69652629181913,89.10597864731983,87.42771274107503,87.73560333251953,24194000,87.73560333251953
2021-01-12,87.09996585814103,88.29777045000148,85.67919213103616,86.73397064208984,27140000,86.73397064208984
2021-01-13,86.33816282224139,87.65191867243024,86.30985313597574,87.12378692626953,21882000,87.12378692626953
2021-01-14,87.08505511058986,88.14728975943747,86.08092503499249,86.4176254272461,23590000,86.4176254272461
2021-01-15,86.31879359693272,87.20324395595209,85.49244780742124,86.21947479248047,26844000,86.21947479248047
2021-01-19,87.0170197865356,89.84889015284965,86.48118168067656,88.93439483642578,34692000,88.93439483642578
2021-01-20,90.9506031893154,94.53855311547629,90.65611726122195,93.70376586914062,49806000,93.70376586914062
2021-01-21,94.25498450957227,96.08545271988395,93.71418312815635,93.9197769165039,41278000,93.9197769165039
2021-01-22,94.13977202265875,94.89808669345078,93.4485034198481,94.40644836425781,25442000,94.40644836425781
2021-01-25,95.38078743440725,95.82325512902538,92.74184863470315,94.32451629638672,38546000,94.32451629638672
2021-01-26,93.80010994241069,95.59582022398403,93.57191990190354,95.21045684814453,26262000,95.21045684814453
2021-01-27,93.48675815545793,93.85771663653037,89.83524003537727,90.9173355102539,54966000,90.9173355102539
2021-01-28,91.57034994468418,94.29619521722682,91.50579689229504,92.5223388671875,35462000,92.5223388671875
2021-01-29,91.68110209084873,92.23282272395863,89.89482602980084,91.16314697265625,32252000,91.16314697265625
2021-02-01,92.04858603471745,95.46629885336267,91.91748702295025,94.42134857177734,32044000,94.42134857177734
2021-02-02,95.47464364825086,97.1233647369211,95.07389030595607,95.72046661376953,45474000,95.72046661376953
2021-02-03,102.94552222839214,105.10573483141508,100.23308126265648,102.80001831054688,82364000,102.80001831054688
2021-02-04,102.74142132961343,103.2211326377597,101.43535658050057,102.41763305664062,37046000,102.41763305664062
2021-02-05,102.7965333239075,104.41098867484233,102.26665873893617,104.18701934814453,30702000,104.18701934814453
2021-02-08,104.57982582293067,105.45568322436593,102.89584663952469,103.93424224853516,24838000,103.93424224853516
2021-02-09,103.22063733336277,104.54109937261362,103.22063733336277,103.46744537353516,17798000,103.46744537353516
2021-02-10,103.998818284505,104.70200641313257,102.45339416940318,104.05691528320312,22710000,104.05691528320312
2021-02-11,104.2620067842716,104.38714984460405,103.16004314219794,104.08223724365234,18914000,104.08223724365234
2021-02-12,103.80214974089506,104.72434385194158,103.44857417935044,104.49044036865234,17114000,104.49044036865234
2021-02-16,104.50285563064797,106.90243490328483,104.50285563064797,105.37389373779297,22676000,105.37389373779297
2021-02-17,104.28634647663638,105.95790629651489,104.23271264976394,105.69222259521484,21418000,105.69222259521484
2021-02-18,104.80231732410832,105.91197226654648,104.47058778252092,105.1405029296875,22432000,105.1405029296875
2021-02-19,105.24328938202082,105.80245872805783,104.1577159692045,104.34294891357422,29148000,104.34294891357422
2021-02-22,102.64755686254156,103.86025872703895,102.40621222539535,102.54228210449219,27350000,102.54228210449219
2021-02-23,100.56233433334488,103.39296222539039,99.42064156189565,102.83924865722656,33348000,102.83924865722656
2021-02-24,101.39760547584478,104.32507407718936,101.2138653056676,104.04647827148438,24966000,104.04647827148438
2021-02-25,102.66989460694384,104.0320784839666,100.37758297196469,100.8776626586914,36568000,100.8776626586914
2021-02-26,101.8291514293757,102.84668609907402,100.1178627539614,101.15079498291016,41670000,101.15079498291016
2021-03-01,102.12711438606556,103.61691926949968,101.60965936958632,103.36812591552734,28090000,103.36812591552734
2021-03-02,103.10393835710568,104.50335839508823,102.85911562585606,103.08655548095703,22692000,103.08655548095703
2021-03-03,102.65797415829452,103.7161395827425,99.81691990820529,100.64674377441406,29684000,100.64674377441406
2021-03-04,100.4808856718216,103.75199578296944,100.32693280311365,101.75814056396484,42360000,101.75814056396484
2021-03-05,102.95147492548972,105.18568971097893,101.62529942949482,104.71044158935547,43904000,104.71044158935547
2021-03-08,104.34246029802235,105.71704868302214,100.3934786674873,100.52061462402344,32948000,100.52061462402344
2021-03-09,102.7965347526403,103.19580287718115,101.69557133158327,101.93741607666016,33946000,101.93741607666016
2021-03-10,102.88394014143672,103.04484162091262,100.97749175562625,102.05313110351562,25372000,102.05313110351562
2021-03-11,102.99816391948156,105.56261554735316,102.91473520665973,105.01982879638672,24782000,105.01982879638672
2021-03-12,103.54144248438115,103.80265543335705,101.68167175761589,102.3952865600586,34516000,102.3952865600586
2021-03-15,102.41415129605637,102.65053263968963,101.48103793116822,102.62223052978516,25962000,102.62223052978516
2021-03-16,103.24297844757093,105.45633217204819,102.79653257266413,103.91487884521484,29832000,103.91487884521484
2021-03-17,103.09599584420607,104.77202649546655,102.0019809005104,103.8433837890625,25980000,103.8433837890625
2021-03-18,102.34960344904361,103.06967432851934,100.98642676236462,101.1190185546875,27228000,101.1190185546875
2021-03-19,101.4085405483245,101.95728324824415,100.19832408883477,101.46565246582031,46298000,101.46565246582031
2021-03-22,101.3981111882897,102.20011797996682,100.6149648926867,101.23670959472656,39096000,101.23670959472656
2021-03-23,101.88774969442517,102.91084628935776,101.26799035002452,101.95032501220703,27340000,101.95032501220703
2021-03-24,102.56660705705724,103.20424182108133,101.38395021244662,101.5580062866211,23080000,101.5580062866211
2021-03-25,101.5456005588539,102.24381779153703,99.85317981861238,101.52325439453125,28378000,101.52325439453125
2021-03-26,101.25012633906871,101.85250287664876,100.01656345705436,101.08574676513672,29870000,101.08574676513672
2021-03-29,100.7048441790118,102.22196603304431,100.09601163763863,102.09880828857422,24596000,102.09880828857422
2021-03-30,102.18223498682858,102.83526730146805,101.50685650955424,102.07844543457031,20732000,102.07844543457031
2021-03-31,102.25623783702686,103.95496309783704,102.1382934324015,102.72850799560547,29198000,102.72850799560547
2021-04-01,104.18453837054177,106.41875317220655,104.13189720333585,106.1610107421875,33980000,106.1610107421875
2021-04-05,106.91535394206188,111.105180115244,106.84980064800281,110.52117156982422,43298000,110.52117156982422
2021-04-06,110.36971454182618,111.12256584129652,109.98732915713552,110.48145294189453,27060000,110.48145294189453
2021-04-07,110.54998009498239,111.98366570346273,110.51025105593807,111.71947479248047,25798000,111.71947479248047
2021-04-08,113.12386565664774,113.42405745735331,112.11675762816488,112.50212097167969,27166000,112.50212097167969
2021-04-09,112.06808302151235,113.67409697288231,111.91979815846193,113.51716613769531,20888000,113.51716613769531
2021-04-12,112.5423472559571,112.99276379401618,111.16253789460286,111.9732437133789,31318000,111.9732437133789
2021-04-13,112.30496484946126,113.08661074499277,112.03778839671102,112.5929946899414,23310000,112.5929946899414
2021-04-14,112.98480884913563,113.12534188362673,111.69513447885198,111.9757080078125,20220000,111.9757080078125
2021-04-15,113.07518480931631,114.54596991684305,112.5299202791954,114.05249786376953,27472000,114.05249786376953
2021-04-16,114.36735987883522,114.53818793422272,113.44616595293898,114.10713958740234,22596000,114.10713958740234
2021-04-19,113.82009996228328,115.13460605925181,113.6147562178504,114.33756256103516,24688000,114.33756256103516
2021-04-20,114.61019760226046,114.69511909010087,112.81349473259375,113.90204620361328,21774000,113.90204620361328
2021-04-21,113.48587897916379,113.98595867563122,112.160946258089,113.88514709472656,23930000,113.88514709472656
2021-04-22,113.88217636454505,114.4052008828342,112.0556786331666,112.62528228759766,21096000,112.62528228759766
2021-04-23,113.39749753945685,115.5006058396982,113.13628458542806,114.97817993164062,28670000,114.97817993164062
2021-04-26,115.20809433526924,116.26735095454649,114.90566717052828,115.54627990722656,20834000,115.54627990722656
2021-04-27,116.00613850428667,116.07814028152193,114.43041954312457,114.57195281982422,31972000,114.57195281982422
2021-04-28,119.53921415086738,121.78549247633474,117.93544300392479,118.18672180175781,59728000,118.18672180175781
2021-04-29,119.69738206143543,120.99797577889495,119.29761381225978,120.66873168945312,39554000,120.66873168945312
2021-04-30,119.407377392571,120.5321798710462,119.2916683548766,119.68695831298828,39142000,119.68695831298828
2021-05-03,119.31947096521989,120.16269958102548,118.41465968441923,118.94453430175781,33788000,118.94453430175781
2021-05-04,117.68166366522198,118.15442631363952,114.79938763795428,116.91242980957031,35120000,116.91242980957031
2021-05-05,117.61612502605115,118.30044506666131,116.77141120077286,117.03609466552734,21806000,117.03609466552734
2021-05-06,116.73316133099752,118.32576309593807,116.3208825675592,118.25822448730469,20618000,118.25822448730469
2021-05-07,119.18438453300577,119.99931097512678,118.6877829307849,119.11933135986328,23272000,119.11933135986328
2021-05-10,117.9374224148402,118.09186782363435,115.94307465547669,116.28721618652344,26006000,116.28721618652344
2021-05-11,113.81414624829634,115.3108997784846,113.37415640533781,114.65340423583984,32110000,114.65340423583984
2021-05-12,112.31688678777981,113.49184487851753,110.74464588842024,111.19307708740234,34934000,111.19307708740234
2021-05-13,112.2861038446964,113.05638353197484,111.3738513654605,112.3298110961914,26670000,112.3298110961914
2021-05-14,113.81265055541597,115.26818980983752,113.39004359937367,115.02088165283203,26624000,115.02088165283203
2021-05-17,114.68120976985234,115.37744167096106,113.97007284866895,115.28160095214844,19842000,115.28160095214844
2021-05-18,116.0511235163191,116.36120398929212,114.37529014856742,114.38870239257812,17302000,114.38870239257812
2021-05-19,112.45047533192839,115.05067773178804,112.40677566111775,114.65091705322266,19350000,114.65091705322266
2021-05-20,115.61085824771246,117.21487955673898,115.26571644195974,117.00382232666016,23832000,117.00382232666016
2021-05-21,117.495449011379,117.64492355651544,116.32247619940796,116.45804595947266,22832000,116.45804595947266
2021-05-24,117.54561618021559,120.10212672182661,117.2034599261522,119.51564025878906,21244000,119.51564025878906
2021-05-25,120.17759815141561,120.81771839959156,119.33287675236843,119.63481140136719,18838000,119.63481140136719
2021-05-26,119.82176841667285,121.31699115358892,119.80587831729613,120.8494873046875,21856000,120.8494873046875
2021-05-27,121.0188321938423,121.17079216441442,119.28370454142801,119.30903625488281,38962000,119.30903625488281
2021-05-28,120.27492333979943,120.58182125613297,119.56627187105762,119.75846099853516,24108000,119.75846099853516
2021-06-01,120.27690800906335,121.07003388087557,119.42673084469872,120.66475677490234,19166000,120.66475677490234
2021-06-02,120.93789720317557,121.27011927588354,119.39296567819049,120.24116516113281,17158000,120.24116516113281
2021-06-03,118.93708167290617,119.66832938326904,118.33172720268307,119.41332244873047,18346000,119.41332244873047
2021-06-04,120.30273772114525,121.8590355229707,120.06684891549519,121.75479888916016,25948000,121.75479888916016
2021-06-07,121.73293996625932,122.56127103510916,121.2240703527733,122.46641540527344,23850000,122.46641540527344
2021-06-08,123.15224762217989,123.87703173901166,122.57320990837525,123.29874420166016,25060000,123.29874420166016
2021-06-09,124.12557373759515,124.3987061448382,123.5212119286207,123.72332763671875,20126000,123.72332763671875
2021-06-10,123.85294301307565,125.30550428934926,123.85244289546971,125.22306823730469,31234000,125.22306823730469
2021-06-11,125.3879430603444,125.4907399632111,124.0654881083316,124.84217834472656,25240000,124.84217834472656
2021-06-14,124.81536108339026,125.55231469981257,124.19708689260577,125.49321746826172,22550000,125.49321746826172
2021-06-15,125.66205871009532,125.99974416164899,124.7944911057671,125.17637634277344,22182000,125.17637634277344
2021-06-16,125.38942825811543,125.66355333242663,123.30613528265158,124.84217834472656,26316000,124.84217834472656
2021-06-17,124.66984906368488,126.3319746952827,124.66190022513287,125.5120849609375,25756000,125.5120849609375
2021-06-18,124.85110519296721,125.52996177651764,123.75609773304936,124.71404266357422,53306000,124.71404266357422
2021-06-21,124.88537574855032,126.17331498529592,124.28374184346295,125.59552001953125,26256000,125.59552001953125
2021-06-22,125.59054208717977,126.4049684111792,125.16992046975791,126.13630676269531,20984000,126.13630676269531
2021-06-23,125.68987394459323,126.92739979520356,125.3938952547923,125.60197448730469,19694000,125.60197448730469
2021-06-24,126.18994570038419,126.66867190696708,126.09708295505482,126.4168930053711,18934000,126.4168930053711
2021-06-25,126.09410747179957,126.63837940492667,125.58459371257997,126.13185119628906,33484000,126.13185119628906
2021-06-28,126.13681184631469,126.47151933869631,125.11758733316614,125.9575424194336,28110000,125.9575424194336
2021-06-29,125.9108527114043,126.1368073504115,124.58442722113656,125.16197967529297,20950000,125.16197967529297
2021-06-30,124.7995170032237,124.94497545455039,123.90955770269419,124.46426391601562,24006000,124.46426391601562
2021-07-01,124.00117493171683,125.60296827176381,124.00117493171683,125.50960540771484,17120000,125.50960540771484
2021-07-02,125.97739705021728,127.97225239581253,125.90737301210787,127.8441162109375,21160000,127.8441162109375
2021-07-06,128.56965953372003,129.0017156843559,127.53623468851816,128.88897705078125,21350000,128.88897705078125
2021-07-07,129.45510293925253,129.75196061243904,128.87804302390012,129.19338989257812,16680000,129.19338989257812
2021-07-08,127.37830992763305,129.14869583747404,127.16973058817217,128.29901123046875,19780000,128.29901123046875
2021-07-09,128.0681245366492,128.96697243610288,128.06712430125273,128.69383239746094,15106000,128.69383239746094
2021-07-12,128.95105568870275,129.88119869446976,128.71915266183112,129.6765899658203,16944000,129.6765899658203
2021-07-13,129.99194848273135,131.14456815895844,129.74910346673155,130.10418701171875,16618000,130.10418701171875
2021-07-14,131.0049991362441,132.09205775802025,131.00151346820178,131.1847686767578,17912000,131.1847686767578
2021-07-15,131.5994194135526,131.6937749266704,129.71035414618638,130.37429809570312,16586000,130.37429809570312
2021-07-16,130.74627822512647,131.28458663861477,129.93234438607197,130.9493865966797,14856000,130.9493865966797
2021-07-19,130.2640532282788,130.3549230687828,127.66335111861815,128.37547302246094,25710000,128.37547302246094
2021-07-20,129.12038978411883,131.10415924897688,128.31033568347462,130.21043395996094,19084000,130.21043395996094
2021-07-21,129.89808319708342,131.71588954511856,129.7138428928402,131.69924926757812,14742000,131.69924926757812
2021-07-22,131.74840137199934,132.5971009211068,131.500100566432,132.42230224609375,13608000,132.42230224609375
2021-07-23,134.34066056062528,137.86504978505846,133.7849693061165,136.87928771972656,26378000,136.87928771972656
2021-07-26,137.31035085997834,138.76340468505092,136.71542307644862,138.69537353515625,23052000,138.69537353515625
2021-07-27,139.05937415065188,139.05937415065188,134.18175774452874,135.86671447753906,42164000,135.86671447753906
2021-07-28,137.62023541491996,138.72666234133217,135.42327924102779,135.45455932617188,54688000,135.45455932617188
2021-07-29,135.4536472130092,136.21931206381885,135.21269662785772,135.61245727539062,19284000,135.61245727539062
2021-07-30,134.58996307973413,134.84853902782945,133.89789126835674,134.3019256591797,23954000,134.3019256591797
2021-08-02,134.5636435707603,135.09599602984744,133.75418049265053,135.06521606445312,20140000,135.06521606445312
2021-08-03,135.0756335678135,135.40884826652146,133.2714821591452,135.35372924804688,19064000,135.35372924804688
2021-08-04,135.32344914788342,135.6099862380814,134.49461784397866,135.1039581298828,16528000,135.1039581298828
2021-08-05,135.1039430913222,136.0191734022119,134.6783581930691,136.00924682617188,11866000,136.00924682617188
2021-08-06,135.36862286600922,136.1483364490167,135.12180727361948,136.10458374023438,13560000,136.10458374023438
2021-08-09,136.01820424284583,137.3813733514827,135.50149180055726,137.0640411376953,12374000,137.0640411376953
2021-08-10,137.14101519026298,137.609807275343,136.2938159163437,137.15789794921875,16034000,137.15789794921875
2021-08-11,137.3431187518154,137.90402333162834,136.41646152740478,136.75364685058594,15204000,136.75364685058594
2021-08-12,136.77699788671617,137.4772080030543,135.84935549940246,137.4488983154297,14646000,137.4488983154297
2021-08-13,137.41712351554784,137.73147017710457,137.06702602115857,137.46530151367188,12580000,137.46530151367188
2021-08-16,137.0620576737761,138.0458193754736,135.24028067380144,137.97183227539062,18040000,137.97183227539062
2021-08-17,137.25174482040944,137.7756710534001,135.85779581736506,136.3673095703125,21272000,136.3673095703125
2021-08-18,136.18356362124237,137.35406622148543,135.49379531221848,135.64178466796875,14934000,135.64178466796875
2021-08-19,134.5467544243469,136.51776328168305,134.4360162675486,135.98292541503906,18296000,135.98292541503906
2021-08-20,136.15127737495007,137.67237752864176,135.53946682383835,137.49607849121094,15564000,137.49607849121094
2021-08-23,138.05378468839604,141.21067896594838,137.8049382603651,140.1405029296875,21090000,140.1405029296875
2021-08-24,140.58147945198533,142.03553362463055,140.39276839296426,141.4306640625,15126000,141.4306640625
2021-08-25,141.91186285867823,142.33894815864903,141.47138046828576,141.97840881347656,12838000,141.97840881347656
2021-08-26,141.64915908057404,142.16194633566536,141.1257481150613,141.1570281982422,14922000,141.1570281982422
2021-08-27,141.14660579968208,144.02540408531675,141.05473570762118,143.5680389404297,24562000,143.5680389404297
2021-08-30,143.7209892450342,145.49386082231186,143.61720725668386,144.4807891845703,16916000,144.4807891845703
2021-08-31,144.89295658963923,145.11890364656045,144.01446218702657,144.47332763671875,26756000,144.47332763671875
2021-09-01,144.6600269358001,145.8225728736353,144.6247762272692,144.85072326660156,15824000,144.85072326660156
2021-09-02,144.95752241988444,145.33047378513322,143.12706153982109,143.23878479003906,21844000,143.23878479003906
2021-09-03,143.16626248612272,144.3888983959114,142.52962797359217,143.79098510742188,19104000,143.79098510742188
2021-09-07,143.76566713276492,144.8328726093159,143.5585881394308,144.52993774414062,15170000,144.52993774414062
2021-09-08,144.40530143364808,144.56173216985547,143.2199165378978,143.89877319335938,15486000,143.89877319335938
2021-09-09,143.89876346425862,144.67941673959078,143.4523251465258,143.92855834960938,14798000,143.92855834960938
2021-09-10,144.4549712876623,145.02656031291679,140.77813652859197,140.9564208984375,32896000,140.9564208984375
2021-09-13,142.22771589608573,143.21097750622596,141.3154558371709,142.4899139404297,20176000,142.4899139404297
2021-09-14,143.18117838664207,143.74382588138897,141.93421841606153,142.4313201904297,18916000,142.4313201904297
2021-09-15,142.78189914089353,144.5920064872075,141.2891088151266,144.21905517578125,20648000,144.21905517578125
2021-09-16,144.13465947974922,144.213117327754,142.44159458739804,143.39224243164062,20292000,143.39224243164062
2021-09-17,142.82113534845192,143.26907403182895,140.10273843690112,140.50201416015625,60040000,140.50201416015625
2021-09-20,138.05542729784844,138.4152694350068,136.1214576715408,138.07211303710938,34918000,138.07211303710938
2021-09-21,139.16466403487448,139.85453838038688,137.9613962373602,138.69735717773438,18130000,138.69735717773438
2021-09-22,139.09861063920525,140.6211807107844,138.52379368376833,139.98057556152344,22068000,139.98057556152344
2021-09-23,140.64701329530078,141.28560285700897,140.13749954100814,140.862548828125,17272000,140.862548828125
2021-09-24,139.98801346558426,141.93221291866206,139.89315783425127,141.66354370117188,14950000,141.66354370117188
2021-09-27,140.62317453651056,141.5314638843748,139.5450573737169,140.5392608642578,18844000,140.5392608642578
2021-09-28,138.1431463436552,138.65763094362842,134.77767324858462,135.25839233398438,42190000,135.25839233398438
2021-09-29,136.17779403129396,136.46463420712936,133.33753525421145,133.606689453125,26338000,133.606689453125
2021-09-30,133.4120034375006,134.66840475337216,132.09601236041408,132.35971069335938,35294000,132.35971069335938
2021-10-01,132.64676386505874,136.13935777628745,132.47096495519594,135.5349884033203,28388000,135.5349884033203
2021-10-04,134.77716526875167,134.7776653863082,130.27498578434896,132.85581970214844,31530000,132.85581970214844
2021-10-05,133.08924403125957,136.4283930868425,133.08924403125957,135.25144958496094,24126000,135.25144958496094
2021-10-06,133.71050024596047,136.91507228888156,133.5724374642842,136.4204559326172,19764000,136.4204559326172
2021-10-07,137.91919933786892,139.20186468657073,137.6212353104949,138.239501953125,18250000,138.239501953125
2021-10-08,138.9550905257886,139.3632925486433,138.48167620279116,139.10406494140625,18924000,139.10406494140625
2021-10-11,138.84981883428435,139.80692269639079,137.86307163756283,137.90379333496094,16584000,137.90379333496094
2021-10-12,138.68840515591376,138.74552464386232,135.32393243555,135.78378295898438,22536000,135.78378295898438
2021-10-13,136.81376359432022,137.60832931771716,136.0455222460123,136.96273803710938,16380000,136.96273803710938
2021-10-14,139.0007681210923,140.6887255432517,138.39194317635042,140.4508514404297,21426000,140.4508514404297
2021-10-15,141.23349226932052,141.23349226932052,140.10571197349168,140.71206665039062,21250000,140.71206665039062
2021-10-18,140.25369532882482,142.02680908692588,140.25369532882482,141.9888153076172,16564000,141.9888153076172
2021-10-19,142.31760100252214,143.12754911615338,142.12341895814004,142.84449768066406,15316000,142.84449768066406
2021-10-20,143.24224650306607,143.2673281563743,140.94744950875403,141.447021484375,17940000,141.447021484375
2021-10-21,141.22555751262792,141.87858986031384,140.6743218295836,141.81005859375,14850000,141.81005859375
2021-10-22,139.39706703841122,140.59636420413273,136.23818786571272,137.68280029296875,30182000,137.68280029296875
2021-10-25,137.86702412861393,138.25963155473733,135.81904279111734,137.82977294921875,21082000,137.82977294921875
2021-10-26,139.6503596979462,139.88226274953007,138.06072808223016,138.7227020263672,28258000,138.7227020263672
2021-10-27,138.9516208762769,148.10448575533377,138.9516208762769,145.43228149414062,51850000,145.43228149414062
2021-10-28,146.29783388712323,146.42248440447239,143.77957518003032,145.1357879638672,32418000,145.1357879638672
2021-10-29,144.53093210170812,147.60291186449984,144.17983441117272,147.26272583007812,28954000,147.26272583007812
2021-11-01,147.15797667046243,147.39089511556517,142.60364740180157,142.7968292236328,32272000,142.7968292236328
2021-11-02,143.82518465275882,145.92193550800826,143.65793318413486,144.8716278076172,21150000,144.8716278076172
2021-11-03,145.28081350462404,145.9120074468041,144.06761901113322,145.7923126220703,17886000,145.7923126220703
2021-11-04,146.1995325438334,148.93084180219506,145.63837021684802,147.67245483398438,24700000,147.67245483398438
2021-11-05,148.33839245728046,149.54737380602026,147.6416528111932,148.22665405273438,20408000,148.22665405273438
2021-11-08,148.9804861104016,150.00795498418364,148.10646240892873,148.33639526367188,18388000,148.33639526367188
2021-11-09,148.72821653544935,149.3564097124549,146.5044360276713,148.23410034179688,16876000,148.23410034179688
2021-11-10,147.00376336157126,147.6893185020603,144.33725757284623,145.62942504882812,22708000,145.62942504882812
2021-11-11,146.10713334614317,147.49289849249797,145.69744613170067,145.75057983398438,12464000,145.75057983398438
2021-11-12,146.82672138828437,148.8409374295706,145.4585815059369,148.62838745117188,17048000,148.62838745117188
2021-11-15,148.9804900609706,149.45425299023046,147.64214502137054,148.37265014648438,16248000,148.37265014648438
2021-11-16,148.15661479517118,148.8141178381103,147.34169596089842,148.06275939941406,17254000,148.06275939941406
2021-11-17,148.21473098023026,148.6090358208911,147.5532572551044,148.04885864257812,15290000,148.04885864257812
2021-11-18,148.13226663508416,150.57952357528282,147.98577766372554,149.6846466064453,26658000,149.6846466064453
2021-11-19,149.97368480232643,150.81791359337745,148.86874319950553,148.9333038330078,19766000,148.9333038330078
2021-11-22,149.1212851153036,149.71994106936566,146.006340366025,146.078857421875,24608000,146.078857421875
2021-11-23,146.11311989749078,146.69016469557673,143.90472174702623,145.75953674316406,18126000,145.75953674316406
2021-11-24,145.35531145205812,146.00088754584112,144.21213346468224,145.72030639648438,16464000,145.72030639648438
2021-11-26,144.0298739957344,144.309454901125,141.51707089517092,141.83538818359375,16992000,141.83538818359375
2021-11-29,143.3177289782317,145.86381249404158,143.3177289782317,145.1208953857422,26276000,145.1208953857422
2021-11-30,144.46167744579685,145.63190725432978,141.10041710850942,141.48379516601562,41590000,141.48379516601562
2021-12-01,143.23230457794105,145.5034141829971,140.53824706981743,140.6554412841797,28476000,140.6554412841797
2021-12-02,140.86004217468766,143.69166216432518,140.02375473406545,142.7992706298828,21250000,142.7992706298828
2021-12-03,143.51341683265363,144.22603904128326,140.1906502156604,141.5518341064453,26688000,141.5518341064453
2021-12-06,142.59816137902388,143.37037323007655,139.69105367175214,142.8191375732422,22198000,142.8191375732422
2021-12-07,144.9579987511427,147.29203224851508,144.71218339287128,147.0303192138672,23258000,147.0303192138672
2021-12-08,147.32332270438113,148.14271234135333,146.19951300271396,147.70968627929688,18964000,147.70968627929688
2021-12-09,147.1688815821325,148.58816989341202,146.52629107389916,147.099365234375,18580000,147.099365234375
2021-12-10,148.08660413983958,148.38455297770417,146.35593967200518,147.66448974609375,21634000,147.66448974609375
2021-12-13,147.43507660793463,147.55277096105374,145.36524121443088,145.7073974609375,24104000,145.7073974609375
2021-12-14,143.7860459692288,144.453475676983,141.27571311088354,143.9851837158203,24778000,143.9851837158203
2021-12-15,143.3848018972806,146.51462931691543,141.7355956244765,146.3668975830078,27280000,146.3668975830078
2021-12-16,147.07053286369882,147.5418102856595,143.11311797989157,143.8540496826172,27400000,143.8540496826172
2021-12-17,141.74451325276064,143.47825446326124,140.82431191919082,141.83241271972656,43404000,141.83241271972656
2021-12-20,139.72341923536803,141.6412033642859,139.2967431830419,141.43362426757812,20264000,141.43362426757812
2021-12-21,142.17704523650013,143.70861757420647,140.77166924607343,143.2402801513672,19548000,143.2402801513672
2021-12-22,143.12059081144602,146.30180849641584,142.98451336151084,145.95022583007812,18438000,145.95022583007812
2021-12-23,146.08974628124307,147.56277432252065,145.95204724955434,146.14239501953125,13818000,146.14239501953125
2021-12-27,146.4612195080496,147.4176716335065,146.2491696571616,147.05763244628906,13256000,147.05763244628906
2021-12-28,147.36604132348995,147.36604132348995,144.94362305228609,145.45263671875,18624000,145.45263671875
2021-12-29,145.43424082425693,146.1833562766642,144.51552490598095,145.50872802734375,17022000,145.50872802734375
2021-12-30,145.45461535948124,146.06295539127672,144.76781748297324,145.01016235351562,12978000,145.01016235351562
2021-12-31,144.55477786949103,145.37019687634756,143.69416641809505,143.69615173339844,17298000,143.69615173339844
2022-01-03,143.49354263214246,144.56074822207472,142.5271637905284,144.08847045898438,25214000,144.08847045898438
2022-01-04,144.56124701942412,145.6135400008662,142.8386751586961,143.43495178222656,22928000,143.43495178222656
2022-01-05,143.20102554150014,143.3172346766713,136.58877424651124,136.7178955078125,49642000,136.7178955078125
2022-01-06,136.56297041590392,138.7366029033195,135.83396560825292,136.61610412597656,29050000,136.61610412597656
2022-01-07,136.96769547833836,137.3150650478679,134.8660800302803,136.0733184814453,19408000,136.0733184814453
2022-01-10,134.18076891311077,137.6977020902201,132.23558416953537,137.6321563720703,34096000,137.6321563720703
2022-01-11,137.24130661904286,139.37570228850257,135.88360867858768,139.06582641601562,23502000,139.06582641601562
2022-01-12,140.59238653568121,141.8435746287931,140.152889270692,140.68524169921875,23642000,140.68524169921875
2022-01-13,140.87645123802994,142.2123108764727,137.9698433838269,138.18536376953125,26566000,138.18536376953125
2022-01-14,136.5654521731575,140.24080142733288,136.5654521731575,138.83641052246094,23826000,138.83641052246094
2022-01-18,135.6715718841705,136.45768099201436,134.69525137857937,135.36416625976562,27382000,135.36416625976562
2022-01-19,136.0077658521999,137.45883429829988,134.57903599165317,134.72999572753906,20796000,134.72999572753906
2022-01-20,135.58614103682268,136.97463405635267,132.23953626549041,132.5990753173828,21930000,132.5990753173828
2022-01-21,132.10793029814172,133.84455060592666,129.1174092047253,129.20777893066406,41920000,129.20777893066406
2022-01-24,125.17091648897643,129.88963206882565,123.794789887795,129.4858856201172,55148000,129.4858856201172
2022-01-25,127.56256516846774,128.4594276386586,125.5190466245286,125.87411499023438,36008000,125.87411499023438
2022-01-26,129.7048881894183,131.90482964877893,126.28926697844179,128.36158752441406,39630000,128.36158752441406
2022-01-27,130.46815841958804,131.70863187790096,128.0685942727313,128.24339294433594,30248000,128.24339294433594
2022-01-28,129.11642823265385,132.46401860176192,127.81980509066949,132.38357543945312,30518000,132.38357543945312
2022-01-31,133.28586409572353,134.92018751229728,131.37494538356475,134.7761688232422,34056000,134.7761688232422
2022-02-01,136.89815324739106,137.26066267246765,133.65360296249793,136.94134521484375,51204000,136.94134521484375
2022-02-02,150.8313036002186,151.06620730263577,144.56816469067317,147.0303192138672,89750000,147.0303192138672
2022-02-03,144.30746546228593,148.10419162889508,141.23847103420349,141.68093872070312,56930000,141.68093872070312
2022-02-04,142.0449456514039,143.55287598104576,138.86719844155502,142.04396057128906,49224000,142.04396057128906
2022-02-07,142.73223611741068,142.86879852430195,137.75629361750543,137.99366760253906,44610000,137.99366760253906
2022-02-08,138.04659679182734,138.8866884557077,135.94273798997287,138.26683044433594,34256000,138.26683044433594
2022-02-09,139.89243631999759,141.20918544454267,139.42290163188508,140.49159240722656,28628000,140.49159240722656
2022-02-10,138.5518527480684,140.46972797265894,137.11171107310065,137.6604461669922,33018000,137.6604461669922
2022-02-11,137.80696310064772,138.33658768929035,132.382581010914,133.21836853027344,38808000,133.21836853027344
2022-02-14,132.45905576690186,135.24102842531744,132.39599547702588,134.3804168701172,26792000,134.3804168701172
2022-02-15,136.53712581045966,136.96271070032822,134.61826565695532,135.4982452392578,26578000,135.4982452392578
2022-02-16,135.50320174855534,137.0084040671566,133.90728113475527,136.5530242919922,25610000,136.5530242919922
2022-02-17,135.22463864899746,135.9094513112525,131.30347351342263,131.4092559814453,30968000,131.4092559814453
2022-02-18,132.1332736916678,132.91442702027302,129.42137861017235,129.5807342529297,31858000,129.5807342529297
2022-02-22,129.10152487204434,131.0042601787714,126.87277350874811,128.52297973632812,38906000,128.52297973632812
2022-02-23,130.18760516513512,130.85353451997378,126.63689882164768,126.71784210205078,26432000,126.71784210205078
2022-02-24,124.15040615809976,132.13278321849418,123.91651024825589,131.77174377441406,43166000,131.77174377441406
2022-02-25,132.61794687073737,134.46879103459742,130.8694146358547,133.60519409179688,26236000,133.60519409179688
2022-02-28,132.37860992669,134.71859977074612,131.92248747870286,133.9741973876953,29676000,133.9741973876953
2022-03-01,133.5659794382893,135.1858907943642,132.47196451652619,133.256103515625,24640000,133.256103515625
2022-03-02,133.69335643385028,134.69375841500843,132.5255969050421,133.83563232421875,23966000,133.83563232421875
2022-03-03,135.05432023558305,135.7846285037579,132.5241337553367,133.39517211914062,19780000,133.39517211914062
2022-03-04,132.4759603889601,133.28690878648712,129.52215927851333,131.22401428222656,24446000,131.22401428222656
2022-03-07,131.0074853919255,131.0074853919255,125.55082358816587,125.60494995117188,39178000,125.60494995117188
2022-03-08,125.39241639194996,130.35446224720434,125.00531019351016,126.4134292602539,35250000,126.4134292602539
2022-03-09,130.50690358230835,133.28639057084638,129.20382440838281,132.95614624023438,32258000,132.95614624023438
2022-03-10,130.5689729586585,132.630866855554,130.5078979922521,131.7801971435547,24266000,131.7801971435547
2022-03-11,133.08873436948377,133.28787210455567,129.4108998529499,129.58868408203125,26600000,129.58868408203125
2022-03-14,129.68552557565718,130.13544955613244,125.55380401021073,125.87957000732422,30254000,125.87957000732422
2022-03-15,126.87327251796893,129.63014804550917,125.70774845532965,128.77923583984375,30292000,128.77923583984375
2022-03-16,130.10964075840084,132.86180340191797,128.32287190648438,132.7818603515625,32058000,132.7818603515625
2022-03-17,132.41485480698876,133.82371646057518,131.81694145631218,133.68565368652344,23994000,133.68565368652344
2022-03-18,132.9740376227,135.98294238982905,132.0285121724344,135.8717041015625,45900000,135.8717041015625
2022-03-21,135.91739862875295,136.6474036948022,133.6965883073058,135.5509033203125,26632000,135.5509033203125
2022-03-22,135.57222965039693,140.5382453885067,135.57222965039693,139.3240509033203,29776000,139.3240509033203
2022-03-23,138.19281228361012,139.07327688827186,137.22741861816172,137.56211853027344,25302000,137.56211853027344
2022-03-24,138.32590416951496,140.43546080800826,137.10117679824126,140.35153198242188,20544000,140.35153198242188
2022-03-25,140.7905340303311,140.99464263672576,138.74999354923477,140.5596160888672,19270000,140.5596160888672
2022-03-28,139.72831246875776,141.01153860840063,138.87779419040578,140.98521423339844,23774000,140.98521423339844
2022-03-29,142.18748264880705,143.18267122550785,141.5155670635571,142.2763671875,28678000,142.2763671875
2022-03-30,141.89891899255093,142.50527359422807,141.20169455354176,141.67495727539062,21046000,141.67495727539062
2022-03-31,141.48030433304538,141.6749713070503,138.67003764113167,138.70033264160156,29516000,138.70033264160156
2022-04-01,139.05840061775464,139.99201422540574,137.85364745659265,139.74371337890625,23480000,139.74371337890625
2022-04-04,139.8673286650979,143.06470138090626,139.8673286650979,142.6661834716797,19076000,142.6661834716797
2022-04-05,142.42485422983833,142.6140502336185,139.98553821089865,140.10423278808594,19256000,140.10423278808594
2022-04-06,138.21564616094292,138.89797324343422,135.49089950949372,136.24363708496094,23574000,136.24363708496094
2022-04-07,135.68945083527822,136.76559793501727,133.94067580488647,135.53749084472656,19448000,135.53749084472656
2022-04-08,135.32395116568017,135.32395116568017,132.84342832050183,133.09967041015625,16434000,133.09967041015625
2022-04-11,131.99671346832326,132.03564686822963,128.73652239994706,128.914306640625,24188000,128.914306640625
2022-04-12,131.52343651252394,131.52343651252394,126.70888793812654,127.50196075439453,23004000,127.50196075439453
2022-04-13,127.75226116078501,129.76772007214777,127.56564150777218,129.40048217773438,19542000,129.40048217773438
2022-04-14,129.76151410695084,129.82184647624504,126.24755899392567,126.38809204101562,23484000,126.38809204101562
2022-04-18,126.544028184169,127.83718073982732,125.71812943757428,127.09127807617188,14918000,127.09127807617188
2022-04-19,127.2064984385817,130.0140376416202,126.58525381886739,129.64382934570312,22720000,129.64382934570312
2022-04-20,130.39170183056646,131.0268512342643,127.02479621022687,127.37385559082031,22610000,127.37385559082031
2022-04-21,128.47084860610641,129.42182982228826,123.8027887062224,124.08833312988281,30158000,124.08833312988281
2022-04-22,124.15040432972323,124.59933564713744,118.33073288613822,118.80101013183594,46410000,118.80101013183594
2022-04-25,118.61776389439238,122.44010967951982,117.96200363333601,122.41230010986328,34522000,122.41230010986328
2022-04-26,121.9156953668597,121.9156953668597,118.35193320549877,118.69374084472656,49394000,118.69374084472656
2022-04-27,113.59564079374665,116.7013863853642,112.3553793997809,114.23873901367188,62238000,114.23873901367188
2022-04-28,116.31899171172512,119.6199041532883,114.36128901176208,118.59988403320312,36790000,118.59988403320312
2022-04-29,116.77885831577099,118.15146143141591,113.91445738527395,114.18510437011719,33694000,114.18510437011719
2022-05-02,113.13229964353242,116.54196482269275,112.62874187342346,116.36070251464844,30280000,116.36070251464844
2022-05-03,115.97137895180289,118.48915287275028,115.83431641589183,117.32660675048828,21216000,117.32660675048828
2022-05-04,117.20145868947985,122.30602254431851,114.95185399011818,121.74188232421875,33232000,121.74188232421875
2022-05-05,119.40339795378193,120.40927092964644,114.39964515981488,115.95301055908203,43090000,115.95301055908203
2022-05-06,114.7338456511006,116.69989134036265,113.36719849844387,114.87389373779297,35310000,114.87389373779297
2022-05-09,112.53340498595678,114.77744789119988,111.78651721177197,112.31539916992188,34520000,112.31539916992188
2022-05-10,115.25179212660056,115.89787583603854,112.6126565266581,113.80569458007812,31158000,113.80569458007812
2022-05-11,112.9376385371114,115.87801172984584,112.87754865050653,113.18643188476562,36502000,113.18643188476562
2022-05-12,111.1771815216723,114.07584022504399,109.36508128199883,112.3918685913086,41464000,112.3918685913086
2022-05-13,114.06492417413358,117.28240813192909,113.22517365203589,115.72357940673828,29738000,115.72357940673828
2022-05-16,114.59976235970011,115.81494200663734,113.55788861117713,114.01228332519531,23282000,114.01228332519531
2022-05-17,116.43072815630083,116.43072815630083,114.55357472870793,115.9083023071289,21576000,115.9083023071289
2022-05-18,114.45427007892951,114.90930135246086,111.37980448800577,111.63704681396484,27982000,111.63704681396484
2022-05-19,111.08085682601073,112.81548455951422,109.71718756520112,109.9927978515625,29192000,109.9927978515625
2022-05-20,111.32368530938997,111.78502864263129,105.65001023718413,108.57003021240234,37586000,108.57003021240234
2022-05-23,109.35563654883188,111.24421683515118,108.41234664078378,110.90751647949219,31558000,110.90751647949219
2022-05-24,105.65447059064118,105.6718458868494,101.5133078107583,105.20603942871094,60386000,105.20603942871094
2022-05-25,104.4273710798225,105.82053954981045,103.5029491848717,105.12013244628906,37900000,105.12013244628906
2022-05-26,105.32969996489847,108.21471170512069,104.77102313819857,107.5599365234375,30288000,107.5599365234375
2022-05-27,109.04228944827189,112.10085706101376,108.80541557286358,112.03233337402344,29924000,112.03233337402344
2022-05-31,112.31043416286929,115.6421343273915,111.80737646758043,113.26390838623047,51302000,113.26390838623047
2022-06-01,114.15033877086611,116.60106649560727,112.77872082459464,113.36123657226562,28630000,113.36123657226562
2022-06-02,113.41188608527469,117.09666890396326,112.5378624538078,116.9457015991211,27472000,116.9457015991211
2022-06-03,115.20412752147398,115.5736007647939,112.89542555147902,113.78533935546875,25052000,113.78533935546875
2022-06-06,115.94902611405952,118.58697208336689,115.73627912507483,116.21520233154297,23786000,116.21520233154297
2022-06-07,114.86196827015152,116.94833760160844,114.34302049846592,116.4327163696289,26414000,116.4327163696289
2022-06-08,116.08212313384847,117.83959701996172,115.9035887262173,116.441162109375,22544000,116.441162109375
2022-06-09,115.55075728502685,117.54560519921974,114.08627652096877,114.13693237304688,23142000,114.13693237304688
2022-06-10,112.01469402868192,112.72558082808834,110.1074957189297,110.6701431274414,31324000,110.6701431274414
2022-06-13,106.71571852617872,108.47617042658251,105.86360145932794,106.15009307861328,36756000,106.15009307861328
2022-06-14,106.16348896385928,107.72033224493647,105.62914364419454,106.46542358398438,25480000,106.46542358398438
2022-06-15,108.1593419657488,111.30134615654562,107.38390199666425,109.64021301269531,33192000,109.64021301269531
2022-06-16,107.41443392201762,108.5476776894181,105.0734591737636,105.91122436523438,35314000,105.91122436523438
2022-06-17,105.81091527153718,108.50695842698342,104.91062020376842,107.13236999511719,43516000,107.13236999511719
2022-06-21,108.95638703991682,111.90718700263724,108.55066284303653,111.253662109375,39010000,111.253662109375
2022-06-22,110.40745496583803,112.99623796594392,109.97173129239299,111.27252960205078,23922000,111.27252960205078
2022-06-23,112.18230805303997,112.42713836119685,110.27436690601084,111.91861724853516,24710000,111.91861724853516
2022-06-24,112.83086706945218,117.83114901539105,112.83086706945218,117.73233032226562,39122000,117.73233032226562
2022-06-27,118.12662409004317,118.43948553324545,115.21231762490287,115.82984161376953,32840000,115.82984161376953
2022-06-28,115.56018814367552,117.05545640991579,111.67974538764318,111.80638122558594,28232000,111.80638122558594
2022-06-29,111.38625499397321,112.8919499930628,110.7957979560574,111.49352264404297,18628000,111.49352264404297
2022-06-30,109.74845113494449,110.57311469347712,106.58063068746858,108.62911224365234,38046000,108.62911224365234
2022-07-01,107.60065315455192,109.06001898117707,106.37703214586809,108.339599609375,31028000,108.339599609375
2022-07-05,106.78375993547321,113.27741605898653,105.52735078631547,113.11294555664062,36398000,113.11294555664062
2022-07-06,113.31655194729665,115.5611859137045,111.48756876631111,114.43042755126953,28852000,114.43042755126953
2022-07-07,115.21952861601214,119.04733033593438,114.74874365655043,118.49510955810547,32184000,118.49510955810547
2022-07-08,116.75104317989522,119.61642905396496,116.71528477183757,119.35174560546875,29082000,119.35174560546875
2022-07-11,117.84357221556846,117.98709081883325,115.44448523633669,115.73052978515625,26718000,115.73052978515625
2022-07-12,116.04438078226042,117.04851086046862,113.83599022833464,114.06890106201172,24970000,114.06890106201172
2022-07-13,111.87343087644729,114.37431464188981,111.06297507233656,111.42449951171875,38958000,111.42449951171875
2022-07-14,110.07274620815696,111.22635845772393,108.58244870643873,110.68257904052734,32366000,110.68257904052734
2022-07-15,112.1952239475873,113.22567845280112,111.06248023034091,112.00055694580078,34330000,112.00055694580078
2022-07-18,112.66896983894824,114.01972675406553,108.55710932830965,109.1629638671875,33354000,109.1629638671875
2022-07-19,110.97060833270874,114.02966874576146,109.74896493640318,113.8409652709961,30992300,113.8409652709961
2022-07-20,113.2847606801528,115.53933630923396,112.49020262380105,113.92041015625,26780100,113.92041015625
2022-07-21,114.30776566551691,114.42695279100127,111.14938640435093,114.25811004638672,27267800,114.25811004638672
2022-07-22,111.05003707117454,112.41072805693204,106.8686528961566,107.62348937988281,44455300,107.62348937988281
2022-07-25,108.13997750376785,109.82842773723041,106.28269209776126,107.47453308105469,28289900,107.47453308105469
2022-07-26,106.69983059538612,107.00772119291918,104.04797960863033,104.72335815429688,36626600,104.72335815429688
2022-07-27,108.85508282120378,113.62246180857213,107.6831025954989,112.82789611816406,41474600,112.82789611816406
2022-07-28,112.03332256010901,113.92040255397569,111.09076764324122,113.81114959716797,23303800,113.81114959716797
2022-07-29,112.62924510786948,116.10545632985595,112.46040238141096,115.84722137451172,31336200,115.84722137451172
2022-08-01,114.74476975149842,116.3239668523193,113.91048266241526,114.69511413574219,22856200,114.69511413574219
2022-08-02,113.65225644471474,116.28424676364207,113.48341369857668,115.11226654052734,17911000,115.11226654052734
2022-08-03,115.54926081797245,118.60832860290465,115.36055735589358,117.9726791381836,25302800,117.9726791381836
2022-08-04,117.49595479876403,118.68779574172353,116.909960904572,118.06208038330078,15757700,118.06208038330078
2022-08-05,116.13525555416687,118.05213811703545,115.916749628212,117.41648864746094,15615700,117.41648864746094
2022-08-08,118.31037869161457,120.0385502953638,117.02914553757195,117.3370361328125,17061100,117.3370361328125
2022-08-09,117.18805298394464,117.39662476361512,115.76777198924981,116.70138549804688,15424300,116.70138549804688
2022-08-10,118.77717073608471,120.95228823638466,118.54873823641901,119.82997131347656,20497000,119.82997131347656
2022-08-11,121.25025674111944,121.50848413489655,118.73745368620968,119.005615234375,16671600,119.005615234375
2022-08-12,120.33651260174194,121.8163833618164,119.58167598999256,121.8163833618164,16121100,121.8163833618164
2022-08-15,121.37937069132897,122.42223715562085,120.74372120486865,122.04481506347656,15525000,122.04481506347656
2022-08-16,121.48862659584758,122.39045233747291,120.7089659505267,121.67733764648438,15626200,121.67733764648438
2022-08-17,120.10807476997451,121.31978400230632,119.38303303049176,119.5022201538086,17589200,119.5022201538086
2022-08-18,119.41282080082229,120.8628965238173,118.7374423402113,120.03853607177734,15652000,120.03853607177734
2022-08-19,119.05528259821722,119.18439629962747,116.87023078620014,117.31717681884766,20187000,117.31717681884766
2022-08-22,115.31090101329123,115.70818384672786,113.89061999859462,114.28790283203125,19316000,114.28790283203125
2022-08-23,113.54299838473824,115.14205626777331,113.52313765330499,113.98993682861328,14390700,113.98993682861328
2022-08-24,113.67210934285143,114.93050374532602,113.00666498155272,113.92041015625,16051200,113.92041015625
2022-08-25,114.36735310238954,116.97947486143589,114.26803429519929,116.90001678466797,14874700,116.90001678466797
2022-08-26,115.02285899700776,115.80749042633003,110.46405999260524,110.54351806640625,31698700,110.54351806640625
2022-08-29,110.02706162548509,111.19904183604933,109.06365320101196,109.59004974365234,20386100,109.59004974365234
2022-08-30,110.27534656608022,110.61303958362895,108.06050774415003,109.1629638671875,20548200,109.1629638671875
2022-08-31,110.87127423629843,111.01032208279608,108.30881565259938,108.40813446044922,25898000,108.40813446044922
2022-09-01,108.45780675655469,110.46408184037016,107.45467679218744,109.79863739013672,22784400,109.79863739013672
2022-09-02,110.58324667157567,110.91597642992579,107.39506513529723,107.94132995605469,20618100,107.94132995605469
2022-09-06,107.40003574804634,108.13996732096346,105.7860804639774,106.7494888305664,20565100,106.7494888305664
2022-09-07,107.02758892040058,110.23563131172003,106.8835701995673,109.7291030883789,22987200,109.7291030883789
2022-09-08,108.43792577293826,109.82841176964932,107.32553546006159,108.6762924194336,21660700,108.6762924194336
2022-09-09,109.30201118350621,111.23875432148077,109.25234799431146,111.02024841308594,21732900,111.02024841308594
2022-09-12,111.22882919788367,111.87441282213105,110.17603618382878,111.10964965820312,19732900,111.10964965820312
2022-09-13,108.14990006532268,108.6266409540578,104.28634007264407,104.59423065185547,33015000,104.59423065185547
2022-09-14,104.72335107963008,105.37886127163304,103.78973761787205,105.15042877197266,22115800,105.15042877197266
2022-09-15,104.29627333045454,105.488114175741,102.60782329250287,103.19381713867188,26494900,103.19381713867188
2022-09-16,102.27014891698782,103.32294203035947,101.16272931692953,102.9256591796875,64540100,102.9256591796875
2022-09-19,101.84305602600577,103.31299250398746,101.67421330229175,103.14414978027344,19738600,103.14414978027344
2022-09-20,102.18074488530593,102.46877472936795,100.43271266812418,101.13788604736328,24001700,101.13788604736328
2022-09-21,101.54510808035518,102.7866122641637,99.31040054949983,99.33026885986328,26596800,99.33026885986328
2022-09-22,98.77406134022748,100.98890794782774,98.7343398779962,99.8864517211914,21272700,99.8864517211914
2022-09-23,99.37991433269849,99.42957752599564,97.34385222568528,98.49596405029297,25657000,98.49596405029297
2022-09-26,97.9397748530234,99.75733865187506,97.71133476729084,98.13841247558594,22437900,98.13841247558594
2022-09-27,99.2309310881996,99.77718827821964,96.67839169936924,97.42329406738281,24225000,97.42329406738281
2022-09-28,97.35377625241257,100.7108079843318,97.1352779092305,100.05529022216797,24617000,100.05529022216797
2022-09-29,98.62507655601212,98.62507655601212,95.86396541344261,97.42329406738281,21921500,97.42329406738281
2022-09-30,97.06576112897415,98.81777167666374,95.37731098487271,95.49649810791016,26277800,95.49649810791016
2022-10-03,96.5592268527031,99.2905359507366,96.36058164450401,98.62509155273438,24840000,98.62509155273438
2022-10-04,100.35325989509371,102.02184170152195,100.35325989509371,101.71395111083984,22580900,101.71395111083984
2022-10-05,100.00563075268983,102.04169272788808,99.06208318390524,101.52523040771484,18475500,101.52523040771484
2022-10-06,100.81012907362776,103.02497563763859,100.81012907362776,101.54509735107422,17156200,101.54509735107422
2022-10-07,99.9659108643245,100.7306740498155,98.53569572751684,98.89324951171875,24249900,98.89324951171875
2022-10-10,99.17133641179646,99.31038425136023,97.20479835080103,98.0390853881836,16529900,98.0390853881836
2022-10-11,97.58221304568066,99.43950573181782,96.58900985946508,97.38357543945312,21617700,97.38357543945312
2022-10-12,97.60207162441023,98.97071152564483,97.00615124132109,97.63187408447266,17343400,97.63187408447266
2022-10-13,95.27798815146768,99.84672158959769,94.62247036872678,99.03229522705078,32812200,99.03229522705078
2022-10-14,99.94107803038207,100.60155910753977,96.37051109853005,96.51949310302734,22624800,96.51949310302734
2022-10-17,98.84357833583454,101.07828551788228,98.8336517597424,100.09501647949219,23311600,100.09501647949219
2022-10-18,103.23354558217343,103.51164127263478,99.96590606417412,100.70087432861328,21610500,100.70087432861328
2022-10-19,100.01555438377231,100.96803584289833,98.95779817952992,99.60834503173828,21573700,99.60834503173828
2022-10-20,100.13474767567425,102.29993098406972,99.29052645976014,99.84671783447266,25125100,99.84671783447266
2022-10-21,97.79079732396568,100.92932343139746,97.5623648053156,100.79027557373047,28988700,100.79027557373047
2022-10-24,101.39611031290339,102.39924765931433,99.61828326607534,102.27013397216797,24680800,102.27013397216797
2022-10-25,102.59790115573206,104.38566250102328,102.31979787409422,104.2168197631836,29910200,104.2168197631836
2022-10-26,96.10234616105942,97.87024668893879,93.92722867376058,94.17552947998047,71504300,94.17552947998047
2022-10-27,93.66899584555583,94.5231512445966,91.275379959436,91.97061920166016,54036500,91.97061920166016
2022-10-28,91.901085347489,96.20165676303273,91.69549157003017,95.9235610961914,35696900,95.9235610961914
2022-10-31,95.12900725488336,95.69513281131775,93.73852117209412,94.0166244506836,29868700,94.0166244506836
2022-11-01,94.94028823896831,95.51138461339004,89.81536377588729,89.8848876953125,43220600,89.8848876953125
2022-11-02,90.29211503601825,90.67946371422306,86.41862067643025,86.47821044921875,43553600,86.47821044921875
2022-11-03,85.75812953244713,85.96173800234615,82.88280209154411,82.92253112792969,48510400,82.92253112792969
2022-11-04,84.92881107198549,86.14052023573473,83.30988494310704,86.1107177734375,40173300,86.1107177734375
2022-11-07,86.74636115902575,88.33549229174598,86.36894668265106,88.0474624633789,26899900,88.0474624633789
2022-11-08,88.55400301526575,89.79053617849021,87.05426402656451,88.30570220947266,30172000,88.30570220947266
2022-11-09,87.9431836735296,88.88176048138935,86.76624019729557,86.80596923828125,26743900,86.80596923828125
2022-11-10,91.71238914414367,93.90737510679946,91.02708401942718,93.52995300292969,42371200,93.52995300292969
2022-11-11,94.06627322517157,96.69826319444732,93.52001601713935,96.07254791259766,30569100,96.07254791259766
2022-11-14,94.85091516983924,96.51949701728984,94.46654446211343,95.37731170654297,24170100,95.37731170654297
2022-11-15,97.99936329552077,99.7374689907648,96.36057641021137,98.04902648925781,31831000,98.04902648925781
2022-11-16,97.35377611417863,99.17133982210024,97.23658189289007,98.31718444824219,24660200,98.31718444824219
2022-11-17,96.51950016337138,98.80387085932485,96.44004207815523,97.83052825927734,21818700,97.83052825927734
2022-11-18,98.33705949085571,98.4860414992974,96.08248378770254,97.13528442382812,24969900,97.13528442382812
2022-11-21,96.89690246610458,98.04902182363357,95.01974901076781,95.17866516113281,18696900,95.17866516113281
2022-11-22,95.50642632840014,96.88498532042568,93.7683206741825,96.66847229003906,18868900,96.66847229003906
2022-11-23,96.67839427176206,98.3956464562147,96.67839427176206,98.1483383178711,17568900,98.1483383178711
2022-11-25,97.79574889038956,98.26752646971741,96.86710632852339,96.93663024902344,8567800,96.93663024902344
2022-11-28,96.5393499646215,97.16507284292202,95.2382561710772,95.59580993652344,19974500,95.59580993652344
2022-11-29,95.34751219711848,95.73486085921611,93.74845435510949,94.79132080078125,20220000,94.79132080078125
2022-11-30,94.4734966628274,100.76046752929688,94.02655065004306,100.76046752929688,39888100,100.76046752929688
2022-12-01,100.71080851382015,101.89271519864762,99.98576682557302,100.59162139892578,21771500,100.59162139892578
2022-12-02,98.694615545418,100.46251622307057,98.4959703370897,100.14469146728516,18821500,100.14469146728516
2022-12-05,99.1365814057739,101.05842720345457,98.67970883582956,99.19120788574219,19955500,99.19120788574219
2022-12-06,98.992565611096,99.52889627270373,96.10234810845027,96.64860534667969,20877600,96.64860534667969
2022-12-07,96.11227264212648,96.64860329233407,94.37913786605618,94.50328826904297,26647900,94.50328826904297
2022-12-08,95.0396263439683,95.21840324133728,93.16247271036373,93.31144714355469,25593200,93.31144714355469
2022-12-09,93.26178420015137,93.84777046478493,92.38776051386506,92.43742370605469,21885300,92.43742370605469
2022-12-12,92.45728840632368,93.23695660745051,91.27538167236226,92.9240951538086,27380900,92.9240951538086
2022-12-13,97.40344458071074,99.1216895753665,94.73172535425174,95.19853210449219,34788500,95.19853210449219
2022-12-14,94.89064866100681,96.5592305867048,93.30152482166113,94.6622085571289,26452900,94.6622085571289
2022-12-15,92.90423102891724,93.39089848982981,89.81536837789909,90.58013153076172,28298800,90.58013153076172
2022-12-16,90.58014002139004,91.12640488002471,89.398233219815,90.2424545288086,48485500,90.2424545288086
2022-12-19,90.26231246423389,90.58013721462576,88.32060578697738,88.54407501220703,23020500,88.54407501220703
2022-12-20,88.12692093520657,89.16977972105273,87.44160832055134,89.02079772949219,21976800,89.02079772949219
2022-12-21,89.12012671896804,90.29707008944192,88.30570039579547,89.63658905029297,20336400,89.63658905029297
2022-12-22,88.32556244017913,88.57386324456762,86.34909015895764,87.66011810302734,23656100,87.66011810302734
2022-12-23,87.0244600240312,89.48759951599396,87.0244600240312,89.19956970214844,17815000,89.19956970214844
2022-12-27,88.70298477684108,88.89169582967213,86.94005497185992,87.33236694335938,15470900,87.33236694335938
2022-12-28,86.90528489558999,87.9183488825412,85.78296794428115,85.87235260009766,17879600,85.87235260009766
2022-12-29,86.4384799933794,88.75760873609705,86.39875095299075,88.34542846679688,18280700,88.34542846679688
2022-12-30,86.77120230581392,88.22624904916005,86.43848011681591,88.1269302368164,19190300,88.1269302368164
2023-01-03,89.21944566804987,90.92775639198945,88.41494591977562,89.09032440185547,20738500,89.09032440185547
2023-01-04,90.39144172766956,90.61987426162709,87.20325978745099,88.10707092285156,27046500,88.10707092285156
2023-01-05,87.4714039847467,87.61045182410166,85.97166505737383,86.18023681640625,23136100,86.18023681640625
2023-01-06,86.76623304587501,87.86868921535695,84.98839839038199,87.56079864501953,26612600,87.56079864501953
2023-01-09,88.58876121895915,90.21265061112891,87.977943358204,88.19644927978516,22996700,88.19644927978516
2023-01-10,86.13058458495952,88.8668567324073,86.11071627710662,88.63345336914062,22855600,88.63345336914062
2023-01-11,89.4478903068618,91.82164568143476,89.13006554140759,91.63294219970703,25998800,91.63294219970703
2023-01-12,91.7719839493901,91.99048988187711,89.95442014101864,91.28531646728516,22754200,91.28531646728516
2023-01-13,90.90590804551623,92.34804263733666,90.31197291916662,92.16926574707031,18630700,92.16926574707031
2023-01-17,92.14939627737729,92.33810731959731,90.22257954851013,91.53361511230469,22935800,91.53361511230469
2023-01-18,92.30830832014499,92.95189902627715,90.77877447476529,91.15618896484375,19641600,91.15618896484375
2023-01-19,90.76885187635992,93.75839602643875,90.75891772133187,93.271728515625,28707700,93.271728515625
2023-01-20,95.29784835455546,98.7442648281179,95.25812689297854,98.60521697998047,53704800,98.60521697998047
2023-01-23,98.45623772940617,100.71081340264897,98.07882321356192,100.52210235595703,31791800,100.52210235595703
2023-01-24,98.87338334191755,100.40290962876882,98.02915454493625,98.53569030761719,27391400,98.53569030761719
2023-01-25,96.53934704681242,97.05581694908685,94.61452332595738,96.07254791259766,31000900,96.07254791259766
2023-01-26,97.61201449571318,98.5356938241358,96.16193865558921,98.48603820800781,24542100,98.48603820800781
2023-01-27,98.37677649405538,100.88957928832752,98.29731842227046,100.0254898071289,29020400,100.0254898071289
2023-01-30,98.07385063828548,98.73333142649015,96.85717068197916,97.28424835205078,24365100,97.28424835205078
2023-01-31,97.1948673003561,99.23093692367725,97.12534337835456,99.19120788574219,22306800,99.19120788574219
2023-02-01,99.06208475800963,101.4954371374518,97.75105684092641,100.7406005859375,26392600,100.7406005859375
2023-02-02,106.06417570826528,108.08037708825424,105.81587489639395,108.06051635742188,46622600,108.06051635742188
2023-02-03,102.80646805815427,107.28580915216041,102.59789628997224,104.50484466552734,36823400,104.50484466552734
2023-02-06,101.9870782943574,103.9883823348809,101.51530824301913,102.7667465209961,25573000,102.7667465209961
2023-02-07,102.92565669885428,107.93140231057068,102.84421329966486,107.3056869506836,33738800,107.3056869506836
2023-02-08,101.99203916568776,102.87598940863623,97.78582300200476,99.32032012939453,73546000,99.32032012939453
2023-02-09,99.85665437838149,99.9261783018846,93.22205645071823,94.8111801147461,97798600,94.8111801147461
2023-02-10,95.08926412131514,96.3605628962818,93.88748926130638,94.21524810791016,49325300,94.21524810791016
2023-02-13,94.36425086647505,94.70193636274934,93.41077657532756,94.35431671142578,43116600,94.35431671142578
2023-02-14,94.01662706716678,94.5281261553057,92.02028633258648,94.30464935302734,42513100,94.30464935302734
2023-02-15,94.09606526556563,96.67839196630148,93.71865079264397,96.44002532958984,36964500,96.44002532958984
2023-02-16,94.89063877544477,97.21473072757868,94.32451322985784,95.1290054321289,35642100,95.1290054321289
2023-02-17,94.42383870287512,95.09921725909615,92.81484660723504,93.94709777832031,31095100,93.94709777832031
2023-02-21,92.60626889724948,92.78008249699454,91.37469898910733,91.42436218261719,28367200,91.42436218261719
2023-02-22,91.30914022546922,91.7322472700053,90.25237663804509,91.17605590820312,29891100,91.17605590820312
2023-02-23,91.50380458459307,91.50380458459307,89.39821873083663,90.45101165771484,32423700,90.45101165771484
2023-02-24,89.02080198835822,89.51740359895886,88.25603884215047,88.74270629882812,31295600,88.74270629882812
2023-02-27,89.47767570923075,89.83522947965548,89.00094240035733,89.48760986328125,22724300,89.48760986328125
2023-02-28,88.93141981779948,90.8284340829204,88.91155150939896,89.6862564086914,30546900,89.6862564086914
2023-03-01,89.54721677228669,90.58014157765906,89.2393185841571,89.89483642578125,26323900,89.89483642578125
2023-03-02,89.24924924264828,91.85144461943293,89.15985700522896,91.6825942993164,23328600,91.6825942993164
2023-03-03,92.10965971400657,93.47035078260345,92.03020921946553,93.3809585571289,30242500,93.3809585571289
2023-03-06,93.71865736343753,95.64547405392449,93.65906759446636,94.93036651611328,28288200,94.93036651611328
2023-03-07,94.77145712873327,95.43690152155445,93.20617230351891,93.52995300292969,24101500,93.52995300292969
2023-03-08,93.76334584040264,95.5858727828209,93.76334584040264,94.00668334960938,25395200,94.00668334960938
2023-03-09,93.84777628448488,95.26805728523553,91.72729272669056,92.03022003173828,24438900,92.03022003173828
2023-03-10,91.8712967447107,92.5466752292869,90.18285432203977,90.39142608642578,32850100,90.39142608642578
2023-03-13,89.94945899985898,92.44736468511762,89.32870693935652,91.03701782226562,31508600,91.03701782226562
2023-03-14,92.43742538942888,94.18546521629575,92.14939554007007,93.60940551757812,32303900,93.60940551757812
2023-03-15,92.90423206312043,96.58901517755588,92.40763044267027,95.8937759399414,38367300,95.8937759399414
2023-03-16,95.91363452706608,101.27693342357118,95.21839530498953,100.38304901123047,54499500,100.38304901123047
2023-03-17,100.154603722608,102.78659363065384,100.06521907479703,101.76359558105469,76140300,101.76359558105469
2023-03-20,100.37312353190232,101.88279679822398,100.10496197379432,101.23721313476562,26033900,101.23721313476562
2023-03-21,101.28687078275374,105.23981547486385,101.16768366482349,105.1206283569336,33122800,105.1206283569336
2023-03-22,104.42538761445692,106.77928201141202,103.50170830198485,103.51164245605469,32336900,103.51164245605469
2023-03-23,105.17030042962385,106.37306821219377,104.69356707273279,105.53778839111328,31385800,105.53778839111328
2023-03-24,105.02129426682183,105.43844533011246,104.02809116119924,105.33911895751953,25236200,105.33911895751953
2023-03-27,104.60416132517383,104.68361940024222,101.9324422769274,102.3595199584961,25393400,102.3595199584961
2023-03-28,102.29992650610916,102.29992650610916,99.5984126714057,100.67107391357422,24913500,100.67107391357422
2023-03-29,102.02182370028201,102.12114249482876,100.34330803555046,101.2073974609375,26148300,101.2073974609375
2023-03-30,100.75052712941988,100.9193698415656,99.60834202351097,100.63134002685547,25009800,100.63134002685547
2023-03-31,101.01870773717607,103.48185527976155,100.75054617762977,103.29314422607422,28108000,103.29314422607422
2023-04-03,101.97217216459619,104.23667428015045,101.68414232322633,104.19695281982422,20719900,104.19695281982422
2023-04-04,104.12742954987694,105.37886782015485,103.88906288138487,104.40553283691406,20377200,104.40553283691406
2023-04-05,105.39873264995701,105.81587620043213,103.39444313724364,104.23667907714844,21864200,104.23667907714844
2023-04-06,105.05111219263884,108.88487762755793,104.10260877762528,108.15984344482422,34684200,108.15984344482422
2023-04-10,106.66010300732641,107.23616274656032,104.88226817057756,106.22309112548828,19741500,106.22309112548828
2023-04-11,106.1932931257089,106.49125714141704,104.56444034892777,105.39873504638672,18721300,105.39873504638672
2023-04-12,106.6600938476143,106.85575348889417,104.2565438589955,104.50484466552734,22761600,104.50484466552734
2023-04-13,105.7463627782834,107.52916098795164,105.71656788993867,107.45467376708984,21650700,107.45467376708984
2023-04-14,106.95805989633256,108.835213423486,106.8587335097848,108.71602630615234,20758700,108.71602630615234
2023-04-17,104.71341671620785,105.98471563667432,104.60416375483595,105.69668579101562,29043400,105.69668579101562
2023-04-18,106.27275229892479,106.32241549456636,104.06783977713886,104.40553283691406,17641400,104.40553283691406
2023-04-19,103.50668437218644,105.00642356528094,103.09451164663112,104.30621337890625,16732000,104.30621337890625
2023-04-20,103.93871754390013,106.16150529951382,103.92878339007942,105.18022155761719,22515300,105.18022155761719
2023-04-21,105.36893197403585,105.91519680716492,104.76804823513352,105.1901626586914,22379000,105.1901626586914
2023-04-24,105.32920326711391,106.5905680074884,104.64389062860117,106.05423736572266,21410900,106.05423736572266
2023-04-25,105.88539320604784,106.70975367635846,103.8493236256496,103.89898681640625,31408100,103.89898681640625
2023-04-26,104.84253034725442,106.292606151167,102.56809404530065,103.74007415771484,37068200,103.74007415771484
2023-04-27,104.5147879436502,108.4081431113503,103.71028810752743,107.6334457397461,38235200,107.6334457397461
2023-04-28,107.06730776941805,107.55397521469986,105.31926801932504,107.48445129394531,23957900,107.48445129394531
2023-05-01,106.9878470562774,107.94132119348329,106.76934114571252,106.97791290283203,20926300,106.97791290283203
2023-05-02,106.9282634319883,106.99778735502116,103.78973758641469,105.25968170166016,20343100,105.25968170166016
2023-05-03,105.49805385910953,107.39506818799623,104.90213340523296,105.39873504638672,17116300,105.39873504638672
2023-05-04,105.43845881135304,105.57750665771563,103.98837542350432,104.49491119384766,19780600,104.49491119384766
2023-05-05,104.60415899455309,105.71654928810871,104.02710667184996,105.49307250976562,20710600,105.49307250976562
2023-05-08,105.07592912402055,107.68308748428713,105.07096583601026,107.50431060791016,17266000,107.50431060791016
2023-05-09,108.04064694542788,109.84331324601239,106.99281722693271,107.20635986328125,24782400,107.20635986328125
2023-05-10,107.81221704083481,112.73850430738177,107.74269311564817,111.51686096191406,47533500,111.51686096191406
2023-05-11,115.07253639566636,117.63500276059749,114.14885701191398,116.10546875,57115100,116.10546875
2023-05-12,116.20477749432098,117.45621568135543,115.75783907343545,117.11852264404297,31293800,117.11852264404297
2023-05-15,115.69823997014691,117.9875736754438,115.68831339386146,116.16504669189453,22107900,116.16504669189453
2023-05-16,116.03594351615848,120.37623709346347,116.03594351615848,119.2737808227539,32370100,119.2737808227539
2023-05-17,119.36316775656262,121.44889308123003,118.64806019895335,120.65433502197266,26659600,120.65433502197266
2023-05-18,120.73378067221154,123.0578801410531,120.66425675010093,122.68045806884766,27014500,122.68045806884766
2023-05-19,123.35584016285863,125.61934969441552,121.88590360171602,122.41230010986328,30268900,122.41230010986328
2023-05-22,122.67053557257758,126.18647598812527,122.61093822482968,125.01449584960938,29760200,125.01449584960938
2023-05-23,124.08088677883805,124.5675542670934,122.21366732973814,122.45203399658203,24477900,122.45203399658203
2023-05-24,121.05161434873301,121.91570393960009,119.92929735809948,120.81324768066406,23087900,120.81324768066406
2023-05-25,124.35896949054616,125.123740183995,122.06467256527752,123.50481414794922,33812700,123.50481414794922
2023-05-26,123.22175626799147,125.14360201701167,122.45202227975999,124.57747650146484,25154700,124.57747650146484
2023-05-30,125.43164121138568,125.52102586799191,122.05474859581382,123.79285430908203,27230700,123.79285430908203
2023-05-31,122.859245471475,124.05109398083634,122.26332500556427,122.531494140625,41548800,122.531494140625
2023-06-01,122.66059918074647,124.19013306768964,122.46196156531565,123.52468872070312,25017700,123.52468872070312
2023-06-02,123.64386936061456,125.88354751888016,123.5048215130662,124.37884521484375,19367500,124.37884521484375
2023-06-05,123.76305051080706,127.12007457590772,123.53461044225399,125.76931762695312,22672500,125.76931762695312
2023-06-06,125.73952516500479,128.0040348542417,125.1138098691533,127.0406265258789,19450100,127.0406265258789
2023-06-07,126.70790772443188,128.6694903002165,121.79651771841579,122.10441589355469,34179300,122.10441589355469
2023-06-08,121.75181368346898,122.88903559388704,121.18072487297998,121.83623504638672,24815000,121.83623504638672
2023-06-09,121.72698344283191,123.4402650484475,121.58793559912097,122.03488159179688,20304500,122.03488159179688
2023-06-12,122.55630329066999,123.90209693619832,121.51840778424263,123.50481414794922,22255700,123.50481414794922
2023-06-13,124.79599111076249,125.00456288601805,123.003258923702,123.58428192138672,19287700,123.58428192138672
2023-06-14,122.95856245064682,123.94183152300235,121.32970976566907,123.53461456298828,24659600,123.53461456298828
2023-06-15,123.0380063779888,125.3025159781994,122.30303815147262,124.93502807617188,24517100,124.93502807617188
2023-06-16,125.83885293614735,125.83885293614735,122.9486353226839,123.216796875,56699200,123.216796875
2023-06-20,122.6953706074044,124.32422337741933,121.99516047767672,123.00822448730469,22698000,123.00822448730469
2023-06-21,122.39739632758892,122.57120991770903,120.0385387397422,120.43582153320312,22612000,120.43582153320312
2023-06-22,119.83990985239453,123.09264449030236,118.78710923648109,123.02809143066406,20781900,123.02809143066406
2023-06-23,121.21051826623973,122.60100424831347,121.0317413888654,122.18385314941406,29573100,122.18385314941406
2023-06-26,120.64043671104724,121.88591148011491,118.18125979773666,118.28057861328125,23185000,118.28057861328125
2023-06-27,117.03907248613567,119.0801055576817,116.1154006974822,118.20112609863281,27221700,118.20112609863281
2023-06-28,117.15826017099177,120.445760663912,116.80070637736142,120.2570571899414,19753100,120.2570571899414
2023-06-29,119.27377881194433,120.08821277976503,118.39976264939926,119.19432830810547,18517500,119.19432830810547
2023-06-30,120.27691796117499,121.20059733209916,120.05841202304715,120.1478042602539,23871800,120.1478042602539
2023-07-03,119.50221866103216,120.19745792784617,118.89140076393556,119.74058532714844,13888300,119.74058532714844
2023-07-05,119.24397680317581,122.53148463160333,119.24397680317581,121.7965087890625,17830300,121.7965087890625
2023-07-06,119.82004051921739,120.32657630284791,118.43948859587533,120.10807037353516,17732500,120.10807037353516
2023-07-07,120.06833532910896,120.92249069504712,119.27376973089793,119.32343292236328,20997700,119.32343292236328
2023-07-10,118.2607124874439,118.2607124874439,115.8472282498414,116.07566833496094,32960100,116.07566833496094
2023-07-11,115.96642536287848,117.42146463460325,115.04274594351887,116.90996551513672,18286600,116.90996551513672
2023-07-12,118.4891439702679,120.13785733052732,118.19117998131621,118.80696868896484,22059600,118.80696868896484
2023-07-13,120.71392767909752,124.48313231179097,120.2371867701117,123.9815673828125,31535900,123.9815673828125
2023-07-14,124.27951655588176,126.22619396349738,124.05108405803247,124.84564208984375,20499800,124.84564208984375
2023-07-17,125.20321004937558,126.41491933110224,123.65381527079532,124.21000671386719,20675300,124.21000671386719
2023-07-18,124.05606116693164,124.14048254098013,122.46197405997711,123.2366714477539,21045800,123.2366714477539
2023-07-19,123.94184404316034,124.61722260839049,121.6376126284116,121.94550323486328,22313800,121.94550323486328
2023-07-20,121.28998304837813,123.85244166241573,117.87832474792128,118.71758270263672,27541700,118.71758270263672
2023-07-21,120.04847801833975,120.47555571347311,118.26070916021418,119.49227905273438,56514600,119.49227905273438
2023-07-24,121.09729778588722,122.51161516437215,120.55500361666499,121.05160522460938,22276100,121.05160522460938
2023-07-25,121.05160290142214,122.84930584040646,120.70398329804031,121.9554214477539,31820800,121.9554214477539
2023-07-26,129.47397151823998,130.47710130804813,127.83519227799407,128.7787322998047,46216900,128.7787322998047
2023-07-27,130.90421037760586,132.69197951805958,128.30200717952505,128.98731994628906,35931600,128.98731994628906
2023-07-28,130.0798140722585,133.158749811815,130.030150885154,132.10594177246094,26971000,132.10594177246094
2023-07-31,132.10596535610605,132.9203993357979,131.23195675836118,132.20529174804688,18381900,132.20529174804688
2023-08-01,129.96562218777584,132.01658956295688,129.86134007778986,130.99359130859375,22154300,130.99359130859375
2023-08-02,128.95748859312334,129.53354821744418,126.98101651937522,127.7656478881836,22705800,127.7656478881836
2023-08-03,127.49748503285159,128.88797855244223,126.90653551670292,127.894775390625,15018100,127.894775390625
2023-08-04,128.71914420987264,131.0332943910306,127.44287442666632,127.66633605957031,20521900,127.66633605957031
2023-08-07,128.62973657534653,131.16240767971158,128.55027850345567,131.04322814941406,17621000,131.04322814941406
2023-08-08,130.08975331728277,131.0432350752888,129.2455396745946,130.94390869140625,16836000,130.94390869140625
2023-08-09,131.29155472031405,131.569650448998,128.6248061207422,129.26541137695312,17745200,129.26541137695312
2023-08-10,131.07301368111305,131.74541411638845,129.15116811678422,129.32498168945312,17855700,129.32498168945312
2023-08-11,128.32384002810613,129.5534321779395,127.87491628883082,129.28526306152344,15205500,129.28526306152344
2023-08-14,128.9674371940577,131.01343329163248,128.70919467159413,130.93397521972656,17526200,130.93397521972656
2023-08-15,130.6956182500706,131.09290866202494,128.93665909031213,129.3845977783203,14769200,129.3845977783203
2023-08-16,128.40132565813073,130.00832489221827,127.58690680583737,128.23248291015625,17548400,128.23248291015625
2023-08-17,129.56337674848115,131.5905051929233,128.9674638187799,129.5733184814453,23665600,129.5733184814453
2023-08-18,128.182813158233,128.9475839288437,126.13681682199599,127.23927307128906,23627200,127.23927307128906
2023-08-21,126.98104186120909,128.38145459011923,126.29573672899345,128.05369567871094,21851100,128.05369567871094
2023-08-22,128.25234131621266,130.05996336176372,128.04873283009252,128.80853271484375,15557900,128.80853271484375
2023-08-23,129.96065093684385,133.1587666047098,129.62295031499127,132.3046112060547,26497000,132.3046112060547
2023-08-24,133.81130263179728,134.05264726921672,129.41438979253613,129.5335693359375,18680400,129.5335693359375
2023-08-25,129.2554625095367,130.50689307280985,127.1697297490035,129.80172729492188,20678100,129.80172729492188
2023-08-28,131.1822634516852,132.3343826513987,129.96062791763316,130.89422607421875,16715500,130.89422607421875
2023-08-29,132.0940552941573,136.36184701971675,132.0761722999378,134.56912231445312,30803300,134.56912231445312
2023-08-30,134.64857148727685,136.31714566801028,134.10329175046678,135.9993133544922,21773400,135.9993133544922
2023-08-31,136.1185093806048,137.45932468428813,135.89007687495427,136.41647338867188,28147900,136.41647338867188
2023-09-01,137.48911974549722,137.63810932726088,135.01605333205805,135.87020874023438,16671600,135.87020874023438
2023-09-05,135.51263840476955,136.4363100475222,134.63861479479334,135.7808074951172,17730200,135.7808074951172
2023-09-06,136.0837442628217,136.5455801421819,133.7745497109416,134.44992065429688,15814300,134.44992065429688
2023-09-07,133.68514558080528,135.6516835086109,133.04949619226826,135.27426147460938,16976000,135.27426147460938
2023-09-08,134.94653950612897,136.58036332315302,134.94653950612897,136.2675018310547,17810700,136.2675018310547
2023-09-11,136.4462639816068,137.3242583003249,135.62190348575507,136.80381774902344,17180800,136.80381774902344
2023-09-12,136.1979651285559,136.70449332504472,135.00610911668778,135.14517211914062,15212900,135.14517211914062
2023-09-13,134.97631370670078,136.76408256246793,134.01290535540068,136.56544494628906,16394900,136.56544494628906
2023-09-14,137.4493906198453,138.60150997223292,136.1284285416027,138.04531860351562,19064600,138.04531860351562
2023-09-15,137.85660219234484,138.41279353936486,136.2476027612339,137.36000061035156,48958800,137.36000061035156
2023-09-18,136.69457127592074,138.9789266791441,136.69457127592074,138.01553344726562,16233600,138.01553344726562
2023-09-19,137.31035385156648,138.22906991920226,136.56545138944225,137.88641357421875,15479100,137.88641357421875
2023-09-20,137.88640374979462,137.89633032608708,133.60570033060074,133.6752166748047,21473500,133.6752166748047
2023-09-21,131.49016109212243,132.28472662301442,130.1989939988076,130.4671630859375,22058400,130.4671630859375
2023-09-22,130.7850108431209,132.10597312722533,129.62296473343812,130.35794067382812,17348700,130.35794067382812
2023-09-25,129.88118903755412,131.32133067237535,129.1462132005402,131.27166748046875,14650000,131.27166748046875
2023-09-26,130.02422941259695,130.51188960738952,127.31874436149458,128.57017517089844,20378800,128.57017517089844
2023-09-27,128.5602381432613,130.82474046483253,128.50064836981147,130.56651306152344,18764200,130.56651306152344
2023-09-28,129.80172526272474,133.26799464147877,129.80172526272474,132.2251434326172,18201400,132.2251434326172
2023-09-29,133.16871199097326,133.9732043098925,130.42747609778897,130.95387268066406,23237300,130.95387268066406
2023-10-02,131.25677454006015,134.43999278095146,131.16738988460972,134.25128173828125,19210400,134.25128173828125
2023-10-03,134.01290819587905,134.320813935823,131.91229300652276,132.3939971923828,19628700,132.3939971923828
2023-10-04,132.75154994809577,135.64177504098322,132.52310228908374,135.34381103515625,22848000,135.34381103515625
2023-10-05,135.20476745759348,135.57224782184414,133.54114893132785,135.0657196044922,15922900,135.0657196044922
2023-10-06,134.02287499505735,138.24001899548057,134.02287499505735,137.787109375,20826700,137.787109375
2023-10-09,137.05213305058865,139.01867140182978,135.77089226722055,138.55186462402344,16599100,138.55186462402344
2023-10-10,138.56179687028128,139.78344792860358,137.4891354106982,138.25390625,19554900,138.25390625
2023-10-11,138.89946078375377,141.2533473012403,138.8895190534198,140.73687744140625,20146300,140.73687744140625
2023-10-12,141.19377186437015,141.41227778281169,138.50218449906495,139.3364715576172,18173100,139.3364715576172
2023-10-13,139.69403013316338,140.37934279597587,137.0322527150799,137.6381072998047,19438700,137.6381072998047
2023-10-16,138.78029676276267,139.9473137040504,138.37309491618828,139.53514099121094,17345600,139.53514099121094
2023-10-17,139.07825644802168,140.28996568260703,137.58746642254545,140.03173828125,17424000,140.03173828125
2023-10-18,139.7933688739982,141.024946460582,137.76226988019343,138.33335876464844,18304900,138.33335876464844
2023-10-19,138.84981908124664,140.0466308307612,137.6579781976682,138.03538513183594,21831200,138.03538513183594
2023-10-20,137.64802469498372,138.0949630937213,135.31896203197488,135.81060791015625,24970300,135.81060791015625
2023-10-23,135.3040902353741,138.07513611189734,134.1917073156668,136.96273803710938,20780700,136.96273803710938
2023-10-24,138.21418158789808,139.75364980879309,137.8069645778721,139.1676483154297,26535200,139.1676483154297
2023-10-25,128.88798759330868,129.21574647830838,125.2329918208008,125.80905151367188,58796100,125.80905151367188
2023-10-26,123.62400363880583,124.60727268606843,121.48861524118378,122.60100555419922,33907400,122.60100555419922
2023-10-27,123.18699459977336,123.59421155863207,120.63446261844938,122.561279296875,37367700,122.561279296875
2023-10-30,123.61407633863341,125.6898750840977,123.03801663151515,124.89530944824219,24165600,124.89530944824219
2023-10-31,125.41178037565804,125.69981024889596,123.082724946229,124.44837951660156,21123400,124.44837951660156
2023-11-01,124.48808775404078,126.87177699365125,124.0759150866492,126.70293426513672,26536600,126.70293426513672
2023-11-02,128.6794202190732,129.20581676833135,127.23927843044089,127.70608520507812,24091700,127.70608520507812
2023-11-03,128.2126181475148,129.8414710522494,128.1331600600789,129.48391723632812,19529400,129.48391723632812
2023-11-06,129.33492857557724,130.665817294883,129.04689114590306,130.5565643310547,15360400,130.5565643310547
2023-11-07,131.0829632569691,132.37413053825398,130.2486761478604,131.50010681152344,19223800,131.50010681152344
2023-11-08,131.46038641793334,132.63235901096158,131.26174879344643,132.35426330566406,15093600,132.35426330566406
2023-11-09,132.45358472640288,133.04951273258644,130.6161526699025,130.79493713378906,17976500,130.79493713378906
2023-11-10,130.63601607853604,133.35739831059152,129.9804983273355,133.14881896972656,20872900,133.14881896972656
2023-11-13,132.4535632856985,133.19846559530873,131.86757710602342,132.73165893554688,16409900,132.73165893554688
2023-11-14,134.7280121486915,136.30721680296887,134.18176249600617,134.50950622558594,22317300,134.50950622558594
2023-11-15,135.711291353787,135.90992897259557,134.41019752225017,135.45306396484375,15840900,135.45306396484375
2023-11-16,136.0291296706895,137.93607817454426,135.1551059232679,137.75729370117188,17615100,137.75729370117188
2023-11-17,136.88327048018704,137.06203977937489,134.55916350519928,136.00924682617188,25565300,136.00924682617188
2023-11-20,134.57903968756656,137.4841622099929,134.56911311094566,136.9825897216797,19569400,136.9825897216797
2023-11-21,137.00247019444495,138.0204975488539,136.76906680496015,137.67784118652344,17648100,137.67784118652344
2023-11-22,138.1545684910402,140.14097485234876,138.05524211094365,139.0683135986328,17306400,139.0683135986328
2023-11-24,138.59156844459474,138.72764589165334,136.5356456925598,137.28054809570312,8828600,137.28054809570312
2023-11-27,136.63497628544607,138.68097252431508,136.6051662457298,137.11170959472656,17886400,137.11170959472656
2023-11-28,136.6945795859927,137.71757780669284,136.108578101595,137.67784118652344,17046900,137.67784118652344
2023-11-29,138.0403682367615,138.7207101068505,135.36864879985237,135.47293090820312,21014700,135.47293090820312
2023-11-30,135.4729052231266,136.02911172406394,131.88744120241162,133.009765625,29913500,133.009765625
2023-12-01,132.4138641357422,132.59263344572554,131.2537883158629,132.4138641357422,24268000,132.4138641357422
2023-12-04,130.40163011784776,130.5565604849325,128.5204908490656,129.7421417236328,24117100,129.7421417236328
2023-12-05,129.48391362332904,132.63236636910744,128.84826409665897,131.4901885986328,19235100,131.4901885986328
2023-12-06,131.9966919650887,132.40390889193193,130.41750260107986,130.53668212890625,16360600,130.53668212890625
2023-12-07,135.67155544578853,139.04844007120107,135.30405997729065,137.50897216796875,38419400,137.50897216796875
2023-12-08,134.7379838309451,137.0521496909185,134.64859915755417,135.71131896972656,23016100,135.71131896972656
2023-12-11,132.91046108352194,133.87385425633943,131.98677421586547,133.7844696044922,24502900,133.7844696044922
2023-12-12,132.36417864576356,133.62553564504864,131.92716686598,132.73165893554688,26584000,132.73165893554688
2023-12-13,133.6305371126579,133.86394049599028,132.04637662569377,133.0594482421875,25414500,133.0594482421875
2023-12-14,133.85401420402098,134.1172124747159,130.1692232592123,132.294677734375,29619100,132.294677734375
2023-12-15,132.0165679818019,133.9135897375791,131.72854572104052,132.93031311035156,58594000,132.93031311035156
2023-12-18,132.950184536949,137.43946736521315,132.8607998837617,136.25755310058594,25699800,136.25755310058594
2023-12-19,137.06203531685796,137.82680598922155,136.51577055088399,137.16136169433594,20661000,137.16136169433594
2023-12-20,139.37621401279182,142.10553763734032,138.46246884060355,138.7107696533203,33507300,138.7107696533203
2023-12-21,139.81324440416722,141.06467521034375,139.5182659093271,140.83624267578125,18101500,140.83624267578125
2023-12-22,141.16398320036313,142.27636599411244,141.08948083232403,141.74996948242188,18513500,141.74996948242188
2023-12-26,142.0082052111716,142.96665792446996,141.53147186515343,141.84930419921875,11170100,141.84930419921875
2023-12-27,141.85923551433922,142.34591060897586,140.09231985374717,140.4786834716797,17288400,140.4786834716797
2023-12-28,140.88589634779512,141.3030399216425,139.87083940722655,140.31976318359375,12192500,140.31976318359375
2023-12-29,139.72382138796428,140.47369466693337,138.9491240905847,139.9721221923828,14881000,139.9721221923828
2024-01-02,138.6511715510144,139.65927218386082,136.80381300921306,138.61143493652344,20071900,138.61143493652344
2024-01-03,137.6579886992348,140.13105531143106,137.489130795316,139.40602111816406,18974300,139.40602111816406
2024-01-04,138.89948681660132,139.67913988502855,137.07198123661422,137.10177612304688,18253300,137.10177612304688
2024-01-05,137.41165910690393,137.8665387934094,135.91986893728313,136.45619201660156,15439500,136.45619201660156
2024-01-08,137.06205646305762,139.6841125891912,136.94287691575875,139.57485961914062,17645300,139.57485961914062
2024-01-09,139.1080561254395,141.82943870841166,138.83988698262704,141.591064453125,19579700,141.591064453125
2024-01-10,141.55134799836006,143.54271044219408,141.49175822119923,142.82264709472656,16641900,142.82264709472656
2024-01-11,143.9101920305069,145.6631951956154,141.2483993866276,142.69351196289062,17471100,142.69351196289062
2024-01-12,143.35895478755444,143.75624518425926,142.38561983701592,143.2596435546875,13998700,143.2596435546875
2024-01-16,142.45514726369032,144.8487709416046,142.08369624783842,143.10073852539062,19198900,143.10073852539062
2024-01-17,141.93867629128815,142.43527790298106,139.55497946211506,141.91880798339844,17884500,141.91880798339844
2024-01-18,142.4650639288118,144.59548895392675,142.37567928148383,144.00453186035156,18876800,144.00453186035156
2024-01-19,145.3105873548029,147.03379551838088,144.8090300426916,146.9642791748047,27181000,146.9642791748047
2024-01-22,147.69925791016107,148.99538084129608,146.57693341892895,146.7060546875,21829200,146.7060546875
2024-01-23,146.71599739955627,147.84824859171044,146.1896008460597,147.66946411132812,14113600,147.66946411132812
2024-01-24,149.2685048179238,150.53981887838341,148.82156640127982,149.32810974121094,19245000,149.32810974121094
2024-01-25,150.70866876146974,153.70813170761585,150.19219882067753,152.5957489013672,21495100,152.5957489013672
2024-01-26,151.83099045923157,153.06256806252554,151.76147410574225,152.74473571777344,19494500,152.74473571777344
2024-01-29,152.59574156874,154.14513616158507,151.88063404049177,153.78758239746094,20909300,153.78758239746094
2024-01-30,152.96324764515455,153.98624591780757,151.73664086026346,152.00978088378906,26578900,152.00978088378906
2024-01-31,144.40183918189544,144.6004768273881,140.5879418301452,140.83624267578125,43908600,140.83624267578125
2024-02-01,142.71338627149655,143.63705807686486,141.29309765523837,141.74005126953125,25526900,141.74005126953125
2024-02-02,139.93239448377048,142.90207742784477,137.23088063991614,142.5643768310547,42136100,142.5643768310547
2024-02-05,143.06099596259807,145.67312547842107,142.93188983968503,143.9449462890625,29254400,143.9449462890625
2024-02-06,144.9679414104424,145.74263867089806,143.53772642034644,144.4216766357422,21517700,144.4216766357422
2024-02-07,145.12685304223172,146.00087674584566,144.22304960880777,145.68304443359375,21436100,145.68304443359375
2024-02-08,145.97110527730558,146.60675484870004,145.4248403749163,146.2194061279297,18241300,146.2194061279297
2024-02-09,146.94442932923687,149.67078276972947,146.4279593553154,149.19900512695312,21877700,149.19900512695312
2024-02-12,148.52362376640664,149.56649032528404,147.55028871715868,147.71913146972656,17236100,147.71913146972656
2024-02-13,145.07720374159587,147.03380017093897,144.12372196821664,145.37515258789062,18138500,145.37515258789062
2024-02-14,146.36835559586845,146.8252357512777,144.56568930318198,146.13992309570312,16651800,146.13992309570312
2024-02-15,143.4781551391971,143.77610400462038,140.91568881099957,142.96168518066406,26724300,142.96168518066406
2024-02-16,143.22985372513244,143.49800770290975,140.55813443891583,140.79649353027344,21865100,140.79649353027344
2024-02-20,139.9820594319501,142.35481420467525,139.84301159214073,141.23348999023438,18625600,141.23348999023438
2024-02-21,141.67050960638667,143.00139831132194,140.94547548430683,142.8623504638672,16440800,142.8623504638672
2024-02-22,145.12684105425365,145.2062991257531,143.03118177807255,144.33229064941406,23024700,144.33229064941406
2024-02-23,143.98468830744434,144.96299419604122,143.80590382697437,144.30250549316406,14519400,144.30250549316406
2024-02-26,142.474997870765,142.86234651762354,137.79701922447967,137.80694580078125,33513000,137.80694580078125
2024-02-27,138.46246870483137,139.53513003332552,137.5586501102096,139.1477813720703,22364000,139.1477813720703
2024-02-28,138.15458879525067,138.33335811960436,135.7113019435236,136.4959259033203,30628700,136.4959259033203
2024-02-29,137.40966750750945,138.998783519723,136.6349702311013,138.82994079589844,35485000,138.82994079589844
2024-03-01,138.66112523574276,139.04847394982835,137.037243156515,137.1415252685547,28551500,137.1415252685547
2024-03-04,135.6119797930569,135.7013796131117,131.95699871113436,133.2878875732422,43571500,133.2878875732422
2024-03-05,131.8378028431057,133.10910177124268,130.65588856888178,132.8707275390625,28447600,132.8707275390625
2024-03-06,133.327601073047,133.82420266578097,131.05315729148174,131.6590118408203,23175200,131.6590118408203
2024-03-07,132.9799553470769,134.89684510828866,131.75831984277588,134.32078552246094,24107300,134.32078552246094
2024-03-08,134.1172180790274,138.04036828269224,133.8838146854444,135.36367797851562,26495200,135.36367797851562
2024-03-11,136.13836616172082,139.02857587653116,136.13836616172082,137.9956512451172,22536400,137.9956512451172
2024-03-12,137.31036724481473,139.3265688932182,137.27064577786194,138.67105102539062,19019700,138.67105102539062
2024-03-13,139.10805141246854,141.22357928560828,139.0583882165814,139.813232421875,19637000,139.813232421875
2024-03-14,141.33281987289658,143.7462963997645,140.52335683159683,143.35894775390625,36117900,143.35894775390625
2024-03-15,142.43529771692286,143.35896956872452,140.17079526499822,141.20372009277344,41039500,141.20372009277344
2024-03-18,148.35477554681722,151.89057695283617,147.1331397026208,147.4708251953125,47676700,147.4708251953125
2024-03-19,147.9674047570151,148.60305418276445,146.01079329000518,146.91461181640625,17748400,146.91461181640625
2024-03-20,147.7787083842636,148.74211677188956,146.66135470166356,148.66265869140625,17730000,148.66265869140625
2024-03-21,149.29831255997556,150.27660316481433,147.0040004336908,147.7290496826172,19843900,147.7290496826172
2024-03-22,149.21886456654786,151.52308826961857,149.06987498317417,150.73846435546875,19252900,150.73846435546875
2024-03-25,149.92402778598515,150.4265853577574,147.7886468572479,150.12266540527344,15114700,150.12266540527344
2024-03-26,150.212065045374,152.15873492930152,150.00348569455662,150.66893005371094,19312700,150.66893005371094
2024-03-27,151.11091133945177,151.65220528716614,149.1096074151183,150.9073028564453,16622000,150.9073028564453
2024-03-28,150.96690077307125,151.6323451618167,150.3014563843258,151.22512817382812,21105600,151.22512817382812
2024-04-01,150.798052420069,155.9329114432533,150.61926795305988,155.43630981445312,24469800,155.43630981445312
2024-04-02,153.69820981124406,154.9297873521515,152.41698422967937,154.8105926513672,17598100,154.8105926513672
2024-04-03,153.86704823591893,155.4859744100271,153.0844096389436,155.30718994140625,17266200,155.30718994140625
2024-04-04,154.02596042686008,155.11847489887006,150.84771308680024,150.9073028564453,24184800,150.9073028564453
2024-04-05,150.64905828185488,153.78758411816315,150.0541305184715,152.89370727539062,16297300,152.89370727539062
2024-04-08,152.96819376178502,155.59024966391866,152.94336974324503,155.07875061035156,16641500,155.07875061035156
2024-04-09,156.28053116160086,158.80326064686437,155.57535021423902,157.06515502929688,21521500,157.06515502929688
2024-04-10,156.80694588543082,157.08504160417482,155.1383564178868,156.58843994140625,16339200,156.58843994140625
2024-04-11,157.26381365474083,160.02491773519563,156.85659664699165,159.69715881347656,17841700,159.69715881347656
2024-04-12,158.3215672940823,160.6009669981502,157.52204592984705,158.1080322265625,16989800,158.1080322265625
2024-04-15,159.1906056126344,159.7368703965435,155.08867160037272,155.2674560546875,21140900,155.2674560546875
2024-04-16,154.58215873546226,156.16134832204972,153.9961724342877,154.93971252441406,15413200,154.93971252441406
2024-04-17,156.12161126603937,157.6024745493931,155.0737740239414,155.813720703125,16237800,155.813720703125
2024-04-18,155.85841840642055,157.4078130055725,155.14828174098898,156.38978576660156,14016100,156.38978576660156
2024-04-19,156.6778226064857,156.91619685740514,152.86392552225382,154.66162109375,21479900,154.66162109375
2024-04-22,154.9496177926356,158.10304082117602,154.60200578359263,156.87643432617188,17243900,156.87643432617188
2024-04-23,157.51209151705658,159.38924495487626,156.89133951837178,158.8330535888672,16115400,158.8330535888672
2024-04-24,158.00870241467607,160.29307293528493,157.74054844711983,160.0050506591797,19485700,160.0050506591797
2024-04-25,152.3176355102756,157.204193183894,151.72966397455428,156.87643432617188,36197800,156.87643432617188
2024-04-26,174.79386168533992,175.2209318481347,170.23504682584894,172.50949096679688,56500800,172.50949096679688
2024-04-29,169.6093387320858,170.21519337610644,165.92454766991162,166.7588348388672,35914600,166.7588348388672
2024-04-30,166.24234765578316,168.71541379347556,163.3819177417437,163.52096557617188,29420800,163.52096557617188
2024-05-01,165.05051107278743,167.6626405057152,163.77921210776898,164.44467163085938,25223200,164.44467163085938
2024-05-02,165.53719058243047,167.38454930866686,164.56385560131912,167.31503295898438,17041100,167.31503295898438
2024-05-03,168.3876803535057,168.695586105931,163.8586757426977,167.8414306640625,22767100,167.8414306640625
2024-05-06,168.06985038462844,168.7452213009313,166.7488882811883,168.6757049560547,15147900,168.6757049560547
2024-05-07,168.96372892269463,172.29096581083274,168.84454938451893,171.80429077148438,21102400,171.80429077148438
2024-05-08,169.58945661024885,170.74057579361528,169.3630094192717,169.99667358398438,14569900,169.99667358398438
2024-05-09,169.98673307395165,171.26797377514256,168.77502387588422,170.413818359375,11937700,170.413818359375
2024-05-10,168.5366403199972,170.17541941046244,166.76873997395305,169.13255310058594,18740500,169.13255310058594
2024-05-13,164.71979867423596,169.78811229596928,164.63338440437045,169.7384490966797,19648600,169.7384490966797
2024-05-14,170.42375859120125,171.60567299836634,169.26171249438895,170.76144409179688,18729500,170.76144409179688
2024-05-15,171.1289182424168,172.8630532509762,170.86074912895955,172.69818115234375,20958200,172.69818115234375
2024-05-16,173.4132950126952,175.14145898339967,172.8670301894522,174.23764038085938,17247300,174.23764038085938
2024-05-17,174.35682755889388,176.28859993291974,173.79069445146914,176.08499145507812,16546400,176.08499145507812
2024-05-20,176.10486224642364,178.72691816682396,176.02044845873684,177.24705505371094,17495100,177.24705505371094
2024-05-21,177.1874359048078,178.59779771433034,176.10484810848462,178.31968688964844,14706000,178.31968688964844
2024-05-22,177.18746691791006,177.63640585320144,175.57848238285234,176.79019165039062,16189400,176.79019165039062
2024-05-23,177.5648803607011,178.6872049115101,173.35369301724543,173.8701629638672,14928400,173.8701629638672
2024-05-24,175.32022652866095,176.09889441350452,174.00919107941908,175.1315155029297,11403600,175.1315155029297
2024-05-28,174.5455562452152,177.29671851943797,174.48595131597597,176.81005859375,15655300,176.81005859375
2024-05-29,175.60825812478257,177.01860487232003,175.0619933251889,176.19424438476562,15023800,176.19424438476562
2024-05-30,175.48910243054502,175.48910243054502,172.05261216946434,172.38037109375,18826300,172.38037109375
2024-05-31,172.22141194044517,173.23448334858708,169.8079356754009,172.77761840820312,28085200,172.77761840820312
2024-06-03,172.6981892321732,174.66472746101607,171.2779006771184,173.23451232910156,20742800,173.23451232910156
2024-06-04,173.26431114685838,173.99928703829391,172.04267534190697,173.939697265625,14066600,173.939697265625
2024-06-05,175.33513349634194,176.7603776874857,174.0985851861043,175.8665008544922,15233900,175.8665008544922
2024-06-06,176.2240569960752,177.49537118259843,176.00556620933702,177.1378173828125,14255800,177.1378173828125
2024-06-07,177.2470544112042,178.20052102148705,174.59518846085118,174.7541046142578,14716300,174.7541046142578
2024-06-10,175.4501472079754,177.45870517393539,173.39188470369487,175.62913513183594,17099800,175.62913513183594
2024-06-11,176.71294465034026,177.37914625134988,174.4458655634547,177.18028259277344,14402400,177.18028259277344
2024-06-12,178.73143676848142,181.04823551639575,176.77259866771965,178.54251098632812,18600400,178.54251098632812
2024-06-13,176.83225253638392,177.4984541099869,175.6589463784239,175.73849487304688,15956900,175.73849487304688
2024-06-14,174.8555311299011,177.7172135792028,174.8555311299011,177.3592529296875,12361600,177.3592529296875
2024-06-17,175.977133968316,178.9004768092494,175.48992027637692,177.76693725585938,15272900,177.76693725585938
2024-06-18,177.7768709097724,177.89620124099332,174.62483569288585,175.45013427734375,15640300,175.45013427734375
2024-06-20,175.7086846590598,177.72718050998978,175.46010127670561,176.70301818847656,16753200,176.70301818847656
2024-06-21,177.47859649151792,181.47779391601637,177.0510251857919,179.23855590820312,58903200,179.23855590820312
2024-06-24,180.25276228814133,181.04823206356787,179.20870915616425,179.76553344726562,18198300,179.76553344726562
2024-06-25,180.1185303473328,184.6974314659776,180.07874851431123,184.5283966064453,18797000,184.5283966064453
2024-06-26,183.15621180454954,184.87640436233303,182.94741028413344,184.319580078125,13375700,184.319580078125
2024-06-27,184.59303597103306,186.43752025652012,184.39913366725065,185.8011474609375,13025700,185.8011474609375
2024-06-28,184.66761579883254,185.5227432016718,182.2861828572196,182.38064575195312,23032400,182.38064575195312
2024-07-01,183.43462703353134,184.28975439076217,181.6945435299368,183.444580078125,11815900,183.444580078125
2024-07-02,182.43037509050376,185.89065154804086,182.0226946993257,185.55258178710938,12555500,185.55258178710938
2024-07-03,185.24433563486514,186.55684797624113,184.33451197824832,186.32815551757812,7409100,186.32815551757812
2024-07-05,186.25856176289477,191.1705565941188,186.25856176289477,190.8722686767578,14303400,190.8722686767578
2024-07-08,190.28062959522862,190.59284569184211,188.2472194735337,189.400634765625,12097600,189.400634765625
2024-07-09,190.6634294288226,191.76714010959296,189.15203841273987,189.36085510253906,10198500,189.36085510253906
2024-07-10,189.66911768782384,192.2146090546467,189.5398494759331,191.56829833984375,12052900,191.56829833984375
2024-07-11,190.25576327897286,191.31970737889765,185.7613869004445,186.23866271972656,16452000,186.23866271972656
2024-07-12,185.86080947177268,187.6207839532123,185.0852305827975,185.7216033935547,14449100,185.7216033935547
2024-07-15,185.43326276710425,188.82392852398232,185.43326276710425,187.12362670898438,12186000,187.12362670898438
2024-07-16,187.8892684498503,189.26143838906273,184.07101620543958,184.44886779785156,12760100,184.44886779785156
2024-07-17,183.6334990938572,184.18038554020822,180.59084108439043,181.58517456054688,17376600,181.58517456054688
2024-07-18,182.4999810061226,183.00710084890474,177.20019630642,178.2044677734375,17877200,178.2044677734375
2024-07-19,179.34791663817788,180.93885620153185,177.84647861485163,178.37347412109375,14485900,178.37347412109375
2024-07-22,181.3167017551738,183.25564885280767,180.86923958683062,182.31103515625,16303900,182.31103515625
2024-07-23,182.79826167041253,184.17044671555993,182.29115706223075,182.55963134765625,23772600,182.55963134765625
2024-07-24,174.39615190819515,176.9416432398946,172.58647282832214,173.38192749023438,31250700,173.38192749023438
2024-07-25,173.26258432880184,174.20719796643118,168.09205400022609,168.20143127441406,28967900,168.20143127441406
2024-07-26,167.81366841574962,168.87759736716222,164.92513082283665,167.7241668701172,25150100,167.7241668701172
2024-07-29,169.53385863048427,171.1844558514704,168.75827972854137,170.16029357910156,13768900,170.16029357910156
2024-07-30,170.85632538389478,171.96997403739772,169.15600844040551,170.8861541748047,13681400,170.8861541748047
2024-07-31,173.92881303446427,174.91320865604047,170.74694888658044,172.16883850097656,15650200,172.16883850097656
2024-08-01,171.00545566245466,174.68448624625722,169.5437843354653,171.47279357910156,17177800,171.47279357910156
2024-08-02,167.23695346679165,169.24551138112997,165.4471501358132,167.4457550048828,18907800,167.4457550048828
2024-08-05,156.478261463729,164.99970702790134,155.7126355760506,159.729736328125,34907800,159.729736328125
2024-08-06,160.0330138293395,161.43005119518008,157.23396257497106,159.6302947998047,36146500,159.6302947998047
2024-08-07,162.31500722379837,163.85621202253907,159.33200670134502,159.839111328125,19334200,159.839111328125
2024-08-08,161.42408065346282,164.56220317584732,161.11186452991507,162.91160583496094,15733600,162.91160583496094
2024-08-09,160.72904565696422,164.5820880366157,160.0180856611064,164.45281982421875,13549200,164.45281982421875
2024-08-12,165.05437565429597,165.7553825550023,162.62323826636265,163.02096557617188,12435000,163.02096557617188
2024-08-13,164.24897251060386,165.59629011991402,163.8363307946276,164.98974609375,12717600,164.98974609375
2024-08-14,163.2795017241323,164.0252518080872,158.62601331064516,161.11184692382812,22515900,161.11184692382812
2024-08-15,161.2908402029654,162.59341463206414,160.5749188847497,162.24539184570312,18392500,162.24539184570312
2024-08-16,162.48403794408534,166.0039717947397,162.15590607432796,163.80650329589844,16853100,163.80650329589844
2024-08-19,166.05369417652463,167.51536563246327,165.14884705192927,167.4457550048828,13100800,167.4457550048828
2024-08-20,167.78383941145057,169.44437452745237,167.7042909111701,168.00259399414062,12622500,168.00259399414062
2024-08-21,166.04374196916396,167.68438603040246,165.62612375670912,166.68011474609375,15269600,166.68011474609375
2024-08-22,168.08211766029928,168.45996922183042,164.09484603651103,164.55224609375,19123800,164.55224609375
2024-08-23,165.60622862614264,166.99828929890256,164.72127251867596,166.48123168945312,14281600,166.48123168945312
2024-08-26,167.20213990843885,168.4202044524346,165.37754652596405,166.97840881347656,11990300,166.97840881347656
2024-08-27,166.66023602125927,167.29163232217275,165.21845550253033,165.4372100830078,13718200,165.4372100830078
2024-08-28,165.83493493305164,166.44147895671864,162.35476778762694,163.56785583496094,15208700,163.56785583496094
2024-08-29,165.11900586502935,166.6801166225093,161.06411125124927,162.4740753173828,17133800,162.4740753173828
2024-08-30,163.2894365572667,164.3434275620666,162.48402890915824,164.1743927001953,18498800,164.1743927001953
2024-09-03,162.3895523582332,162.45418645310724,156.9604856290088,157.71121215820312,26533100,157.71121215820312
2024-09-04,157.17925397775187,159.4910761689926,156.54785771147758,156.91575622558594,17410700,156.91575622558594
2024-09-05,156.88593321960403,160.10260259244973,156.62741198020422,157.7012939453125,14139500,157.7012939453125
2024-09-06,157.79076898385384,158.31776446976443,151.07404204106973,151.2679443359375,24999100,151.2679443359375
2024-09-09,152.9605559044524,153.96614931925384,147.55420944972815,148.88836669921875,28057700,148.88836669921875
2024-09-10,150.79003544164266,151.63633754172483,148.89134773184537,149.35630798339844,20401800,149.35630798339844
2024-09-11,150.43160574548077,151.81554806620483,148.0520210302128,151.4869842529297,18991500,151.4869842529297
2024-09-12,154.1353984322752,154.93191539548397,152.83110931126586,154.86221313476562,20980800,154.86221313476562
2024-09-13,155.68064025177955,158.58094104280494,155.42973945471823,157.6798858642578,16733900,157.6798858642578
2024-09-16,157.64006778453728,158.5461060421012,156.92320401946452,158.2971954345703,14157600,158.2971954345703
2024-09-17,159.39239898672255,160.88586268807376,158.71536940107993,159.58157348632812,12064800,159.58157348632812
2024-09-18,160.14908713362692,160.92568699517338,158.9642702393375,160.1092529296875,16756500,160.1092529296875
2024-09-19,164.1017880837837,164.2710454691448,161.81379771037444,162.52867126464844,17548200,162.52867126464844
2024-09-20,163.80307417318457,164.03206764655698,162.4689019554381,163.92254638671875,46362700,163.92254638671875
2024-09-23,164.61951818775515,165.8839883465766,162.23993335222076,162.3594207763672,15648400,162.3594207763672
2024-09-24,163.5342681455247,163.8329639111907,161.32394074881324,162.9269256591797,18774100,162.9269256591797
2024-09-25,162.25986805134934,163.5014283593565,162.06571046124213,162.27978515625,13607900,162.27978515625
2024-09-26,164.31087202546163,164.7788251915405,162.787540294966,163.11610412597656,18234500,163.11610412597656
2024-09-27,163.19574129448452,166.24240445583408,163.1160880833797,164.56971740722656,13604300,164.56971740722656
2024-09-30,164.06195445408815,166.63071368478148,163.92256512493256,166.46145629882812,14070100,166.46145629882812
2024-10-01,168.12419658990655,169.6973135950972,165.17708804513052,167.6861114501953,18629500,167.6861114501953
2024-10-02,167.02895337262652,168.14408312341,165.52553890950227,166.58091735839844,12745000,166.58091735839844
2024-10-03,165.09742671826152,167.17831564598703,164.64937549349344,166.4813690185547,11004300,166.4813690185547
2024-10-04,168.60206977853457,168.8111613540106,166.23245134615243,167.82546997070312,11422100,167.82546997070312
2024-10-07,168.4029618733599,169.15964465933897,163.41479871287174,163.6736602783203,14034700,163.6736602783203
2024-10-08,164.70910810033513,165.37620184985647,163.59399352017417,164.97793579101562,11723900,164.97793579101562
2024-10-09,164.13660232280216,165.5354784980963,160.4178778331306,162.34942626953125,19666400,162.34942626953125
2024-10-10,161.4035732310404,163.59498593555762,160.9356201364823,162.46890258789062,12900500,162.46890258789062
2024-10-11,162.61825333951728,164.54980176882674,161.7918684345913,163.80307006835938,10946000,163.80307006835938
2024-10-14,164.1913945597103,166.88957700087903,164.0619561840233,165.6251220703125,9981800,165.6251220703125
2024-10-15,166.411658603287,168.35315811036688,165.3264121085983,166.17269897460938,14829300,166.17269897460938
2024-10-16,165.30651490961594,166.55106797325655,164.4960665730318,166.013427734375,9968500,166.013427734375
2024-10-17,166.65062527959674,167.19821643099237,163.65373201334134,163.79312133789062,15113400,163.79312133789062
2024-10-18,164.15155649853372,165.64502008827174,164.03208427288982,164.33078002929688,13091300,164.33078002929688
2024-10-21,163.8628296926184,165.4956826376428,163.58901891443685,165.0775146484375,11384000,165.0775146484375
2024-10-22,163.98230631632472,166.74024012033664,163.95243825860203,166.09307861328125,11958600,166.09307861328125
2024-10-23,165.70474411550393,166.86965899975868,162.91993546186882,163.76324462890625,12754300,163.76324462890625
2024-10-24,163.87280069634764,164.33080294568109,162.06073918809648,163.8130645751953,12764400,163.8130645751953
2024-10-25,164.64439509849527,166.67051564133874,164.50997366436278,166.26231384277344,14566400,166.26231384277344
2024-10-28,169.84662534790536,169.86256206708674,165.06753901516458,167.60643005371094,20858300,167.60643005371094
2024-10-29,168.6468840430168,171.11110508314272,167.9250524115973,170.3942413330078,28916100,170.3942413330078
2024-10-30,181.61513388598914,182.98911006764936,174.9791687802624,175.37245178222656,49698300,175.37245178222656
2024-10-31,173.95862211563895,177.64249554999887,171.80803112319362,171.93746948242188,32801900,171.93746948242188
2024-11-01,170.79248043711254,173.0625589507953,169.56784461190855,171.89764404296875,21752900,171.89764404296875
2024-11-04,170.49380601285034,171.1708355365351,168.74644878064223,169.9362335205078,16194000,169.9362335205078
2024-11-05,170.0855962526431,171.3470734959179,169.6275940553142,170.66307067871094,12518300,170.66307067871094
2024-11-06,174.5858922704656,177.86154891962624,174.27723038022245,177.5529022216797,27061500,177.5529022216797
2024-11-07,178.32951780697917,181.78439828472426,178.11047525507675,181.48570251464844,16730400,181.48570251464844
2024-11-08,181.20692236266052,181.55540329027707,178.7875185486928,179.0762481689453,15021500,179.0762481689453
2024-11-11,179.28533325699743,181.29155207407845,179.2056800423675,181.1770477294922,12503400,181.1770477294922
2024-11-12,180.58963043690287,183.22309374945092,180.20133049340726,182.52117919921875,14065800,182.52117919921875
2024-11-13,181.3562459473078,181.81923118102523,179.33509321479593,179.7034912109375,13969700,179.7034912109375
2024-11-14,178.96673001193344,179.6587088055344,175.2629388903221,176.5771942138672,17925800,176.5771942138672
2024-11-15,174.8746374525842,175.11359710727302,171.99224833661086,173.13226318359375,21708900,173.13226318359375
2024-11-18,174.19261017148003,176.13909280002633,173.65993786500817,176.02957153320312,18662800,176.02957153320312
2024-11-19,174.4713876127403,179.38488017366925,174.35290289168816,178.79745483398438,15392900,178.79745483398438
2024-11-20,178.05072981522193,178.32950846808063,174.56598146219105,176.55726623535156,15729800,176.55726623535156
2024-11-21,174.69043129296793,174.8148865873952,164.58963534340768,168.5025177001953,38839400,168.5025177001953
2024-11-22,166.43160267043936,167.53178337066268,164.98792409496505,165.84417724609375,24497000,165.84417724609375
2024-11-25,167.257968644597,169.7172065350398,166.6705280950971,168.69168090820312,21395700,168.69168090820312
2024-11-26,168.75142982025878,170.74768243022393,168.6916785168623,169.87649536132812,14937500,169.87649536132812
2024-11-27,169.9362333002551,170.39423547744005,168.93063997056893,170.0756378173828,12433400,170.0756378173828
2024-11-29,169.3189362005132,170.12540407605727,168.01464714823365,169.7470703125,9250700,169.7470703125
2024-12-02,169.5777993865764,172.8435048296546,169.52801423442125,172.2261962890625,16593400,172.2261962890625
2024-12-03,172.36559210307576,173.56037503069683,171.7582496853769,172.2660369873047,15721500,172.2660369873047
2024-12-04,172.0271034915051,175.6611924034742,171.9972354330077,175.3226776123047,18239800,175.3226776123047
2024-12-05,176.54732374826511,176.93562368996317,173.25173452909203,173.55043029785156,16145500,173.55043029785156
2024-12-06,173.1223047445848,176.06841023086653,172.7937409307028,175.72093200683594,13319500,175.72093200683594
2024-12-09,175.14778141291757,177.4652731794903,174.83379581179184,176.5283203125,19887800,176.5283203125
2024-12-10,183.9393165192724,187.4230296378457,182.08033134621863,185.92787170410156,34317400,185.92787170410156
2024-12-11,186.09732997845762,196.25443912584223,185.65874786347018,196.0750274658203,41664500,196.0750274658203
2024-12-12,195.66633840932482,196.07002983557697,192.65608283731066,193.0049591064453,25197800,193.0049591064453
2024-12-13,192.08791545519404,193.71264327515175,190.64258406331268,190.76220703125,18883200,190.76220703125
2024-12-16,193.73759211233372,199.99233022704658,193.48341038940663,197.5203399658203,32248600,197.5203399658203
2024-12-17,197.88912513239245,202.22508900404006,196.0550684770214,196.48367309570312,24129500,196.48367309570312
2024-12-18,196.19462306691972,198.04861948645635,188.6689918668289,189.5361785888672,27638400,189.5361785888672
2024-12-19,192.65607654402254,193.97182278625914,188.90821957957144,189.08763122558594,26981200,189.08763122558594
2024-12-20,186.4063074568899,193.5083072410875,185.76837404956783,192.3371124267578,45319700,192.3371124267578
2024-12-23,193.40365070441305,195.85571627268868,191.0114042261952,195.35733032226562,15235900,195.35733032226562
2024-12-24,195.53676105342174,197.03191905065805,194.56789854953635,196.9322509765625,6809800,196.9322509765625
2024-12-26,196.1049218602123,197.52033622530104,195.23771990822095,196.46376037597656,7907900,196.46376037597656
2024-12-27,195.83578371138285,196.1647202757909,191.3523024429326,193.4136199951172,14693000,193.4136199951172
2024-12-30,190.24887224804684,193.1544556150159,189.74549757657897,192.06797790527344,12209500,192.06797790527344
2024-12-31,191.82377359456456,192.62616766511687,188.96801665543026,189.8252410888672,14355200,189.8252410888672
2025-01-02,190.8668688990928,192.57632906643343,188.1008329456353,190.01463317871094,17545200,190.01463317871094
2025-01-03,192.10288510468152,193.87214927777333,190.73232363806486,192.50657653808594,12875000,192.50657653808594
2025-01-06,194.5200419032114,198.9158098969417,194.43033607710257,197.32098388671875,19483300,197.32098388671875
2025-01-07,197.62998935747845,201.48749214328686,195.3075087645923,196.0750274658203,16966800,196.0750274658203
2025-01-08,193.32390810694315,197.00199887323063,193.12455676767007,194.75926208496094,14335300,194.75926208496094
2025-01-10,194.78916934463103,196.98206455558247,190.98150846908007,192.5464324951172,20753800,192.5464324951172
2025-01-13,190.73231291855885,191.86863229863644,188.05099402103852,191.6692657470703,13169100,191.6692657470703
2025-01-14,191.8785895192527,192.6461081359987,189.0278212951568,190.4332733154297,13651200,190.4332733154297
2025-01-15,193.72263162353136,197.16149175688608,192.7059199913067,196.34413146972656,12894900,196.34413146972656
2025-01-16,195.19285044538734,196.34412075053376,193.67277941152807,193.7824249267578,13449600,193.7824249267578
2025-01-17,197.4106937293802,198.16823495893416,194.67953302807754,196.9123077392578,22109100,196.9123077392578
2025-01-21,199.8627293790569,203.18198165088893,198.79619134868744,198.98558044433594,19005200,198.98558044433594
2025-01-22,199.90261827692612,201.4675423346555,198.55697005615318,199.38429260253906,15477400,199.38429260253906
2025-01-23,199.33444793070097,201.28812762165109,196.18466016542135,198.9357452392578,15170800,198.9357452392578
2025-01-24,199.2048900678887,201.91611112171262,199.139093625211,201.24826049804688,12732400,201.24826049804688
2025-01-27,193.56314311700586,198.0286770954344,192.077947468968,193.14450073242188,24970200,193.14450073242188
2025-01-28,194.0216516747315,196.59332510027124,191.98824361312455,196.43385314941406,15939200,196.43385314941406
2025-01-29,196.73287665453816,197.81936964894837,194.55992108478387,196.54348754882812,12287800,196.54348754882812
2025-01-30,199.11514547234088,202.58193012039442,198.82808076772176,201.97589111328125,14571500,201.97589111328125
2025-01-31,203.05740015774455,206.4115433442633,202.9228414159413,204.9363250732422,17060300,204.9363250732422
2025-02-03,201.56222400754768,204.55752840288116,201.00902290938853,201.98585510253906,16719500,201.98585510253906
2025-02-04,203.83986040606993,208.02629948497267,203.6006296665919,207.0395050048828,28285400,207.0395050048828
2025-02-05,192.47667403796495,193.9219903566669,189.2969690111007,192.676025390625,43666400,192.676025390625
2025-02-06,190.37347121526227,193.2042997692843,189.87508526379926,192.68597412109375,20816600,192.68597412109375
2025-02-07,192.11783298882085,192.39193919392628,184.50249582506203,186.53590393066406,29565700,186.53590393066406
2025-02-10,188.4496927028371,189.3766984774281,187.00437649187288,187.59246826171875,16606000,187.59246826171875
2025-02-11,186.2318987244594,188.1905520059208,185.47933101594776,186.4661407470703,13028100,186.4661407470703
2025-02-12,184.6320543020691,186.22689542176803,183.03722839190226,184.83140563964844,17632300,184.83140563964844
2025-02-13,185.32978127570235,187.3831440461535,184.28318300926568,187.27349853515625,12729300,187.27349853515625
2025-02-14,186.2269052233785,187.5426362882782,185.50922820269398,186.2667694091797,12714200,186.2667694091797
2025-02-18,186.83493117095733,187.173829973565,182.98739095029217,185.20022583007812,19796000,185.20022583007812
2025-02-19,185.58396796599052,186.75517795378096,184.90118166936188,186.5259246826172,13120500,186.5259246826172
2025-02-20,185.89797389376844,186.515967653067,184.0041132194147,186.0375213623047,12063800,186.0375213623047
2025-02-21,186.68540996862492,186.86483682679946,180.5453063768706,180.9938507080078,19520800,180.9938507080078
2025-02-24,183.20667779988295,184.49250685544612,180.2961056843669,180.6051025390625,18734000,180.6051025390625
2025-02-25,179.57343766549263,180.17648039704747,176.19937031132497,176.79742431640625,20832500,176.79742431640625
2025-02-26,176.37381061451893,177.50514124217776,173.0296299492345,174.13604736328125,23637200,174.13604736328125
2025-02-27,175.3720517468169,176.01994740253818,169.20402365784025,169.66055297851562,25930500,169.66055297851562
2025-02-28,169.75026222513335,171.94315742282225,167.84642419410588,171.6640625,30049800,171.6640625
2025-03-03,173.16919622639824,174.43510093183014,167.09885836425866,168.11557006835938,24122000,168.11557006835938
2025-03-04,167.39788738556237,174.5995557564392,166.99916947110347,172.0528106689453,30711400,172.0528106689453
2025-03-05,171.76376092594464,175.18268163682967,170.37823322393749,174.42514038085938,18848000,174.42514038085938
2025-03-06,171.99299899435542,176.15949834739462,171.95112715118205,173.64764404296875,19082400,173.64764404296875
2025-03-07,172.68277843809483,176.32895993375635,171.69397623813677,175.18267822265625,16395300,175.18267822265625
2025-03-10,169.80395112078375,170.09333760834892,165.21856474391475,167.4588623046875,28990700,167.4588623046875
2025-03-11,166.3312226673931,168.30209616396394,162.8984334954026,165.6326904296875,23705900,165.6326904296875
2025-03-12,168.11747256412926,169.17525204524574,165.13372374937688,168.6463623046875,19880100,168.6463623046875
2025-03-13,167.62849908664165,167.76820552881753,163.72669229913674,164.3852996826172,15206200,164.3852996826172
2025-03-14,164.9690870263586,167.89794321312493,164.16576354056602,167.26925659179688,18611100,167.26925659179688
2025-03-17,166.97486057411132,168.1074952719868,165.4630314005261,166.22145080566406,17839100,166.22145080566406
2025-03-18,165.61272918130422,166.091720499798,158.46770809514283,162.32960510253906,24616800,162.32960510253906
2025-03-19,163.571995968084,167.78117198389484,162.70881575318666,165.9320526123047,24955700,165.9320526123047
2025-03-20,163.48219284410166,166.6804882029944,162.79862864414542,164.7046356201172,19981500,164.7046356201172
2025-03-21,163.0381403320938,166.12167100602187,162.68886659897697,165.90213012695312,29882100,165.90213012695312
2025-03-24,168.91081531503914,170.14323170803982,167.0896371412489,169.5744171142578,18742800,169.5744171142578
2025-03-25,170.82180453881222,172.54819553776656,170.19313314600385,172.42843627929688,13841600,172.42843627929688
2025-03-26,170.94155138430105,171.58021155127406,166.5118295600408,166.79025268554688,22498000,166.79025268554688
2025-03-27,166.36116540619523,167.08963361496558,163.50714935773365,163.73666381835938,21571200,163.73666381835938
2025-03-28,162.02026459805788,163.46722744812823,155.01395983965068,155.7334442138672,34866500,155.7334442138672
2025-03-31,154.4860645445433,156.80121735692813,151.89151406467764,155.90309143066406,33591600,155.90309143066406
2025-04-01,154.97503575649606,159.74503232559243,154.93013174681002,158.54754638671875,20111400,158.54754638671875
2025-04-02,156.63156970946335,159.93962031962053,156.20246156153843,158.527587890625,17113300,158.527587890625
2025-04-03,152.5151960290634,154.3633104450107,151.86155262256625,152.3106231689453,28416100,152.3106231689453
2025-04-04,149.58633109667096,152.7696585204793,147.23126874135036,147.4308624267578,39832200,147.4308624267578
2025-04-07,143.08995421575065,154.60579993715052,142.3614860124179,148.92771911621094,47823000,148.92771911621094
2025-04-08,153.25364308480528,154.11683856421288,144.90615649348965,146.27328491210938,35304400,146.27328491210938
2025-04-09,146.02381759510635,161.5312946445726,145.50490139145467,160.72299194335938,46479500,160.72299194335938
2025-04-10,158.42779734691703,159.69514420046266,151.88152624733968,155.04489135742188,35270500,155.04489135742188
2025-04-11,155.2594476417932,159.52549618373823,155.2594476417932,159.0664520263672,22582000,159.0664520263672
2025-04-14,161.97037984139416,163.68678212859385,159.5853812905667,161.13214111328125,18255900,161.13214111328125
2025-04-15,161.2319288394032,161.71092019595181,157.3151386924203,158.34796142578125,15690800,158.34796142578125
2025-04-16,155.1446855741514,157.84900646503428,153.58795225695732,155.17462158203125,16921500,155.17462158203125
2025-04-17,156.28230793676562,156.74135212697948,150.58424891052354,153.0391082763672,19513400,153.0391082763672
2025-04-21,150.64910075055403,150.7439031803643,148.08946559939653,149.54641723632812,16147800,149.54641723632812
2025-04-22,150.75389234645476,154.28647817349793,150.55429866627406,153.5779571533203,15910300,153.5779571533203
2025-04-23,157.57958900662848,159.68517460141064,156.0228556241092,157.38998413085938,18575700,157.38998413085938
2025-04-24,158.19329592743742,161.3716444185399,157.75920855848113,161.13214111328125,30787500,161.13214111328125
2025-04-25,166.75034031269075,167.88795419202464,162.65891369346122,163.50714111328125,35148100,163.50714111328125
2025-04-28,163.91628536051073,164.60484399235878,160.04441449921725,162.08013916015625,20871200,162.08013916015625
2025-04-29,161.70591822711566,162.3395840048771,159.05647504559602,161.72088623046875,15955200,161.72088623046875
2025-04-30,159.5254860095647,161.0363102187278,156.82614452258727,160.55332946777344,20639500,160.55332946777344
2025-05-01,162.17993201602457,163.59695884625,160.59324751027046,162.44935607910156,21904300,162.44935607910156
2025-05-02,164.60983654805946,166.3511802953172,163.31754813877285,165.46304321289062,16844900,165.46304321289062
2025-05-05,164.1707534829321,166.75035109742606,164.12584947218224,165.70254516601562,15309300,165.70254516601562
2025-05-06,163.61692872306404,166.39111049603875,162.7886636287067,164.8543243408203,10691900,164.8543243408203
2025-05-07,165.7225072906682,166.64058037151528,149.1771989680043,152.4802703857422,78729800,152.4802703857422
2025-05-08,155.59374524152167,157.08063299058793,153.7775613966295,155.42410278320312,38387500,155.42410278320312
2025-05-09,155.22451097958617,156.10265920444155,153.5081089022484,154.0569610595703,22871000,154.0569610595703
2025-05-12,158.767087161307,160.10427953850458,157.55961240306388,159.24607849121094,31884900,159.24607849121094
2025-05-13,159.5853580204337,161.72087936029618,157.25025823538817,160.55332946777344,24944300,160.55332946777344
2025-05-14,160.9724465842897,167.98773466385796,160.59323688479117,166.4609375,31769200,166.4609375
2025-05-15,166.79025857078503,167.15947947237044,163.49716078272107,165.05389404296875,22717600,165.05389404296875
2025-05-16,168.5765121778473,170.2929143521152,166.60065952676607,167.07965087890625,36271400,167.07965087890625
2025-05-19,165.36823314911408,167.59855695920197,165.06885786199535,167.5187225341797,21374700,167.5187225341797
2025-05-20,167.4089723124178,169.32495306366755,163.9162957370762,164.97409057617188,33563300,164.97409057617188
2025-05-21,164.60483939502217,174.1647950905629,164.54496738120505,169.7041473388672,45567600,169.7041473388672
2025-05-22,172.98727611426764,177.75727288119202,171.52035082957954,171.62013244628906,45024100,171.62013244628906
2025-05-23,169.92369658602146,170.84676411617667,168.90582662036127,169.23513793945312,24963600,169.23513793945312
2025-05-27,170.9415515853457,173.92528515676113,170.8517435680547,173.61593627929688,24341300,173.61593627929688
2025-05-28,173.61594729418155,176.1107161118287,172.65297018501624,173.0172119140625,25999200,173.0172119140625
2025-05-29,174.63382348309548,175.0329804174553,171.42055991285764,172.5980987548828,21174700,172.5980987548828
2025-05-30,172.04923004578563,173.0770735186819,168.17234979116824,172.48831176757812,36258300,172.48831176757812
2025-06-02,168.65633401739595,170.70404207052295,168.29708672339368,170.01348876953125,24742900,170.01348876953125
2025-06-03,168.51166710695887,169.44470824759915,166.33122627831037,167.3590850830078,25386700,167.3590850830078
2025-06-04,167.92787503026992,169.22515784223899,167.44388927750356,169.03555297851562,18508700,169.03555297851562
2025-06-05,171.26087623375113,171.999333247985,168.9956372255751,169.4546661376953,25375400,169.4546661376953
2025-06-06,171.93945767537895,175.4620697761154,171.93945767537895,174.55397033691406,22258100,174.55397033691406
2025-06-09,175.71293650196031,177.75610840952234,175.5031325772629,177.47137451171875,18817600,177.47137451171875
2025-06-10,177.6012524442818,182.2820814822952,176.3174115528641,179.8492431640625,32908000,179.8492431640625
2025-06-11,181.06816418757248,181.587704115862,177.84105272420047,178.63034057617188,18994400,178.63034057617188
2025-06-12,177.32150502104858,177.97093371422645,175.95273331776258,176.8119659423828,17345900,176.8119659423828
2025-06-13,173.4249969901244,178.18374417661255,173.41501140826213,175.7229461669922,20873200,175.7229461669922
2025-06-16,175.74791106095938,178.08581772153445,175.66299550545116,177.78109741210938,18132500,177.78109741210938
2025-06-17,176.84194122313968,178.5554060908411,175.78289022905207,177.0717315673828,17656100,177.0717315673828
2025-06-18,177.12168687013792,177.66520741745524,172.68564937270733,173.8246307373047,32531800,173.8246307373047
2025-06-20,174.70885376714864,175.2084072749372,166.1215277486504,167.58021545410156,55402600,167.58021545410156
2025-06-23,167.17059840849774,168.32955099660168,163.18415580302408,165.86175537109375,36975600,165.86175537109375
2025-06-24,167.5352511496685,169.09885600930554,166.7609493398623,167.5902099609375,27310300,167.5902099609375
2025-06-25,168.49939276403427,173.2051935344053,168.41048297188135,171.3368682861328,23627400,171.3368682861328
2025-06-26,173.23016594590123,174.4940357220232,170.70742680723183,174.27423095703125,25909100,174.27423095703125
2025-06-27,174.47406045255778,178.68029238922279,172.55577684017305,178.11080932617188,74053100,178.11080932617188
2025-06-30,180.6235705829387,181.41785885338717,175.34328619730314,177.23159790039062,43964600,177.23159790039062
2025-07-01,176.64711220363492,177.06175016091657,174.50403858767385,176.7520294189453,25778500,176.7520294189453
2025-07-02,176.38734664225254,179.77431882306013,175.93275111969743,179.59947204589844,19325900,179.59947204589844
2025-07-03,179.65943481772604,180.60858345440707,178.03088546799643,180.38877868652344,13287400,180.38877868652344
2025-07-07,179.9741410589373,180.1789598314395,176.48226683459202,177.4014434814453,20991400,177.4014434814453
2025-07-08,178.62034827773374,178.63033385947716,173.76468764691197,175.0035858154297,24108600,175.0035858154297
2025-07-09,175.95273909172283,180.11901356387378,173.72473469070374,177.50135803222656,31288000,177.50135803222656
2025-07-10,176.512234511381,179.4296251657738,175.5830723051054,178.54042053222656,24693700,178.54042053222656
2025-07-11,177.75112886809936,182.44692868840252,177.38245509455163,181.14808654785156,23975700,181.14808654785156
2025-07-14,181.9074143693571,184.5650273381907,180.5496192082718,182.64674377441406,20990400,182.64674377441406
2025-07-15,183.77573911870363,185.24442758915293,182.22712026096616,182.93649291992188,23911600,182.93649291992188
2025-07-16,184.1554078901505,185.16950087616138,182.91650973311008,183.60589599609375,21152600,183.60589599609375
2025-07-17,182.95148859796868,185.02162933119868,181.33792526233427,184.53506469726562,21654400,184.53506469726562
2025-07-18,186.45334173485833,187.19268639627012,184.56503013215195,185.77395629882812,21033400,185.77395629882812
2025-07-21,186.9329227356617,191.08919620124823,186.88296433744753,190.9792938232422,24665000,190.9792938232422
2025-07-22,192.2481667751554,193.18732979274287,188.32666875796485,191.93844604492188,26212900,191.93844604492188
2025-07-23,192.1882210378446,193.18732802696937,190.010159874068,191.33897399902344,34068100,191.33897399902344
2025-07-24,197.9330847594232,198.79231737351353,191.77858209315576,193.0274658203125,45252100,193.0274658203125
2025-07-25,192.75771028339912,195.10061746773786,191.95843686256575,193.9066925048828,31101800,193.9066925048828
2025-07-28,194.23639006720387,194.6460275845246,191.68366382649796,193.2472686767578,25553500,193.2472686767578
2025-07-29,193.1273831421187,196.4843832196581,192.817662416167,196.25457763671875,31891600,196.25457763671875
2025-07-30,196.12470577159496,198.30275169861974,195.3853611085289,197.26368713378906,21150500,197.26368713378906
2025-07-31,196.4244402882278,196.65423062723093,191.90847242579005,192.68777465820312,27852000,192.68777465820312
2025-08-01,189.6105186355703,191.44687467641603,188.5314812837375,189.78036499023438,21236700,189.78036499023438
2025-08-04,191.00428383507187,195.9049024520249,190.74950667153828,195.5751953125,23386000,195.5751953125
2025-08-05,195.37037403152394,198.5225553573162,194.5011558308944,195.1455841064453,19010200,195.1455841064453
2025-08-06,195.0756489615275,197.20375182865104,194.2933433951165,196.74415588378906,15383700,196.74415588378906
2025-08-07,197.53344472313984,198.19284373359994,195.04566289247066,197.10382080078125,14660600,197.10382080078125
2025-08-08,197.80320024624658,203.24833036524188,197.72326985656238,201.90953063964844,24379900,201.90953063964844
2025-08-11,201.37500595004394,201.97947666721265,199.6215835153614,201.449951171875,16690200,201.449951171875
2025-08-12,201.91453322711988,204.9468266736469,201.2201465346662,203.97769165039062,19854000,203.97769165039062
2025-08-13,204.79694945685728,205.24654455972473,198.46261470892654,202.84869384765625,19573000,202.84869384765625
2025-08-14,202.37911588398708,205.2365625759638,202.14432512407217,203.63800048828125,17777100,203.63800048828125
2025-08-15,204.53718749330082,207.14485738883576,201.9045460206804,204.72702026367188,21111400,204.72702026367188
2025-08-18,204.88687667774633,205.95591322393057,203.22835542424343,204.10755920410156,13000200,204.10755920410156
2025-08-19,203.72291858829,204.10756930819693,200.75056906348905,202.30918884277344,13476600,202.30918884277344
2025-08-20,201.49989012472352,201.9894580373513,197.28367265876727,200.01123046875,13971700,200.01123046875
2025-08-21,200.54075847297617,203.17840034597594,200.22103691495778,200.4408416748047,11768900,200.4408416748047
2025-08-22,203.7778705571345,209.0431534739571,201.94950291655513,206.535400390625,25723700,206.535400390625
2025-08-25,206.8151460768586,210.90148999026277,205.7660806926536,208.9732208251953,22788800,208.9732208251953
2025-08-26,208.18392059569848,208.2738518119723,206.26563698618554,207.76429748535156,23051000,207.76429748535156
2025-08-27,206.2756410923181,209.3828645197921,206.20569628356685,208.02407836914062,15249000,208.02407836914062
2025-08-28,207.6543902459798,212.70986910562976,207.4146143286289,212.1803436279297,20915700,212.1803436279297
2025-08-29,211.08133343259135,215.14769086553312,210.78159829310974,213.3393096923828,24682200,213.3393096923828
2025-09-02,208.80338386353435,212.17936432543956,206.77519781054198,211.8007049560547,28900100,211.8007049560547
2025-09-03,226.27774633104264,231.59300282388122,224.91896021781164,230.8936309814453,72250300,230.8936309814453
2025-09-04,229.94947205835598,232.56214237085004,226.55749949973745,232.45223999023438,32196000,232.45223999023438
2025-09-05,232.4522383723282,235.9191408833356,232.17248963182874,234.95999145507812,26127700,234.95999145507812
2025-09-08,235.7899932861328,238.39999389648438,233.72999572753906,234.16000366210938,23128800,234.16000366210938
2025-09-09,234.19000244140625,240.58999633789062,233.3800048828125,239.94000244140625,22854800,239.94000244140625
2025-09-10,239.25,242.0800018310547,238.11000061035156,239.55999755859375,19990100,239.55999755859375
2025-09-11,240.13999938964844,242.57000732421875,236.5800018310547,240.77999877929688,21308600,240.77999877929688
2025-09-12,240.8000030517578,242.42300415039062,238.5,241.3800048828125,14536600,241.3800048828125
2025-09-15,245.13999938964844,252.75,244.97999572753906,251.75999450683594,29935200,251.75999450683594
2025-09-16,252.3300018310547,253.22999572753906,249.71499633789062,251.4199981689453,24493500,251.4199981689453
2025-09-17,251.4600067138672,251.9499969482422,246.5800018310547,249.85000610351562,20491300,249.85000610351562
2025-09-18,251.86000061035156,254.13999938964844,250.11000061035156,252.3300018310547,21166400,252.3300018310547
2025-09-19,253.39999389648438,256.70001220703125,252.0679931640625,255.24000549316406,41616800,255.24000549316406
2025-09-22,254.77999877929688,256.30999755859375,250.80999755859375,252.8800048828125,20079000,252.8800048828125
2025-09-23,253.65499877929688,254.77000427246094,251.08999633789062,252.33999633789062,17521100,252.33999633789062
2025-09-24,252.14999389648438,252.9600067138672,247.22000122070312,247.8300018310547,16958500,247.8300018310547
2025-09-25,244.83999633789062,247.31500244140625,241.64999389648438,246.57000732421875,17379800,246.57000732421875
2025-09-26,247.78500366210938,250.1199951171875,246.63999938964844,247.17999267578125,16594600,247.17999267578125
2025-09-29,248.27499389648438,251.6479949951172,243.1999969482422,244.36000061035156,23157200,244.36000061035156
2025-09-30,243.05999755859375,243.6750030517578,239.5709991455078,243.5500030517578,22541200,243.5500030517578
2025-10-01,241.17999267578125,247.14999389648438,239.1999969482422,245.5399932861328,23967700,245.5399932861328
2025-10-02,245.63999938964844,247.63499450683594,243.10499572753906,246.42999267578125,20657500,246.42999267578125
2025-10-03,245.22999572753906,247.1179962158203,242.47000122070312,246.4499969482422,19941400,246.4499969482422
2025-10-06,245.77999877929688,252.1999969482422,245.69000244140625,251.50999450683594,18309000,251.50999450683594
2025-10-07,248.92999267578125,251.5500030517578,246.80999755859375,247.1300048828125,13811200,247.1300048828125
2025-10-08,246.1999969482422,247.25999450683594,245.08999633789062,245.4600067138672,14136500,245.4600067138672
2025-10-09,245.05999755859375,245.55499267578125,239.67999267578125,242.2100067138672,19375700,242.2100067138672
2025-10-10,242.16000366210938,244.83999633789062,236.68499755859375,237.49000549316406,22449100,237.49000549316406
2025-10-13,241.02999877929688,244.99000549316406,240.75,244.63999938964844,12465000,244.63999938964844
2025-10-14,241.7550048828125,248.02499389648438,241.17799377441406,246.19000244140625,17705400,246.19000244140625
2025-10-15,248.0850067138672,252.75999450683594,246.7899932861328,251.7100067138672,16048100,251.7100067138672
2025-10-16,252.46499633789062,257.5799865722656,250.6699981689453,251.8800048828125,18946000,251.8800048828125
2025-10-17,251.35000610351562,254.8800048828125,248.58999633789062,253.7899932861328,17653800,253.7899932861328
2025-10-20,255.22999572753906,257.8800048828125,254.60000610351562,257.0199890136719,13726800,257.0199890136719
2025-10-21,255.25,255.3800048828125,244.6699981689453,251.33999633789062,27836400,251.33999633789062
2025-10-22,255.00999450683594,257.17999267578125,250.4510040283203,252.52999877929688,19650200,252.52999877929688
2025-10-23,253.6999969482422,255.86000061035156,252.76800537109375,253.72999572753906,13241300,253.72999572753906
2025-10-24,257.29998779296875,262.510009765625,256.1000061035156,260.510009765625,18406000,260.510009765625
2025-10-27,265.3599853515625,270.79998779296875,264.94000244140625,269.92999267578125,22987700,269.92999267578125
2025-10-28,270.20001220703125,271.3800048828125,267.1700134277344,268.42999267578125,20101200,268.42999267578125
2025-10-29,268.6099853515625,275.9700012207031,268.42999267578125,275.1700134277344,26287900,275.1700134277344
2025-10-30,291.7200012207031,291.92999267578125,280.45001220703125,281.8999938964844,48570000,281.8999938964844
2025-10-31,283.2049865722656,286.2850036621094,277.52301025390625,281.82000732421875,29932800,281.82000732421875
2025-11-03,282.4200134277344,285.94000244140625,280.3699951171875,284.1199951171875,19691800,284.1199951171875
2025-11-04,277.06500244140625,281.8340148925781,276.864990234375,278.05999755859375,18123700,278.05999755859375
2025-11-05,279.3800048828125,286.70001220703125,277.8800048828125,284.75,20063200,284.75
2025-11-06,285.7349853515625,288.80999755859375,281.6199951171875,285.3399963378906,23103800,285.3399963378906
2025-11-07,284.2099914550781,284.5,275.739990234375,279.70001220703125,21991100,279.70001220703125
2025-11-10,285.2650146484375,291.4599914550781,283.5400085449219,290.5899963378906,19508200,290.5899963378906
2025-11-11,288.20001220703125,292.3399963378906,287.8800048828125,291.739990234375,14156700,291.739990234375
2025-11-12,292.0849914550781,292.3599853515625,284.3800048828125,287.42999267578125,16998800,287.42999267578125
2025-11-13,282.9849853515625,283.510009765625,278.0,279.1199951171875,18060200,279.1199951171875
2025-11-14,271.8949890136719,279.1499938964844,271.4100036621094,276.9800109863281,18330500,276.9800109863281
2025-11-17,286.3999938964844,294.5199890136719,284.2300109863281,285.6000061035156,34286100,285.6000061035156
2025-11-18,288.4849853515625,289.43499755859375,279.010009765625,284.9599914550781,29702200,284.9599914550781
2025-11-19,287.68499755859375,304.25,287.6700134277344,292.989990234375,43123600,292.989990234375
2025-11-20,304.739990234375,306.8900146484375,289.1700134277344,289.9800109863281,34801400,289.9800109863281
2025-11-21,296.8699951171875,303.9599914550781,294.3599853515625,299.6499938964844,43670600,299.6499938964844
2025-11-24,311.010009765625,319.79998779296875,309.3999938964844,318.4700012207031,55311800,318.4700012207031
2025-11-25,326.79998779296875,328.6700134277344,317.8160095214844,323.6400146484375,50899300,323.6400146484375
2025-11-26,320.7799987792969,324.989990234375,317.20001220703125,320.2799987792969,29839600,320.2799987792969
2025-11-28,323.42999267578125,326.8800048828125,316.94000244140625,320.1199951171875,19695800,320.1199951171875
2025-12-01,317.4750061035156,319.6300048828125,313.9800109863281,315.1199951171875,28520600,315.1199951171875
2025-12-02,316.8999938964844,318.6000061035156,314.2200012207031,316.0199890136719,24668200,316.0199890136719
2025-12-03,316.0299987792969,322.0400085449219,314.2799987792969,320.6199951171875,32285100,320.6199951171875
2025-12-04,323.0450134277344,323.0989990234375,315.5899963378906,318.3900146484375,20831600,318.3900146484375
2025-12-05,320.0,323.8299865722656,319.9800109863281,322.0899963378906,15693700,322.0899963378906
