Date,Open,High,Low,Close,Adj Close,Volume
2012-05-18,41.792356181854956,44.724282100009326,37.767171551118984,37.99576187133789,573576400,37.99576187133789
2012-05-21,36.30618150999695,36.43538606880356,32.79781083674485,33.82149887084961,168192700,33.82149887084961
2012-05-22,32.4102025271521,33.384197714086056,30.75043436769169,30.81006622314453,101786600,30.81006622314453
2012-05-23,31.17779871843652,32.300874441862106,31.167859760359534,31.803937911987305,73600000,31.803937911987305
2012-05-24,32.748121208461704,33.00652656052296,31.57535058250828,32.82762908935547,50237200,32.82762908935547
2012-05-25,32.698424974228445,32.74811786863476,30.91939129867887,31.714488983154297,37149800,31.714488983154297
2012-05-29,31.287123865151255,31.495838196106117,28.474463145999607,28.663299560546875,78063400,28.663299560546875
2012-05-30,28.524157981165423,29.36894857750882,27.689304447378756,28.017282485961914,57267900,28.017282485961914
2012-05-31,28.375074225988154,29.48821285280686,26.66561329816687,29.418642044067383,111639200,29.418642044067383
2012-06-01,28.7129929523706,28.971400183150042,27.222183317947824,27.550161361694336,41855500,27.550161361694336
2012-06-04,27.03334675762239,27.480588476832004,26.278003038984394,26.735183715820312,35230300,26.735183715820312
2012-06-05,26.536410899697024,27.5899157902568,25.592230754377372,25.711496353149414,42473400,25.711496353149414
2012-06-06,25.91026898928395,27.00352967612063,25.363639593696767,26.645734786987305,61489200,26.645734786987305
2012-06-07,26.83457088678374,27.182426814448583,25.989778461215497,26.1487979888916,26159500,26.1487979888916
2012-06-08,26.387326778887044,27.589914066701247,26.27800204047649,26.933958053588867,38034000,26.933958053588867
2012-06-11,27.013469524694642,27.898015923492387,26.675552539514346,26.844511032104492,28219600,26.844511032104492
2012-06-12,27.31163028011302,27.599854367366138,26.79481585200131,27.232120513916016,15816800,27.232120513916016
2012-06-13,27.49053044377129,27.927835148887485,26.93396202540866,27.102920532226562,17102800,27.102920532226562
2012-06-14,27.48058867806695,28.146483678606778,27.212242507178736,28.116668701171875,16855000,28.116668701171875
2012-06-15,28.335318553540493,29.915576724780884,28.17629903026644,29.826128005981445,43563800,29.826128005981445
2012-06-18,29.776437331153133,31.883451044587748,29.229807881387792,31.217554092407227,42978900,31.217554092407227
2012-06-19,31.346757014957813,31.982835162538155,30.51190349842741,31.714488983154297,30849000,31.714488983154297
2012-06-20,31.72443024064134,31.734369199375486,30.959147479074954,31.406391143798828,15553600,31.406391143798828
2012-06-21,31.475958048262193,32.300872564072,31.316938519599745,31.644916534423828,21875300,31.644916534423828
2012-06-22,32.21142925526601,33.24505826093217,31.86357516265012,32.84750747680664,74834000,32.84750747680664
2012-06-25,32.65867079915664,32.8176903441198,31.356695668234792,31.86357307434082,24352900,31.86357307434082
2012-06-26,32.489706141180015,33.23511087135874,32.30087164107823,32.897193908691406,24858700,32.897193908691406
2012-06-27,32.261122111880866,32.698428732093404,31.704553668784474,32.03253173828125,28568000,32.03253173828125
2012-06-28,31.764180411787077,31.99277074856755,30.71067555455603,31.167858123779297,17713300,31.167858123779297
2012-06-29,31.724428041433136,31.793998852086812,30.571535447468847,30.909452438354492,19526900,30.909452438354492
2012-07-02,31.058534851914246,31.535593492280643,30.362822912966354,30.58147621154785,14122000,30.58147621154785
2012-07-03,30.720616460521782,31.24736987037704,30.611289816144055,31.008840560913086,8763600,31.008840560913086
2012-07-05,31.128102957532953,31.436203065663843,30.829941807169174,31.277183532714844,10032100,31.277183532714844
2012-07-06,31.24736703952227,31.704547700660964,31.068469599715907,31.53558921813965,10945600,31.53558921813965
2012-07-09,31.903325760560957,32.67854937530161,31.794001005982825,31.972896575927734,17785200,31.972896575927734
2012-07-10,32.23130262607119,32.28099551924437,30.969083424583957,31.277183532714844,14269500,31.277183532714844
2012-07-11,31.287126079611383,31.366635855206912,30.362823753524225,30.780250549316406,13030300,30.780250549316406
2012-07-12,30.511904421618752,31.207614442669076,30.412516734136574,30.62122917175293,11300700,30.62122917175293
2012-07-13,30.849821219915533,30.879636199001485,30.372760702253345,30.531780242919922,8108300,30.531780242919922
2012-07-16,30.313128209747045,30.313128209747045,28.037158001457914,28.076913833618164,24672100,28.076913833618164
2012-07-17,28.30550424958532,28.41483089262636,26.983653157678532,27.91789436340332,30438600,27.91789436340332
2012-07-18,28.136546735160355,29.110543807111707,27.977527191915744,28.9316463470459,16841800,28.9316463470459
2012-07-19,29.229806837819492,29.31925556577485,28.454585160760526,28.82231903076172,13685100,28.82231903076172
2012-07-20,28.822319135634174,29.289438797807694,28.544033992575777,28.583789825439453,11869100,28.583789825439453
2012-07-23,27.947709569018386,28.822316974142325,27.83838293250453,28.573848724365234,12390700,28.573848724365234
2012-07-24,28.643423991447655,29.269565139961625,27.92783600309429,28.275691986083984,11539800,28.275691986083984
2012-07-25,28.21605432749871,29.30931502461363,27.907954223216386,29.160234451293945,17230200,29.160234451293945
2012-07-26,27.57997494944461,28.05703352063822,26.566224063911488,26.685489654541016,64597400,26.685489654541016
2012-07-27,23.047915266908458,24.389644188247303,22.143490993814915,23.564727783203125,123102300,23.564727783203125
2012-07-30,23.85295206902839,23.89270789906135,22.888895938676928,23.008159637451172,29285900,23.008159637451172
2012-07-31,23.22681551956962,23.22681551956962,21.477598610599255,21.576984405517578,56179400,21.576984405517578
2012-08-01,21.36827162874517,21.447781400839585,20.712315535050646,20.7520694732666,44604400,20.7520694732666
2012-08-02,20.642744141578195,20.71231495324877,19.698563965774063,19.917217254638672,56374500,19.917217254638672
2012-08-03,20.23525796663534,22.02422888067099,19.778075331302837,20.960784912109375,80647000,20.960784912109375
2012-08-06,21.25894452344056,22.01428828990276,21.169495794802774,21.78569793701172,27778900,21.78569793701172
2012-08-07,22.063981591988036,22.31244984462005,20.374396715825387,20.593048095703125,36782900,20.593048095703125
2012-08-08,20.583109138118367,21.020413793536168,20.096111590439094,20.593048095703125,29537400,20.593048095703125
2012-08-09,20.622866045935602,21.040292807993083,20.483724423803913,20.88127326965332,15610700,20.88127326965332
2012-08-10,21.278821781125256,21.686309578675395,21.000536645572456,21.67637062072754,25794700,21.67637062072754
2012-08-13,22.01428647867938,22.312449514828163,21.268881731800878,21.4676570892334,24973100,21.4676570892334
2012-08-14,21.278820633281843,21.467657032779925,20.1259281127945,20.255130767822266,39308800,20.255130767822266
2012-08-15,20.5135381673552,21.278820834327465,20.275008874207153,21.07010841369629,47861100,21.07010841369629
2012-08-16,20.314763971089306,20.35451790401481,19.569359246029233,19.74825668334961,157565300,19.74825668334961
2012-08-17,19.887402067104826,19.95697288467706,18.883589952667716,18.93328285217285,129293400,18.93328285217285
2012-08-20,18.933278757525937,20.006661457397826,18.635117633652378,19.88739776611328,101186600,19.88739776611328
2012-08-21,19.46003308575919,19.857581902981902,18.973035547703578,19.042606353759766,70640600,19.042606353759766
2012-08-22,19.241380667499882,19.410339142621357,18.8438299761584,19.320890426635742,49892200,19.320890426635742
2012-08-23,19.380522272072092,19.609112592629913,19.241380667499882,19.320890426635742,32813700,19.320890426635742
2012-08-24,19.40040138927482,19.55942091741131,19.132055224671127,19.291074752807617,29622200,19.291074752807617
2012-08-27,19.370588006818597,19.410343843846565,18.98297807410913,19.032670974731445,20704000,19.032670974731445
2012-08-28,18.982976799609183,19.261260057470693,18.833896212088728,19.221506118774414,25417000,19.221506118774414
2012-08-29,19.20162638743123,19.26125823767291,18.953158133151504,18.982975006103516,16124700,18.982975006103516
2012-08-30,19.151935181872442,19.33083264401832,18.94322084414808,18.973037719726562,30647500,18.973037719726562
2012-08-31,18.565552605901527,18.58543052585267,17.919535372791735,17.949350357055664,58764200,17.949350357055664
2012-09-04,17.969226293650927,18.158062721018343,17.442472847062895,17.621370315551758,46622400,17.621370315551758
2012-09-05,18.158063479794297,18.635122151924527,18.068614741812045,18.466163635253906,60781800,18.466163635253906
2012-09-06,18.62518251383129,19.1419970043016,18.60530459596799,18.843833923339844,46066500,18.843833923339844
2012-09-07,18.982976005869375,19.301015084791437,18.664936926947313,18.863710403442383,36371700,18.863710403442383
2012-09-10,18.943220004657288,19.082363522194726,18.436344516260913,18.694751739501953,24797800,18.694751739501953
2012-09-11,18.804077671047658,19.460033714576802,18.73450686274341,19.31095314025879,50508200,19.31095314025879
2012-09-12,20.63280503782543,21.030353884325816,20.155746422024972,20.8017635345459,121584000,20.8017635345459
2012-09-13,20.831577151758992,21.348391566263363,20.483723118594803,20.58310890197754,65041600,20.58310890197754
2012-09-14,21.000533598059768,21.944713613804197,20.771943285418356,21.865203857421875,72819800,21.865203857421875
2012-09-17,22.531102931017436,22.61061270205531,21.368271344799524,21.38814926147461,50667600,21.38814926147461
2012-09-18,21.467657704209987,21.845328619356025,21.23906736357785,21.736003875732422,36760500,21.736003875732422
2012-09-19,21.855268416299868,23.226814304083447,21.6366170249943,23.14730453491211,78782800,23.14730453491211
2012-09-20,22.878957190145513,23.09760857033701,22.40189859936644,22.45159149169922,57248900,22.45159149169922
2012-09-21,22.829263023438045,23.097609198927564,22.46153106057823,22.719938278198242,51218100,22.719938278198242
2012-09-24,21.646554585264386,21.845328047525644,20.235254851861548,20.662620544433594,79106500,20.662620544433594
2012-09-25,21.070109756463996,21.080046818940584,20.096112711126818,20.155746459960938,46291700,20.155746459960938
2012-09-26,20.02654036213793,20.652681407182772,19.67868443663105,20.493661880493164,38271900,20.493661880493164
2012-09-27,20.86139638821565,20.871335346812682,20.036481781287172,20.19550132751465,30215900,20.19550132751465
2012-09-28,20.443970367730234,21.815516374660064,20.3743995506195,21.527292251586914,65486000,21.527292251586914
2012-10-01,21.944717205923247,22.451592696704026,21.59686125393694,21.855268478393555,51262700,21.855268478393555
2012-10-02,21.94471803826395,22.352205858838175,21.68631080400621,22.133554458618164,29341400,22.133554458618164
2012-10-03,22.163366719492377,22.352203116680226,21.6664302289597,21.696247100830078,32000100,21.696247100830078
2012-10-04,22.18324750724032,22.262757280197143,21.278823128983056,21.815515518188477,46892100,21.815515518188477
2012-10-05,21.358333395620008,21.497475027594955,20.752070178021917,20.78188705444336,40529300,20.78188705444336
2012-10-08,20.275009155273438,20.62286509014326,20.03647985881873,20.275009155273438,32236700,20.275009155273438
2012-10-09,20.265070020916145,20.42408955049928,19.847643281844835,20.106050491333008,27161800,20.106050491333008
2012-10-10,19.80789077468139,19.81782973295435,19.33083215155407,19.51966667175293,39321800,19.51966667175293
2012-10-11,19.75819473877373,19.837704504286734,19.489850464956305,19.628992080688477,21817300,19.628992080688477
2012-10-12,19.628992411840336,19.678685305250934,19.36064623783342,19.400402069091797,18809400,19.400402069091797
2012-10-15,19.55942160280055,19.75819507210531,19.370585195648015,19.400402069091797,20189700,19.400402069091797
2012-10-16,19.55942257639955,19.56936153470887,19.18174974329526,19.360647201538086,21834700,19.360647201538086
2012-10-17,19.38052494304578,20.354520100609093,19.25132227751695,19.758195877075195,44074500,19.758195877075195
2012-10-18,19.57930022667946,19.668748954584096,18.774261675537748,18.863710403442383,52157400,18.863710403442383
2012-10-19,18.883588790893555,18.943220645763514,18.68481341377705,18.883588790893555,34835000,18.883588790893555
2012-10-22,19.082365917994654,19.31095629567821,18.93328342365414,19.201629638671875,32447300,19.201629638671875
2012-10-23,19.1320554293119,19.678684826170166,18.98297485704713,19.380523681640625,78381200,19.380523681640625
2012-10-24,23.982154694879675,24.1014202891649,22.709998466036293,23.087669372558594,228949900,23.087669372558594
2012-10-25,23.14730262703052,23.167178645938282,22.33232519061958,22.42177391052246,76142000,22.42177391052246
2012-10-26,22.262757040118803,22.73981567271519,21.74594257364147,21.80557632446289,73175800,21.80557632446289
2012-10-31,20.69243728817626,21.36827128803403,20.602988559038472,20.980661392211914,99378200,20.980661392211914
2012-11-01,20.950846833764984,21.308641789876706,20.88127601355719,21.080049514770508,37713900,21.080049514770508
2012-11-02,21.129743617949252,21.557109380234667,20.940907186684452,21.050233840942383,38344400,21.050233840942383
2012-11-05,20.970723789346213,21.348394751268,20.79182631950757,21.11980438232422,31806700,21.11980438232422
2012-11-06,21.109865464364127,21.239070035348536,20.861397177030753,21.040294647216797,29062700,21.040294647216797
2012-11-07,20.72225444226509,20.8216421310529,20.245195810878588,20.344581604003906,33396800,20.344581604003906
2012-11-08,20.394274664904902,20.602987087544907,19.857582328409457,19.867521286010742,34254600,19.867521286010742
2012-11-09,19.83770520388434,19.877461035874042,19.012790646722063,19.092300415039062,42295500,19.092300415039062
2012-11-12,19.032665955545966,20.04641678446686,18.754382752388018,19.94702911376953,67349200,19.94702911376953
2012-11-13,19.489851134254117,19.986787659691196,19.440156344312967,19.738319396972656,71775100,19.738319396972656
2012-11-14,19.97685164177,22.362146935788207,19.80789312242865,22.223005294799805,229751000,22.223005294799805
2012-11-15,22.203124836073695,22.362144377773753,21.517351877703142,22.03416633605957,78857700,22.03416633605957
2012-11-16,22.113674398741928,23.78338135327875,22.044103591579947,23.415647506713867,107182200,23.415647506713867
2012-11-19,23.81319857170259,23.972220011749624,22.680183844047164,22.779571533203125,85021300,22.779571533203125
2012-11-20,22.59073174974697,23.75356317970922,22.560916774403204,22.958465576171875,46655300,22.958465576171875
2012-11-21,23.077731180416905,24.37970622058841,22.908772688712485,24.170991897583008,89862400,24.170991897583008
2012-11-23,24.42939924445803,24.528786927578643,23.733687358276104,23.85295295715332,29520900,23.85295295715332
2012-11-26,24.787193865859475,25.93014746969954,24.657989310561224,25.78106689453125,123865000,25.78106689453125
2012-11-27,25.880453777946666,26.33763444711068,25.30400561926843,25.989778518676758,85760600,25.989778518676758
2012-11-28,25.78106532767162,26.32769470195442,25.592228932915166,26.1984920501709,49205600,26.1984920501709
2012-11-29,26.337638900641096,27.351389984983296,25.999721872527033,27.15261459350586,88759700,27.15261459350586
2012-11-30,27.092981461076306,27.828447341918945,26.596044901399182,27.828447341918945,127049600,27.828447341918945
2012-12-03,27.82844387161287,28.70305127348643,26.814692961330877,26.874326705932617,123526100,26.874326705932617
2012-12-04,26.89420303791536,27.589914901061686,26.516532129356882,27.291751861572266,72869200,27.291751861572266
2012-12-05,27.579978001131607,27.729058584167394,27.09298041886139,27.54022216796875,58976300,27.54022216796875
2012-12-06,27.510405076359415,27.57997588338992,26.655673685613586,26.80475425720215,46001500,26.80475425720215
2012-12-07,26.904144571376197,27.609795459633602,26.6755542128451,27.321571350097656,51751900,27.321571350097656
2012-12-10,27.003530942605455,27.997403996222644,26.933960132158237,27.66942596435547,50608500,27.66942596435547
2012-12-11,27.898015771866735,28.066974263538594,27.490527979422083,27.80856704711914,77099100,27.80856704711914
2012-12-12,27.828447060667173,27.967588689358504,27.202307835893667,27.411020278930664,46704200,27.411020278930664
2012-12-13,27.4209575380126,28.57385012170492,27.261938002031755,28.066974639892578,81051600,28.066974639892578
2012-12-14,28.007341640673978,28.156422212592087,26.596041894902044,26.645734786987305,91631600,26.645734786987305
2012-12-17,26.605981354805408,26.8345716957734,26.158737734944243,26.586103439331055,57742500,26.586103439331055
2012-12-18,26.794817357127354,27.738997542458108,26.735185503045532,27.54022216796875,60512900,27.54022216796875
2012-12-19,27.659488394282263,28.047098298031113,26.784880897303132,27.242061614990234,61390300,27.242061614990234
2012-12-20,27.32157021754063,27.43089686085512,26.96377530899314,27.192367553710938,35574800,27.192367553710938
2012-12-21,26.496656601788345,26.844512564705706,25.95996611540762,26.09910774230957,54555200,26.09910774230957
2012-12-24,26.337633709174735,26.794814365529323,26.039472576392374,26.764999389648438,28230100,26.764999389648438
2012-12-26,26.864388664199566,27.013469239460882,26.218369678629912,26.34757423400879,33175400,26.34757423400879
2012-12-27,26.387330774521388,26.635799056374367,25.363642666511147,25.89039421081543,43481700,25.89039421081543
2012-12-28,25.323885495161967,25.950026593961205,24.99590745624985,25.751251220703125,56574800,25.751251220703125
2012-12-31,26.03947479149109,26.824633518962234,25.950026064914802,26.45690155029297,60374500,26.45690155029297
2013-01-02,27.271878925866076,28.007344806708716,27.252001008519983,27.828447341918945,69846400,27.828447341918945
2013-01-03,27.70918208579063,28.295567385317753,27.420959863258048,27.599857330322266,63140600,27.599857330322266
2013-01-04,27.838385020207536,28.752748323785188,27.659487563645882,28.583789825439453,72715400,28.583789825439453
2013-01-07,28.51421920020171,29.607479967495856,28.47446336707785,29.23974609375,83781800,29.23974609375
2013-01-08,29.329194010362958,29.418642736751956,28.683176905290956,28.88195037841797,45871300,28.88195037841797
2013-01-09,29.488213173868207,30.41251540441311,29.309315723354693,30.402576446533203,104787700,30.402576446533203
2013-01-10,30.41251488991216,31.25730733878851,30.094475825785146,31.108224868774414,95316400,31.108224868774414
2013-01-11,31.08834916201638,31.76418123225951,30.909451712728178,31.525651931762695,89598000,31.525651931762695
2013-01-14,31.88344978841417,32.01265055728605,30.432394125795508,30.760372161865234,98892800,30.760372161865234
2013-01-15,30.452271238850432,31.515715154690806,29.69692745384641,29.91558074951172,173242600,29.91558074951172
2013-01-16,30.02490344629376,30.16404696009987,29.34907137555105,29.667110443115234,75332700,29.667110443115234
2013-01-17,29.895701856329097,30.233618851630126,29.84600896111642,29.955333709716797,40256700,29.955333709716797
2013-01-18,30.12429436885103,30.2534989387346,29.090667288095336,29.4782772064209,49631500,29.4782772064209
2013-01-22,29.567724268637612,30.700738978538123,29.557785310311516,30.541719436645508,55243300,30.541719436645508
2013-01-23,30.909453513434844,31.307002370756397,30.611290448696817,30.631168365478516,48899800,30.631168365478516
2013-01-24,31.078412378563673,31.29706377873448,30.621229765545166,30.889575958251953,43845100,30.889575958251953
2013-01-25,31.217555226162872,31.73436971475654,30.939270064074922,31.346759796142578,54363600,31.346759796142578
2013-01-28,31.684673764137592,32.31081298641009,31.615102950069815,32.271060943603516,59682500,32.271060943603516
2013-01-29,31.80393819472028,31.87350900621524,30.52184102632765,30.60135269165039,72976500,30.60135269165039
2013-01-30,30.790186303413474,31.29706178095009,30.690798620348225,31.048593521118164,87682100,31.048593521118164
2013-01-31,28.97140015903781,31.27718542171998,28.563912344287726,30.79018783569336,190744900,30.79018783569336
2013-02-01,30.82000404923394,30.829943007387975,29.448458154576194,29.5478458404541,85856700,29.5478458404541
2013-02-04,28.881951034909545,29.021094554489856,27.838385064200686,27.937772750854492,92362200,27.937772750854492
2013-02-05,28.08685239357226,28.782562385554336,27.86820100677716,28.464523315429688,47948200,28.464523315429688
2013-02-06,28.563911071680373,29.11054238355721,28.484401303946232,28.872011184692383,38375900,28.872011184692383
2013-02-07,28.931643160019856,28.97139709362059,28.096789702119445,28.47446060180664,34540100,28.47446060180664
2013-02-08,28.71299137009741,28.991276502292827,28.33532045094726,28.37507438659668,37708800,28.37507438659668
2013-02-11,28.434710909986414,28.50428172591271,27.868203528115092,28.086854934692383,37361800,28.086854934692383
2013-02-12,27.500467910033933,27.98746548662967,26.93396056370139,27.202306747436523,93498700,27.202306747436523
2013-02-13,27.19236895957716,28.146486237482485,27.142674166563847,27.738998413085938,50164000,27.738998413085938
2013-02-14,27.848323618443253,28.45458489647794,27.83838466035581,28.325382232666016,35615800,28.325382232666016
2013-02-15,28.345259742575028,28.573850088322633,27.91789402925239,28.146484375,33109300,28.146484375
2013-02-19,28.05703843675606,28.901830989390447,27.94771367982402,28.752750396728516,49396400,28.752750396728516
2013-02-20,28.742808036239424,28.87201069574597,28.156422798257125,28.285625457763672,42098200,28.285625457763672
2013-02-21,28.106732858045756,28.375077163007486,26.983655157208947,27.11285972595215,49642300,27.11285972595215
2013-02-22,27.450773166891352,27.460710228734875,26.65567362738535,26.963773727416992,36350200,26.963773727416992
2013-02-25,26.993593882031877,27.470652526342704,26.983654923317587,27.102920532226562,34652000,27.102920532226562
2013-02-26,27.192366342913996,27.291752128051897,26.5364103035597,27.22218132019043,31611700,27.22218132019043
2013-02-27,27.172487664269557,27.172487664269557,26.466836856507694,26.705368041992188,44319700,26.705368041992188
2013-02-28,26.675554322873975,27.132735041821903,26.178617769758826,27.08304214477539,83027800,27.08304214477539
2013-03-01,26.88426583359078,27.947711612760013,26.64573652384124,27.60979461669922,54064800,27.60979461669922
2013-03-04,27.589917195196932,27.888078363816497,27.271878109826073,27.550161361694336,32400700,27.550161361694336
2013-03-05,27.70918003592287,28.00734309085993,27.043285010924578,27.35138702392578,40622200,27.35138702392578
2013-03-06,27.9278355503068,27.95765053121568,27.182430696983644,27.281818389892578,33532600,27.281818389892578
2013-03-07,27.40107995008975,28.50427965286673,27.301692264996454,28.404891967773438,74540200,28.404891967773438
2013-03-08,28.25581019112167,28.295564126077664,27.56009832059958,27.78868865966797,44198900,27.78868865966797
2013-03-11,27.838383857249415,28.46452303339557,27.659486408161264,27.967586517333984,35642100,27.967586517333984
2013-03-12,27.927834873632,28.146486276203806,27.430898316790373,27.659488677978516,27569600,27.659488677978516
2013-03-13,27.4507739195427,27.48058889721537,26.755062040357558,26.914081573486328,39619500,26.914081573486328
2013-03-14,26.933958554872056,27.26193656753243,26.665612391151125,26.874326705932617,27646400,26.874326705932617
2013-03-15,26.8643881218497,26.894203098902626,26.397266594289025,26.48671531677246,31597400,26.48671531677246
2013-03-18,26.208435944168027,26.62586274529723,25.62205063078028,26.327699661254883,26653700,26.327699661254883
2013-03-19,26.367453080977942,26.735185053235085,26.04941210801341,26.3873291015625,25254200,26.3873291015625
2013-03-20,26.516536676281326,26.526475635534823,25.62205119575577,25.701560974121094,44006500,25.701560974121094
2013-03-21,25.50278278710592,25.950026426214293,25.403395101119347,25.582292556762695,24336100,25.582292556762695
2013-03-22,25.641924173888125,25.8506385021036,25.472965677966048,25.57235336303711,18456300,25.57235336303711
2013-03-25,25.59223251028416,25.64192540737893,24.926337452636673,24.976030349731445,39199000,24.976030349731445
2013-03-26,24.926335517675962,25.32388435056107,24.87664262443871,25.055538177490234,26957200,25.055538177490234
2013-03-27,24.84682908591871,26.11898741755629,24.568543917717875,25.930150985717773,52297400,25.930150985717773
2013-03-28,25.930148580360843,26.009658350233718,25.363641233058807,25.42327308654785,28585700,25.42327308654785
2013-04-01,25.47296481129578,25.73137202542375,25.125110768875782,25.373579025268555,22249300,25.373579025268555
2013-04-02,25.6121095713576,25.959965526382195,25.144988013364237,25.264253616333008,35153300,25.264253616333008
2013-04-03,25.671738022318042,26.22830633918888,25.54253537391778,26.08916473388672,48195200,26.08916473388672
2013-04-04,26.45690065763174,27.063161911494923,25.950025189355653,26.904142379760742,82016800,26.904142379760742
2013-04-05,26.695429834575144,27.629669105375303,26.446961580405716,27.22218132019043,64566600,27.22218132019043
2013-04-08,27.02340661638539,27.033345573576373,26.46683638766392,26.685489654541016,27256000,26.685489654541016
2013-04-09,26.41714501135562,26.725245119284473,26.258125478510898,26.42708396911621,21311100,26.42708396911621
2013-04-10,26.844510810946915,27.669425351346927,26.735184170859156,27.401079177856445,45949400,27.401079177856445
2013-04-11,27.311631455350703,27.927833591639846,27.083041104655713,27.848323822021484,33368500,27.848323822021484
2013-04-12,27.828444708224733,27.828444708224733,27.073100981522007,27.232120513916016,28697400,27.232120513916016
2013-04-15,26.99359156556345,27.311630634477986,26.198493893277107,26.357513427734375,30275400,26.357513427734375
2013-04-16,26.645733563560174,26.94389658936869,26.238245801051207,26.75506019592285,27365900,26.75506019592285
2013-04-17,26.486716752891212,27.033348075002102,26.228309529001734,26.466838836669922,26440600,26.466838836669922
2013-04-18,26.65567616879552,26.65567616879552,24.995908020321384,25.53260040283203,39059000,25.53260040283203
2013-04-19,25.46302861555512,25.800943711736856,25.174804518415282,25.57235336303711,20380900,25.57235336303711
2013-04-22,25.651864926733232,26.198496285038757,25.54254017160217,25.810884475708008,25687600,25.810884475708008
2013-04-23,26.059349145129325,26.168675780766144,25.61210743651581,25.820819854736328,25191500,25.820819854736328
2013-04-24,25.77112621461096,26.238245824433,25.641921667946793,25.950023651123047,19729900,25.950023651123047
2013-04-25,25.91026851902954,26.238246529561724,25.840697713107907,25.979839324951172,17150000,25.979839324951172
2013-04-26,26.43702141175323,27.45077229728635,26.43702141175323,26.685489654541016,33018000,26.685489654541016
2013-04-29,26.99359089667476,27.242059150065113,26.695429750871273,26.814693450927734,29201100,26.814693450927734
2013-04-30,26.9637772367981,27.679367105054965,26.84451352253033,27.599857330322266,36245700,27.599857330322266
2013-05-01,27.679366788936402,27.748937604075145,27.142674393873175,27.261940002441406,64567600,27.261940002441406
2013-05-02,27.838384235694058,28.84219623926411,27.808567361886567,28.79250144958496,104257000,28.79250144958496
2013-05-03,28.862075896411266,28.891890876355127,27.977527543380766,28.136547088623047,58506400,28.136547088623047
2013-05-06,28.156422909350564,28.28562556936689,27.31163045335962,27.401079177856445,43939400,27.401079177856445
2013-05-07,27.38120055433711,27.679363593505123,26.685490587603052,26.725244522094727,41259100,26.725244522094727
2013-05-08,26.715307144680978,27.132733907675792,26.48671679476207,26.953838348388672,34654900,26.953838348388672
2013-05-09,26.91408064000481,27.381200265411312,26.68549030601837,26.874326705932617,33457200,26.874326705932617
2013-05-10,26.973713584490646,27.13273311856265,26.407206257401324,26.51653289794922,30847100,26.51653289794922
2013-05-13,26.437022599673174,27.16254944625537,26.367451791872462,26.65567398071289,29068800,26.65567398071289
2013-05-14,26.725244932644202,27.11285669995082,26.65567412446829,26.904142379760742,24930300,26.904142379760742
2013-05-15,26.755064161664073,26.824634975966116,26.238249690188145,26.43702507019043,30299800,26.43702507019043
2013-05-16,26.317756053330136,26.387326858618593,25.741309800802863,25.969900131225586,35499100,25.969900131225586
2013-05-17,26.238245296090774,26.437020642804313,26.039471845039433,26.08916473388672,29462700,26.08916473388672
2013-05-20,26.019597716508862,26.029536674856654,25.53260013144178,25.602170944213867,42402900,25.602170944213867
2013-05-21,25.711495229117737,25.920207648266533,25.43321010792371,25.50278091430664,26261300,25.50278091430664
2013-05-22,25.49284359519988,25.69161896535048,24.7673167167763,25.00584602355957,45314500,25.00584602355957
2013-05-23,24.6480506826091,25.373579443951147,24.618235704573905,24.906457901000977,37663100,24.906457901000977
2013-05-24,24.81700874862008,24.81700874862008,23.932462363095784,24.161052703857422,58727900,24.161052703857422
2013-05-28,24.389647698239774,24.389647698239774,23.77344551904802,23.952342987060547,50079700,23.952342987060547
2013-05-29,23.644239829547217,23.664115849053708,23.11748645154747,23.1771183013916,64237800,23.1771183013916
2013-05-30,23.982157039218595,24.62817606994882,23.783383556862177,24.39958381652832,60733200,24.39958381652832
2013-05-31,24.479092723354935,24.797133696076088,24.121299709495087,24.200809478759766,35925000,24.200809478759766
2013-06-03,24.12129749759294,24.17099038795316,23.56472726811476,23.70387077331543,35733800,23.70387077331543
2013-06-04,23.743626512738587,23.783382344580943,23.17711917862181,23.37589454650879,34760800,23.37589454650879
2013-06-05,23.206936789877112,23.56472980951478,22.650368396036605,22.759693145751953,53819700,22.759693145751953
2013-06-06,22.849143512460095,22.94853120668587,22.53110440746769,22.829265594482422,31260700,22.829265594482422
2013-06-07,22.888897311189663,23.25662928273368,22.71993881474277,23.14730453491211,38699200,23.14730453491211
2013-06-10,23.912586800578175,24.449279196736278,23.843015985297505,24.180932998657227,58393000,24.180932998657227
2013-06-11,23.882774353027344,24.200813482704593,23.852957473746574,23.882774353027344,29885900,23.882774353027344
2013-06-12,24.011970891312835,24.111358567808555,23.435524642432362,23.624361038208008,26445800,23.624361038208008
2013-06-13,23.5746633999437,23.683990020428315,23.12742175331596,23.58460235595703,31189300,23.58460235595703
2013-06-14,23.4156491434195,23.743627182724055,23.117487978838067,23.485219955444336,30677100,23.485219955444336
2013-06-17,23.76350660005928,24.101423618947006,23.60448704948418,23.872833251953125,33664500,23.872833251953125
2013-06-18,23.942402779965335,24.53872701036339,23.932463821631412,24.06166648864746,36709100,24.06166648864746
2013-06-19,24.051727960171885,25.035662027315865,23.952340278552192,24.161052703857422,31790600,24.161052703857422
2013-06-20,24.131235706658927,24.59835530681459,23.505094691823725,23.753562927246094,42765600,23.753562927246094
2013-06-21,24.439339190444173,24.54866583586328,23.902646817291252,24.37970733642578,45833900,24.37970733642578
2013-06-24,23.803256751295137,23.962276263896232,23.23674760503385,23.793317794799805,40626000,23.793317794799805
2013-06-25,23.992096613268078,24.280320729224428,23.892710817371107,24.101423263549805,24713200,24.101423263549805
2013-06-26,24.35983223948445,24.498973880186984,23.843017723071203,24.01197624206543,29890300,24.01197624206543
2013-06-27,24.09148434411189,24.68780859877884,24.06166746789665,24.5089111328125,34694100,24.5089111328125
2013-06-28,24.528788467624704,24.82694964004429,24.270381233551895,24.727561950683594,96778900,24.727561950683594
2013-07-01,24.817010955771046,24.906459687617833,24.46915688265856,24.657991409301758,20582200,24.657991409301758
2013-07-02,24.54866298877669,24.6182337930066,24.15111228632768,24.260438919067383,18394100,24.260438919067383
2013-07-03,24.07160508416397,24.55860266121112,24.002034272537585,24.369768142700195,10404400,24.369768142700195
2013-07-05,24.498971116220176,24.508910074529428,24.05172936627856,24.220687866210938,20229500,24.220687866210938
2013-07-08,24.32007397123607,24.886583228185717,24.270381074712194,24.558603286743164,27064600,24.558603286743164
2013-07-09,24.916397163453524,25.333823922009937,24.876643227033224,25.323884963989258,30387900,25.323884963989258
2013-07-10,25.423272516090336,25.671740778325645,25.313945874094834,25.641923904418945,26721800,25.641923904418945
2013-07-11,25.80094367772338,25.840699509964363,25.29407008628778,25.65186309814453,26777400,25.65186309814453
2013-07-12,25.58229272213249,25.771129137161424,25.39345630710356,25.751251220703125,16537900,25.751251220703125
2013-07-15,25.77113016057638,26.268066717793317,25.49284500609639,26.118986129760742,24234000,26.118986129760742
2013-07-16,26.228309902067465,26.58610481649016,25.8506389668032,26.15873908996582,30817600,26.15873908996582
2013-07-17,26.20843208741273,26.615919869542896,26.138859384410473,26.48671531677246,21518500,26.48671531677246
2013-07-18,26.586105369718183,26.605983286635848,25.959966152111644,26.01959800720215,24806900,26.01959800720215
2013-07-19,25.66180178745183,25.950025881193163,25.44315039940359,25.721433639526367,46539700,25.721433639526367
2013-07-22,25.830762353956228,25.96990398518188,25.562416154596,25.89039421081543,27526300,25.89039421081543
2013-07-23,25.94008515505183,26.138858613638522,25.81088060609132,25.969900131225586,28221600,25.969900131225586
2013-07-24,26.15873782765786,26.367452149553596,25.89039165479007,26.34757423400879,82635600,26.34757423400879
2013-07-25,33.334503307315266,34.66629335796982,32.54934268082175,34.149478912353516,365457900,34.149478912353516
2013-07-26,33.563089288730424,34.51720639126211,33.35437688342493,33.80161666870117,136028900,33.80161666870117
2013-07-29,33.86125323872062,35.41169650337917,33.80161949308291,35.212921142578125,124718800,35.212921142578125
2013-07-30,35.43157636199315,37.727420720763185,35.10359642998322,37.399444580078125,173582800,37.399444580078125
2013-07-31,37.727420334981566,38.07527817973734,36.1074099817748,36.574527740478516,154828700,36.574527740478516
2013-08-01,37.07145759463464,38.055393412130144,36.69378483938822,37.26029586791992,106066500,37.26029586791992
2013-08-02,37.429257955380905,38.25417438564794,37.27023842309535,37.81686782836914,73058500,37.81686782836914
2013-08-05,38.19454441679184,39.07909088957099,38.01564695136178,38.949886322021484,79994800,38.949886322021484
2013-08-06,38.8703787593901,39.00952039111582,37.70754522464995,38.31380844116211,63950800,38.31380844116211
2013-08-07,38.37344203677709,38.701418197169794,37.46901764293799,38.6318473815918,68854800,38.6318473815918
2013-08-08,38.890256450300946,38.94988641136435,38.19454450440212,38.303871154785156,41301000,38.303871154785156
2013-08-09,38.35356311060567,38.502645592252094,37.77711489231949,38.26411437988281,43532300,38.26411437988281
2013-08-12,37.965958109511874,38.264119319973844,37.86656851180756,37.985836029052734,31161000,37.985836029052734
2013-08-13,38.00570481982136,38.08521268756195,36.54471031075783,36.79317855834961,65379200,36.79317855834961
2013-08-14,36.60434299302216,37.319928947223836,36.395626789694056,36.425445556640625,48423900,36.425445556640625
2013-08-15,36.1372269691324,36.84287596893357,35.79930995930402,36.336002349853516,56521100,36.336002349853516
2013-08-16,36.7434946877054,37.26030922453437,36.67392386460588,36.852821350097656,45840800,36.852821350097656
2013-08-19,37.200665830238115,38.04545634410885,36.9124417570071,37.578338623046875,57609600,37.578338623046875
2013-08-20,38.1150297960666,38.3436239330034,37.45907373738547,38.17466354370117,57995200,38.17466354370117
2013-08-21,38.14484645184966,38.61196417946627,37.916256118904386,38.08521270751953,46116900,38.08521270751953
2013-08-22,38.13491097427901,38.5125838256239,38.10509599357353,38.31380844116211,21931200,38.31380844116211
2013-08-23,38.76105300322043,40.38106730569532,38.69148218575143,40.30155563354492,86442300,40.30155563354492
2013-08-26,40.64940910807273,41.6830341947638,40.371122077022434,41.08671188354492,94162400,41.08671188354492
2013-08-27,40.43075799226921,40.947572458984865,39.17847576371685,39.39712905883789,72695100,39.39712905883789
2013-08-28,39.71517032107396,40.5997168214585,39.635662440248765,40.30155563354492,57918200,40.30155563354492
2013-08-29,40.63946685313228,41.524013227179964,40.55001813040135,41.027076721191406,58303400,41.027076721191406
2013-08-30,41.762548552571644,42.00107597591765,40.80843127653753,41.03702163696289,67735100,41.03702163696289
2013-09-03,41.58364556464567,41.901684614402754,41.25566566196363,41.613460540771484,48774900,41.613460540771484
2013-09-04,41.752607694388175,41.91162724037886,41.186100324838534,41.524017333984375,42581900,41.524017333984375
2013-09-05,41.53395218605752,42.50794723841174,41.51407427176566,42.39862060546875,50035400,42.39862060546875
2013-09-06,42.825986113740875,44.3366734719807,42.14021513436518,43.68071746826172,117535700,43.68071746826172
2013-09-09,44.088207364585344,44.51557306252452,43.43225132912691,43.77016830444336,75794700,43.77016830444336
2013-09-10,43.9689409110773,43.98881503368238,42.96512710992199,43.33285903930664,54540300,43.33285903930664
2013-09-11,43.124146219931006,44.813730974626466,42.8458630102133,44.7640380859375,72328300,44.7640380859375
2013-09-12,45.251038393648294,45.3404871190904,44.376432846352984,44.4758186340332,68072300,44.4758186340332
2013-09-13,44.764040005269045,44.80379583445457,43.66084038898039,44.03851318359375,52765300,44.03851318359375
2013-09-16,44.57520535520191,44.664654082517245,42.17003436278386,42.249542236328125,70424200,42.249542236328125
2013-09-17,42.239607764140494,45.16159338341812,42.17003694877615,44.793861389160156,91934600,44.793861389160156
2013-09-18,44.56527094835292,45.19141207687133,44.127968139488914,44.952880859375,79317000,44.952880859375
2013-09-19,45.23116636010703,45.7678587825559,44.95288308535219,45.69828796386719,63972400,45.69828796386719
2013-09-20,46.03620213477465,47.308358501877564,45.459757702678026,47.19903564453125,115508400,47.19903564453125
2013-09-23,46.99031618754362,47.25866236369987,46.00638399962881,46.9008674621582,75177000,46.9008674621582
2013-09-24,48.212778605966705,49.355734097249666,47.86492456496304,48.15314865112305,136716100,48.15314865112305
2013-09-25,48.928372986942286,49.23647501740918,48.16309023358263,49.15696334838867,87879700,49.15696334838867
2013-09-26,49.7035916593444,50.28997693523737,49.196718050641984,50.08126449584961,98220100,50.08126449584961
2013-09-27,49.98187576804865,50.96580794813904,49.554510060308466,50.926055908203125,81410500,50.926055908203125
2013-09-30,49.83279248771512,51.28384618325626,49.494875510133305,49.9222412109375,100095000,49.9222412109375
2013-10-01,49.66383652452047,50.71733950991924,49.147022093938645,50.11107635498047,98114000,50.11107635498047
2013-10-02,49.82285659090951,50.78691086226924,49.64395914028095,49.9719352722168,62834000,49.9719352722168
2013-10-03,50.16077843955908,50.40924672381871,48.759417467987745,48.87868118286133,82045000,48.87868118286133
2013-10-04,49.46506047739572,50.846543363473884,49.26628511586602,50.72727966308594,74447000,50.72727966308594
2013-10-07,50.4191807284353,50.9757510162908,50.09120458459762,50.21046829223633,57204000,50.21046829223633
2013-10-08,50.289977223451366,50.289977223451366,46.79154725616648,46.85117721557617,136081000,46.85117721557617
2013-10-09,47.08970739676598,47.54688810175281,44.982693746146424,46.48344421386719,147297000,46.48344421386719
2013-10-10,47.576706762867005,49.37561853430837,47.536954718162235,48.74947738647461,99774000,48.74947738647461
2013-10-11,48.878675727956114,49.56444675110298,48.49106585438073,48.809104919433594,58428000,48.809104919433594
2013-10-14,48.01400895451444,49.32592109207621,47.61645821347911,49.2066535949707,68781000,49.2066535949707
2013-10-15,49.683715774578914,50.68752589370265,48.87867723374317,49.19671630859375,81167000,49.19671630859375
2013-10-16,49.733405201295724,50.92605354448577,49.5942635896664,50.826663970947266,64678000,50.826663970947266
2013-10-17,50.80678826090054,51.90005086931664,50.637831665540396,51.89011001586914,71522000,51.89011001586914
2013-10-18,53.84804247716837,54.494061480095695,53.271594284854785,53.88779830932617,88260000,53.88779830932617
2013-10-21,54.3449818064512,54.47418637196165,53.182148299507176,53.52006530761719,58235000,53.52006530761719
2013-10-22,53.99711920997455,54.42448109058776,51.88016876425139,52.35722732543945,83204000,52.35722732543945
2013-10-23,51.432933507991095,51.92987006362386,50.81673324057748,51.58201599121094,57207000,51.58201599121094
2013-10-24,52.05907222462014,52.516252924763315,51.273911593075425,52.12864303588867,46775000,52.12864303588867
2013-10-25,52.85416964693061,52.91380339542202,51.56213542688208,51.63170623779297,45085000,51.63170623779297
2013-10-28,51.224216228657795,51.383235759794836,49.306041001697025,49.9222412109375,73472000,49.9222412109375
2013-10-29,50.41918515198786,50.47881890670167,48.94825332430779,49.09733581542969,102143000,49.09733581542969
2013-10-30,49.69365279030598,49.902365222107306,48.45131147054833,48.709716796875,127073000,48.709716796875
2013-10-31,46.87105090724652,51.68139641778571,46.21509487359684,49.90236282348633,248809000,49.90236282348633
2013-11-01,50.53843770794344,51.77084182722444,49.41536401048649,49.4451789855957,95033000,49.4451789855957
2013-11-04,49.06751620582736,49.44518906325847,47.7257889739072,47.924564361572266,80371000,47.924564361572266
2013-11-05,47.49719701002005,49.872553144969956,47.218909960104234,49.802982330322266,76835000,49.802982330322266
2013-11-06,49.95206075741311,50.14089907444735,48.411558197737925,48.81904602050781,67889000,48.81904602050781
2013-11-07,48.93830737958492,49.564444629485656,47.010191364995045,47.26860046386719,97128000,47.26860046386719
2013-11-08,47.517067984597475,48.35192142971554,46.96049775741061,47.2387809753418,70731000,47.2387809753418
2013-11-11,46.75178458388907,47.238780207351255,45.44980965156112,45.91693115234375,80910000,45.91693115234375
2013-11-12,45.71816155983387,47.079766614284026,45.54920495651391,46.324424743652344,68196000,46.324424743652344
2013-11-13,45.94674786915077,48.4413711969976,45.777791280699766,48.41155242919922,79245000,48.41155242919922
2013-11-14,48.401614338555554,49.26628275983588,47.73571747797452,48.68983840942383,75117000,48.68983840942383
2013-11-15,48.80910637725051,49.17683834632782,48.41155563839813,48.709716796875,42453000,48.709716796875
2013-11-18,48.17302611071899,48.540758063632786,45.519383196867636,45.54920196533203,85910000,45.54920196533203
2013-11-19,45.97656485911622,46.712032572050546,45.43987630246117,46.07595443725586,75602000,46.07595443725586
2013-11-20,46.32442817115584,47.25866756814685,46.02626698414383,46.145530700683594,53933000,46.145530700683594
2013-11-21,46.702099695282094,47.169217484764275,46.40393472546676,46.413875579833984,34886000,46.413875579833984
2013-11-22,46.751789176146694,46.9803795226595,45.67840446244329,45.94675064086914,40545000,45.94675064086914
2013-11-25,46.07595653383621,46.36418063656901,43.77017129462365,44.54539108276367,82565000,44.54539108276367
2013-11-26,44.38637363814279,45.88712038963265,43.28317386210235,45.60883712768555,82016000,45.60883712768555
2013-11-27,45.68834758181531,46.38405571817045,45.25104099173494,46.205162048339844,44993000,46.205162048339844
2013-11-29,46.46356807774225,46.92074880024694,46.21509979925165,46.72197341918945,22953900,46.72197341918945
2013-12-02,46.61264794282096,47.24872609341211,45.97656600090498,46.77166748046875,50774000,46.77166748046875
2013-12-03,46.46356535503828,46.91080898837848,46.00638465932377,46.443687438964844,32086000,46.443687438964844
2013-12-04,46.17533982564391,48.47118787797556,45.976564462404525,48.322105407714844,60890000,48.322105407714844
2013-12-05,47.85498872814011,48.4016181457087,47.57670169688762,48.0438232421875,43855000,48.0438232421875
2013-12-06,48.67990349010172,49.08739130532245,47.41768421092412,47.64627456665039,42938000,47.64627456665039
2013-12-09,47.79535525083864,48.66996459869121,47.4475011989611,48.5407600402832,36056000,48.5407600402832
2013-12-10,48.34197972609954,50.45893017312834,48.24259394753739,49.942115783691406,68479000,49.942115783691406
2013-12-11,50.240283293759205,50.45893658396528,48.709717844966505,49.07745361328125,65776000,49.07745361328125
2013-12-12,50.737219962186536,51.750970958474824,50.349610067702024,51.51244354248047,92723000,51.51244354248047
2013-12-13,51.3434836585628,53.17221029513251,51.025444573187634,52.99331283569336,82641000,52.99331283569336
2013-12-16,52.923742052034854,54.166083414758674,52.585825049720974,53.48031234741211,85119000,53.48031234741211
2013-12-17,54.42449041802384,54.84191910018137,53.90767973165748,54.52388000488281,78751000,54.52388000488281
2013-12-18,54.52387754586418,55.54756560073044,53.42067782509671,55.22952651977539,76003000,55.22952651977539
2013-12-19,53.99712154250003,54.85184913197275,53.6194487434984,54.71270751953125,89753200,54.71270751953125
2013-12-20,54.59344545876147,54.812098737053645,53.89773358437021,54.78227996826172,239824000,54.78227996826172
2013-12-23,55.1599538802642,57.96267555790137,55.11026098638477,57.416046142578125,98297000,57.416046142578125
2013-12-24,57.912987133267215,58.22108916521607,56.5613190840175,57.60488510131836,46617800,57.60488510131836
2013-12-26,57.962678458675725,58.02231220911031,57.018498262415484,57.37629318237305,55101000,57.37629318237305
2013-12-27,57.12782473612163,57.326600112309656,54.911488201238775,55.10032272338867,60466000,55.10032272338867
2013-12-30,54.59344673994117,54.84191500153154,53.10263717039898,53.38092041015625,68307000,53.38092041015625
2013-12-31,53.78840737417987,54.523875085275826,53.57969494759545,54.315162658691406,43076200,54.315162658691406
2014-01-02,54.4940615028709,54.881671388259356,53.85797956205477,54.374794006347656,43195500,54.374794006347656
2014-01-03,54.68290018274933,55.30904131753934,54.195900679840406,54.2257194519043,38246200,54.2257194519043
2014-01-06,54.086567351528565,56.90916684986797,53.71883539962272,56.84953689575195,68852600,56.84953689575195
2014-01-07,57.34647502157128,58.19126558690984,56.869416418533945,57.56512451171875,77207400,57.56512451171875
2014-01-08,57.24709264124429,58.05213126771508,56.87936063270466,57.873233795166016,56682400,57.873233795166016
2014-01-09,58.29065009171837,58.598748280075654,56.30290418975115,56.86941146850586,92253300,56.86941146850586
2014-01-10,56.779968158654064,57.94279780221021,56.71039734876565,57.58500289916992,42449500,57.58500289916992
2014-01-13,57.55519001110856,57.89310701054845,55.04069232756537,55.56744384765625,63010900,55.56744384765625
2014-01-14,56.11407414130855,57.425986325916455,55.75627921981094,57.386234283447266,37503600,57.386234283447266
2014-01-15,57.624754548089506,58.21113975410258,56.919105646828285,57.2470817565918,33663400,57.2470817565918
2014-01-16,56.90916660172618,57.66451220871587,56.48180469756774,56.839595794677734,34541800,56.839595794677734
2014-01-17,56.9489244626233,57.46573889864444,55.72646107776216,55.95505142211914,40849200,55.95505142211914
2014-01-21,56.253214718003186,58.22108674949942,56.15382892669829,58.151512145996094,48669200,58.151512145996094
2014-01-22,58.48942471079812,58.94660917359092,56.75014695552499,57.15763473510742,61352900,57.15763473510742
2014-01-23,56.02462614659001,56.33272817555306,55.34879212851463,56.28303527832031,47951800,56.28303527832031
2014-01-24,55.8059752307791,56.07431762732227,54.06669733229404,54.116390228271484,55200700,54.116390228271484
2014-01-27,54.394671439398344,54.603383869473355,51.53231600078101,53.221900939941406,73924100,53.221900939941406
2014-01-28,53.68902162189383,54.941299973524686,53.6691437063029,54.80215835571289,48191200,54.80215835571289
2014-01-29,54.27540725420491,54.61332423904196,52.86410556765318,53.202022552490234,92995600,53.202022552490234
2014-01-30,61.739393690634856,62.117066516626906,60.08956455560624,60.70576858520508,150178900,60.70576858520508
2014-01-31,60.09950225484293,62.98173171513488,59.801337318153536,62.1866340637207,87794600,62.1866340637207
2014-02-03,62.643819795569854,63.37928755206804,60.32809746195826,61.10331726074219,74866600,61.10331726074219
2014-02-04,61.66982382219735,62.753145630461205,61.441233468880654,62.365535736083984,45985500,62.365535736083984
2014-02-05,62.35559698761859,62.77302184987007,60.894602387088774,61.808963775634766,51685100,61.808963775634766
2014-02-06,61.0834399863002,62.395352178650036,61.0834399863002,61.779151916503906,42086500,61.779151916503906
2014-02-07,61.88848314072892,64.17439068786406,61.83879024018093,63.92592239379883,60704300,63.92592239379883
2014-02-10,63.90604168389722,64.0948724117336,63.08112521273631,63.1606330871582,43666100,63.1606330871582
2014-02-11,63.359415873070404,64.60175736077767,62.96186508047394,64.45267486572266,45675600,64.45267486572266
2014-02-12,64.52224397571031,64.66138561203383,63.65757917607849,64.05512237548828,47282100,64.05512237548828
2014-02-13,63.78677855501098,66.91748046875,63.657577776308855,66.91748046875,61911700,66.91748046875
2014-02-14,67.08643141277426,67.16594307724755,66.31121164078392,66.67893981933594,36694900,66.67893981933594
2014-02-18,66.52986986090613,67.12619222338229,65.66519750659306,66.88766479492188,43809900,66.88766479492188
2014-02-19,66.63919141499144,68.65675250475515,66.58949472914864,67.64299774169922,62087100,67.64299774169922
2014-02-20,67.31502406765473,69.68043916368664,65.32727799556588,69.20337677001953,130928900,69.20337677001953
2014-02-21,69.26302053232925,69.53136293980859,68.03061239738284,68.16975402832031,70932400,68.16975402832031
2014-02-24,68.31882693400821,71.00228854577844,68.12005536986929,70.34632873535156,76620300,70.34632873535156
2014-02-25,70.5152941217601,70.56499081032035,69.02448445675333,69.42203521728516,52077000,69.42203521728516
2014-02-26,69.75994979618493,70.78363779496885,68.42815600457571,68.83564758300781,55322700,68.83564758300781
2014-02-27,68.91515178571959,69.58105247404528,68.44803783426343,68.51760864257812,41653700,68.51760864257812
2014-02-28,69.04436416713033,69.45184818746178,66.96716548435589,68.0405502319336,66783700,68.0405502319336
2014-03-03,66.54975412100006,67.63307994246894,66.1025141767023,66.99700164794922,56824100,66.99700164794922
2014-03-04,68.23932213516387,68.47784952613398,67.2056933307614,68.37846374511719,42013500,68.37846374511719
2014-03-05,69.26302147285799,71.52905101621042,69.19345065644454,71.13150024414062,74567700,71.13150024414062
2014-03-06,71.439596660239,71.44953751451486,69.81958621517823,70.40596771240234,46026500,70.40596771240234
2014-03-07,70.64448577876102,70.7438715497369,69.04434984331026,69.37232971191406,38927000,69.37232971191406
2014-03-10,70.33639425370713,71.70794395151329,70.07799271344928,71.58867645263672,59871600,71.58867645263672
2014-03-11,72.05579073778424,72.14523566592511,69.53135246960467,69.67049407958984,59408300,69.67049407958984
2014-03-12,69.4319697148823,70.91283839007032,68.5772383119189,70.44571685791016,46340500,70.44571685791016
2014-03-13,70.85322185775424,70.91285182374348,67.73246059346988,68.40829467773438,57091000,68.40829467773438
2014-03-14,68.07035542529464,69.00459841380284,67.04666751200523,67.3050765991211,48227000,67.3050765991211
2014-03-17,67.76226590724407,68.52754483129227,66.21182635155435,68.31883239746094,52197000,68.31883239746094
2014-03-18,68.33872460593834,69.17357446954615,67.88154383548871,68.7660903930664,40827000,68.7660903930664
2014-03-19,68.74619398325916,68.86546147369486,67.05661290665772,67.82189178466797,43981000,67.82189178466797
2014-03-20,67.59331371891015,67.81196702081334,66.41060226733396,66.55968475341797,44439000,66.55968475341797
2014-03-21,67.11624992979526,67.50385983622601,65.7745227473311,66.8280258178711,59999900,66.8280258178711
2014-03-24,66.7783397551959,66.94729637182188,62.971803749184716,63.70726776123047,85696000,63.70726776123047
2014-03-25,64.49243927001953,65.78447762192165,63.38923927578124,64.49243927001953,68786000,64.49243927001953
2014-03-26,64.34333907541212,64.55205150580458,60.00011491242822,60.01999282836914,97503900,60.01999282836914
2014-03-27,60.13925489006807,61.52074157529261,57.62475735775611,60.596439361572266,112650000,60.596439361572266
2014-03-28,60.96417167229586,61.57043482581999,58.97642561684615,59.64231872558594,67052000,59.64231872558594
2014-03-31,60.40760687603635,61.14307465126203,59.5031824906504,59.87091827392578,53011000,59.87091827392578
2014-04-01,60.08956621331227,62.276087773282626,59.87091671124271,62.236331939697266,59291000,62.236331939697266
2014-04-02,62.82271189812253,63.518423761681376,61.828838890559794,62.335716247558594,66277000,62.335716247558594
2014-04-03,62.16676437726252,62.782964664756655,58.767720045803564,59.12551498413086,83859000,59.12551498413086
2014-04-04,59.57274774325697,59.83115685285384,55.97492845495393,56.40229415893555,125214400,56.40229415893555
2014-04-07,55.55750446998973,57.64463633811574,55.10031999003923,56.601070404052734,108488000,56.601070404052734
2014-04-08,57.32659960255284,58.3502876625297,56.81972220821435,57.833473205566406,78836000,57.833473205566406
2014-04-09,59.26465247519412,62.07731130364737,58.827345896104994,62.027618408203125,100215000,62.027618408203125
2014-04-10,62.69351963165453,62.792905429347385,58.32047628931595,58.79753494262695,114988000,58.79753494262695
2014-04-11,57.24708450570994,59.9404832746214,56.95886421096307,58.17138671875,91452000,58.17138671875
2014-04-14,59.72183472697076,60.0796296495607,57.425986501235315,58.5291862487793,72325000,58.5291862487793
2014-04-15,58.92673404747449,59.31434393038263,55.53762709845169,58.72795867919922,108623000,58.72795867919922
2014-04-16,59.42366626413794,59.82121318054055,57.386227417516565,59.354095458984375,78774000,59.354095458984375
2014-04-17,58.93667523976149,60.208835411074574,58.36023080182632,58.578880310058594,88040000,58.578880310058594
2014-04-21,59.09569142491402,60.86478805541992,58.78759320178578,60.86478805541992,60364000,60.86478805541992
2014-04-22,62.26614886770288,63.05130570548876,61.838783147621086,62.64381790161133,60631000,62.64381790161133
2014-04-23,63.061245569941015,63.0910605481174,60.88466117126981,60.98405075073242,95908700,60.98405075073242
2014-04-24,63.21032419921152,63.2600208845636,59.403792405114096,60.49705123901367,138769000,60.49705123901367
2014-04-25,59.60257405305503,59.64232609767078,57.21727697515103,57.35641860961914,92502000,57.35641860961914
2014-04-28,57.69432536533129,57.95273446163641,54.32509659108204,55.79602813720703,107758000,55.79602813720703
2014-04-29,55.74634404617607,57.92292483728058,55.49787576352977,57.793724060058594,75557000,57.793724060058594
2014-04-30,57.22721658538212,59.483305251756384,56.809787899729656,59.413734436035156,76093000,59.413734436035156
2014-05-01,60.0597436555957,61.89840712668359,59.84109038979031,60.775333404541016,82429000,60.775333404541016
2014-05-02,60.92441881276012,61.510804079370786,59.81128202898773,60.08956527709961,54189000,60.08956527709961
2014-05-05,59.30440711707354,60.974114258221135,58.817411412511774,60.844913482666016,46057000,60.844913482666016
2014-05-06,60.60637637900257,60.77533676409872,58.131634679307986,58.17138671875,55901000,58.17138671875
2014-05-07,58.40991396322816,58.936665415639574,55.915290725474335,57.038368225097656,78587000,57.038368225097656
2014-05-08,56.879352982062535,58.459611249474115,56.15382612601284,56.4122314453125,61251000,56.4122314453125
2014-05-09,56.501683794546764,57.29678530164124,56.03456601915248,56.88929748535156,52584000,56.88929748535156
2014-05-12,57.62476101520986,59.532999309960715,57.62476101520986,59.46342849731445,48575000,59.46342849731445
2014-05-13,59.29446810137001,60.51693154100066,59.14538562208519,59.46342849731445,48525000,59.46342849731445
2014-05-14,59.1652609159903,60.079626085175754,58.58881652371395,58.86709976196289,47429000,58.86709976196289
2014-05-15,58.89691453361144,59.01618202786434,57.16757757151668,57.56512451171875,56814000,57.56512451171875
2014-05-16,57.952736717790614,58.091878332914355,56.95886370539285,57.664512634277344,47933000,57.664512634277344
2014-05-19,57.53531300390077,59.19508304810623,57.217273916027565,58.847225189208984,43034000,58.847225189208984
2014-05-20,59.135441617968375,59.82121260126631,57.82352960302697,58.201202392578125,53931000,58.201202392578125
2014-05-21,58.2012094023411,60.12932182832273,57.89310738016197,60.119384765625,58992000,60.119384765625
2014-05-22,60.56662148025564,61.10331382989087,60.02993292194517,60.14919662475586,54200000,60.14919662475586
2014-05-23,60.03987035445009,61.07349922871744,59.78146503154564,60.9741096496582,38294000,60.9741096496582
2014-05-27,61.242456162349804,63.1208756166468,61.19276326820977,63.091060638427734,55682000,63.091060638427734
2014-05-28,63.0016087992509,63.747013548492056,62.236326135071025,63.120872497558594,47795000,63.120872497558594
2014-05-29,63.4488523144781,63.90603677475227,63.120872405454755,63.43891525268555,42700000,63.43891525268555
2014-05-30,63.55818562825946,63.77683513258846,62.17670262315461,62.912166595458984,45253500,62.912166595458984
2014-06-02,62.84259828873083,63.200393226320685,61.66982767833081,62.693519592285156,35996000,62.693519592285156
2014-06-03,62.23633396508665,63.031431706044344,61.938172786143156,62.48480224609375,32217000,62.48480224609375
2014-06-04,62.06737314191655,63.20038781980998,61.68970031884379,62.95191955566406,36514000,62.95191955566406
2014-06-05,63.26995892381022,63.965670824909374,62.43510540075621,62.80283737182617,47352000,62.80283737182617
2014-06-06,62.98174165449338,63.091068309689405,61.769218966481276,62.11707305908203,42442000,62.11707305908203
2014-06-09,62.01768091513274,62.95192023350398,61.41141773747673,62.4947395324707,37617000,62.4947395324707
2014-06-10,63.14074640019777,65.41671633317142,63.1109314253466,65.36701965332031,69338000,65.36701965332031
2014-06-11,64.91978768813351,65.39685009118476,64.5023628246197,65.37696838378906,44242000,65.37696838378906
2014-06-12,65.44653861718207,66.06274263597011,63.66750495343961,63.89609909057617,55730000,63.89609909057617
2014-06-13,64.30359185484325,64.57194186031977,63.438927039231515,64.10482025146484,29419000,64.10482025146484
2014-06-16,63.76689217801311,64.48247433333255,63.35940062841772,63.79670715332031,31046000,63.79670715332031
2014-06-17,63.70726715199964,64.48248699277642,63.538310536989385,64.00543212890625,27715000,64.00543212890625
2014-06-18,64.09486708449326,65.34714917664759,63.65756812453157,65.19806671142578,35570000,65.19806671142578
2014-06-19,65.05893378037408,65.17820128499577,63.81659237550293,63.94579315185547,34245000,63.94579315185547
2014-06-20,64.06506441425904,64.41291851149656,62.96186457541248,64.10482025146484,46466000,64.10482025146484
2014-06-23,63.9259127117963,65.2577065092553,63.82652692575295,64.969482421875,34560000,64.969482421875
2014-06-24,64.95954213712513,66.75844990300025,64.87008962104846,65.31733703613281,57335000,65.31733703613281
2014-06-25,65.1781975518098,67.0665578955851,65.16825669799816,67.02680206298828,44308000,67.02680206298828
2014-06-26,67.58336116836914,67.58336116836914,66.49010243070472,66.71868896484375,47714000,66.71868896484375
2014-06-27,66.89759741789423,67.28520732887684,66.4304758373126,67.18582153320312,46461000,67.18582153320312
2014-06-30,67.0466726571046,67.50385333391704,66.71869274244045,66.87771606445312,27102800,66.87771606445312
2014-07-01,67.16594292126673,68.0206743557454,66.97710461424366,67.64299774169922,33243000,67.64299774169922
2014-07-02,67.62311623812421,67.88152532754063,65.38690210690045,66.04285430908203,41895000,66.04285430908203
2014-07-03,66.45035747329142,66.58949910361233,65.35709855677707,65.88385009765625,25203200,65.88385009765625
2014-07-07,65.8937827219968,66.16212509477162,64.7210122824473,64.88996887207031,28745000,64.88996887207031
2014-07-08,64.66138035515327,65.15831689666572,61.82884358506222,62.37547302246094,68926000,62.37547302246094
2014-07-09,63.02149413516713,64.72102004496816,62.76308879318499,64.57193756103516,51432000,64.57193756103516
2014-07-10,62.92210606858021,64.9396634167168,62.66369694460169,64.47254943847656,44422000,64.47254943847656
2014-07-11,64.88002973677263,66.18200097062652,64.39303407858023,65.93353271484375,39212000,65.93353271484375
2014-07-14,66.71869935745275,67.75232830506918,66.49011278770735,67.4839859008789,38537000,67.4839859008789
2014-07-15,67.54362173615182,67.67282252234796,65.85404032986077,66.75846099853516,44213200,66.75846099853516
2014-07-16,67.1261853874499,67.52373611616535,66.65906384990795,67.24545288085938,29541600,67.24545288085938
2014-07-17,66.61930923016553,67.43428482665932,65.63537703525645,66.00311279296875,38188000,66.00311279296875
2014-07-18,66.39072394061219,68.04054928964835,65.75464578403805,68.00079345703125,42456000,68.00079345703125
2014-07-21,68.38841099152378,69.53136666341894,68.0803127326127,68.97480010986328,49539000,68.97480010986328
2014-07-22,69.33259197945017,69.34252525128608,68.18963635835082,68.84558868408203,40398000,68.84558868408203
2014-07-23,69.31269672938843,70.89295864735178,69.18349597691044,70.85320281982422,78435000,70.85320281982422
2014-07-24,75.49458291008874,76.26980254177819,74.05347026991201,74.52059173583984,124168000,74.52059173583984
2014-07-25,74.53052994365201,75.20636384884381,74.20255763496168,74.72930908203125,45917000,74.72930908203125
2014-07-28,74.70943628318616,75.03741621362468,73.39752414408176,74.46096801757812,41725000,74.46096801757812
2014-07-29,74.26219865069551,74.46097023604419,72.97016059797932,73.25838470458984,41324000,73.25838470458984
2014-07-30,73.75532106166548,74.72932002573864,73.67580939466973,74.22244262695312,36853000,74.22244262695312
2014-07-31,73.5466146544651,73.71557127370004,71.99617493414347,72.20488739013672,43992000,72.20488739013672
2014-08-01,71.77752248453679,72.7713956674683,71.11162927180884,71.91666412353516,43535000,71.91666412353516
2014-08-04,71.91666047003018,73.42734429497413,71.91666047003018,73.05961608886719,30777000,73.05961608886719
2014-08-05,72.75149098055837,73.13910079287153,71.73774399050433,72.24462127685547,34986000,72.24462127685547
2014-08-06,71.57873068528002,73.268319348127,71.35014413976998,72.0259780883789,30986000,72.0259780883789
2014-08-07,72.5527383343875,73.54661146225581,72.25457336296691,72.72169494628906,38141000,72.72169494628906
2014-08-08,72.9502711873358,72.98008616062602,72.11541402196796,72.61235046386719,27202000,72.61235046386719
2014-08-11,73.00991013450295,73.45715753693746,72.61235941544426,72.99003601074219,24591000,72.99003601074219
2014-08-12,72.64218298581002,72.88071799505295,71.77751822091753,72.38378143310547,27419000,72.38378143310547
2014-08-13,72.67200459630301,73.79507848182799,72.60243378184838,73.3180160522461,29266000,73.3180160522461
2014-08-14,73.51677721400411,73.92426114665662,73.23849402435884,73.84475708007812,22207000,73.84475708007812
2014-08-15,73.86463829620946,74.19261819378795,72.55272628854448,73.17886352539062,38846600,73.17886352539062
2014-08-18,73.54661407883674,74.26220396958463,73.50685824238958,74.13299560546875,23974000,74.13299560546875
2014-08-19,74.35164242093427,75.1169289360657,74.05348504759655,74.82870483398438,26679000,74.82870483398438
2014-08-20,74.51066976380015,74.71938221116666,74.16281568485599,74.35164642333984,22917000,74.35164642333984
2014-08-21,74.46097512122174,74.72932511996306,73.9541052705333,74.11312103271484,20102000,74.11312103271484
2014-08-22,73.8845268701815,74.27214437754681,73.11924787546634,74.11312103271484,20897000,74.11312103271484
2014-08-25,74.48084443420913,74.81875761175984,74.33176196890476,74.56034851074219,19734000,74.56034851074219
2014-08-26,74.5404736070253,75.5244057354963,74.27213123840562,75.49459075927734,23993000,75.49459075927734
2014-08-27,74.80883060627251,75.0274839181731,74.00379576032084,74.1727523803711,36323000,74.1727523803711
2014-08-28,73.54660469221189,73.9739704011618,73.27826230875473,73.40746307373047,21947000,73.40746307373047
2014-08-29,73.84478440787485,74.3615951538086,73.55656025975087,74.3615951538086,26241000,74.3615951538086
2014-09-02,74.55043102087679,76.23007157640832,74.36159268600873,76.21019744873047,34979000,76.21019744873047
2014-09-03,76.66736585081566,77.0052866280626,75.13680045626667,75.36539459228516,32389000,75.36539459228516
2014-09-04,75.42501970596122,76.45864851316566,75.06722482721165,75.48464965820312,26676000,75.48464965820312
2014-09-05,75.6337399390372,76.90589626934971,75.13680339859327,76.78663635253906,29476000,76.78663635253906
2014-09-08,76.7866206900456,77.69104106619717,76.53815247050476,77.41275787353516,28183000,77.41275787353516
2014-09-09,77.1146101499589,77.69105836750062,75.7331271482762,76.20024871826172,28882000,76.20024871826172
2014-09-10,76.05116119419196,77.47239993553633,76.04122792336365,76.9555892944336,29909000,76.9555892944336
2014-09-11,76.65742816067826,77.87989538911255,76.57792407685358,77.44258880615234,32219000,77.44258880615234
2014-09-12,77.54197194412124,77.82026276725797,76.62761055890655,77.00528717041016,26676800,77.00528717041016
2014-09-15,76.67731585310116,76.77670165262624,72.98010648262441,74.12306213378906,49679000,74.12306213378906
2014-09-16,73.06954099986193,75.76294355332212,72.62230117449808,75.61386108398438,37742000,75.61386108398438
2014-09-17,75.49460174516716,76.77669898769524,75.106991832618,75.96172332763672,28693000,75.96172332763672
2014-09-18,76.2996346102211,76.85620870285777,76.05116633502706,76.52822875976562,23031000,76.52822875976562
2014-09-19,76.92577036086902,77.82025756163534,75.97165320760132,77.43264770507812,76671000,77.43264770507812
2014-09-22,76.52823173887603,77.05498328956892,75.4846619093767,76.32946014404297,31961000,76.32946014404297
2014-09-23,75.86233526364563,78.148238835643,75.57411115578836,77.8103256225586,36814000,77.8103256225586
2014-09-24,77.62148553540462,78.13830377998563,77.035104061624,78.05879211425781,30680000,78.05879211425781
2014-09-25,78.11842168267806,78.45634246901129,76.65742705847654,76.74687957763672,37533000,76.74687957763672
2014-09-26,77.1146139082449,78.35695534315786,76.85621234929127,78.30726623535156,28872000,78.30726623535156
2014-09-29,77.6413627977732,78.7147398930429,77.43265037417494,78.5159683227539,34031000,78.5159683227539
2014-09-30,78.86382331010265,79.22161820704336,78.11841853858438,78.55572509765625,35899000,78.55572509765625
2014-10-01,78.2973108560094,78.33706668446966,75.43495945071109,76.08097839355469,55090000,76.08097839355469
2014-10-02,76.10086489258077,77.00529307617681,75.176562582847,76.60774230957031,36488000,76.60774230957031
2014-10-03,77.28356180305389,77.58171913494577,76.78662533391864,76.96552276611328,23340000,76.96552276611328
2014-10-06,76.71704972082563,77.41275770092948,76.37912900002641,77.08477783203125,25729000,77.08477783203125
2014-10-07,76.57791639118025,77.47239600997088,75.77287411855994,75.82257080078125,25317000,75.82257080078125
2014-10-08,75.71325005447966,77.23387462386657,74.63986532927136,77.04503631591797,32976000,77.04503631591797
2014-10-09,76.80650162365247,77.28356398384955,75.38526297851507,75.44490051269531,32487000,75.44490051269531
2014-10-10,75.12686774471074,76.03129595059258,72.31421249392794,72.46329498291016,52146000,72.46329498291016
2014-10-13,72.78132827029204,74.32182697957948,72.07567171768741,72.54279327392578,43938000,72.54279327392578
2014-10-14,73.54661364346062,73.72551111508857,71.60856401969987,73.13912200927734,50299000,73.13912200927734
2014-10-15,71.25075294170007,73.34782543542569,69.88914429472104,72.76143646240234,61528000,72.76143646240234
2014-10-16,70.35626733325904,72.90057966940151,70.1475549228082,72.18498992919922,53529000,72.18498992919922
2014-10-17,73.7751945051929,75.53434634017076,73.29813213931044,75.48464965820312,76342000,75.48464965820312
2014-10-20,75.13679623956551,76.61766486584945,74.91814296937947,76.47852325439453,34701000,76.47852325439453
2014-10-21,77.0847966361128,78.25756721912254,76.67731260054974,78.20787811279297,32252000,78.20787811279297
2014-10-22,78.33707137026303,79.36075937073839,77.53203664807356,77.88983154296875,41862000,77.88983154296875
2014-10-23,78.89363128407714,80.13597245965397,78.52590314900162,79.54959106445312,35056000,79.54959106445312
2014-10-24,79.70862152146631,80.32482558817557,78.83401590199365,80.17574310302734,32248000,80.17574310302734
2014-10-27,80.24529708635883,80.30493461749882,79.27130587530603,79.78811645507812,30169000,79.78811645507812
2014-10-28,79.68874970503092,80.66274873126602,79.08248647513312,80.27513122558594,74212000,80.27513122558594
2014-10-29,74.98771867547396,76.40895744191053,74.32182555104588,75.39521026611328,106120000,75.39521026611328
2014-10-30,74.59017262365846,74.88832997782875,72.45334413018273,73.65592956542969,83270000,73.65592956542969
2014-10-31,74.47091050770032,75.23618944622272,73.9938480908845,74.5305404663086,44544000,74.5305404663086
2014-11-03,75.00760752054843,75.05729662824412,73.24844780634368,73.4273452758789,40727000,73.4273452758789
2014-11-04,73.77520511098574,75.30576304465148,73.19875688094791,75.29582977294922,39326000,75.29582977294922
2014-11-05,76.04123579814477,76.32945991765305,73.96403699984371,74.37152862548828,35913000,74.37152862548828
2014-11-06,74.43115339554059,75.1368023633303,73.85470519673218,74.79888916015625,21383000,74.79888916015625
2014-11-07,74.92809023828596,75.39521179501837,74.56035447215304,75.13680267333984,20774000,75.13680267333984
2014-11-10,74.89828415153393,75.01755166400302,74.15287925956616,74.54048919677734,21575100,74.54048919677734
2014-11-11,74.49079104568709,74.52061361020843,73.57642954927975,74.15287780761719,18715700,74.15287780761719
2014-11-12,73.82488522601768,74.67961661262083,73.08942132916702,74.26219177246094,26536600,74.26219177246094
2014-11-13,74.28207781729414,74.77901439704017,73.18881885838297,73.79508209228516,26448500,73.79508209228516
2014-11-14,73.81494807565807,74.4709079282279,73.58636152047738,74.42121124267578,19476900,74.42121124267578
2014-11-17,74.42121920455023,75.19644663579226,73.4273460483763,73.78514099121094,28701200,73.78514099121094
2014-11-18,73.99384813031502,74.34170977611498,73.44722248326482,73.884521484375,20690500,73.884521484375
2014-11-19,73.55654841087404,74.08329992745008,72.66206112675918,72.8807144165039,25441200,72.8807144165039
2014-11-20,72.35396158492198,73.53666536658717,72.065737488465,73.14905548095703,19154900,73.14905548095703
2014-11-21,74.0435386011156,74.0435386011156,73.04966559975834,73.29813385009766,23060400,73.29813385009766
2014-11-24,73.08943509049114,73.89446994560757,72.90059675849072,73.55655670166016,22103800,73.55655670166016
2014-11-25,73.7553203927182,75.27594499263307,73.67580872644362,75.16661834716797,32250200,75.16661834716797
2014-11-26,75.06724078827209,77.30345546460423,75.04736666084877,77.14443969726562,32695300,77.14443969726562
2014-11-28,77.19412300806074,77.79044536042139,76.75682399374298,77.22393798828125,15992000,77.22393798828125
2014-12-01,76.7866314169494,76.83632051821004,74.34170470503499,74.63986206054688,31789900,74.63986206054688
2014-12-02,74.86844939575377,75.44489751313402,74.58022533706364,74.99765014648438,16773900,74.99765014648438
2014-12-03,74.91814776759853,75.26600940116413,73.94415642503373,74.42121124267578,16689900,74.42121124267578
2014-12-04,74.37152294613091,75.08711276300222,74.2025663456612,74.77900695800781,14362800,74.77900695800781
2014-12-05,75.33558436674132,76.28970163730266,74.89827777424027,75.89215087890625,24306400,75.89215087890625
2014-12-08,75.71324952119829,76.77669338516908,74.93802975266908,76.05116271972656,25733900,76.05116271972656
2014-12-09,74.73925046182654,76.4586541777955,74.3218255999091,76.36920166015625,25358600,76.36920166015625
2014-12-10,76.18037075298456,77.07485801397384,75.60392256449708,75.71324920654297,32210500,75.71324920654297
2014-12-11,76.05115311705872,78.03889897313357,76.01140487266805,77.25374603271484,33462100,77.25374603271484
2014-12-12,76.68724865684312,78.39670394409877,76.54809945293601,77.35314178466797,28091600,77.35314178466797
2014-12-15,77.97928232534176,78.09854982680403,76.09092192343077,76.5182876586914,29396500,76.5182876586914
2014-12-16,75.72320114985006,76.9158459507323,74.13299797180609,74.23239135742188,31554600,74.23239135742188
2014-12-17,74.55041794368518,75.94184169923334,74.4410913040075,75.6436767578125,29203900,75.6436767578125
2014-12-18,76.41889681549937,77.91964721679688,76.04122779313454,77.91964721679688,34222100,77.91964721679688
2014-12-19,78.26749032548233,79.50983144175981,77.8500655302487,79.39056396484375,43335000,79.39056396484375
2014-12-22,79.5893570034313,81.38826482776145,79.50984533825711,80.95095825195312,31395800,80.95095825195312
2014-12-23,81.51745336745984,81.66653582163372,79.90738409379804,80.11609649658203,19865800,80.11609649658203
2014-12-24,80.5335403684892,80.93109114619025,80.25525709889357,80.27513122558594,7685500,80.27513122558594
2014-12-26,80.5235844568297,80.78199355141341,80.0167147031238,80.2850570678711,10647400,80.2850570678711
2014-12-29,79.99684570303818,80.4639672849826,79.22162587881134,79.52972412109375,14134700,79.52972412109375
2014-12-30,79.36076408193159,80.09622803947669,78.61535927042443,78.73462677001953,14370800,78.73462677001953
2014-12-31,79.05266830653711,79.31107743902187,77.38296117363193,77.54197692871094,19935400,77.54197692871094
2015-01-02,78.09854581231718,78.44639986205563,77.22393267851811,77.9693374633789,18177500,77.9693374633789
2015-01-05,77.50221682340297,78.7644321473162,76.38907637749801,76.71705627441406,26452200,76.71705627441406
2015-01-06,76.75681049843814,77.11459778082865,74.89826537074238,75.68342590332031,27399300,75.68342590332031
2015-01-07,76.2896890033786,76.88601125089447,75.35544601325951,75.68342590332031,22045300,75.68342590332031
2015-01-08,76.26981676120015,77.75069308515504,75.61386448234238,77.70099639892578,23961000,77.70099639892578
2015-01-09,77.7208754916462,78.13830796776439,76.72700236473179,77.2636947631836,21157000,77.2636947631836
2015-01-12,77.36307188934407,77.5220952115009,75.74306160378057,76.24993896484375,19190200,76.24993896484375
2015-01-13,76.7568098982238,77.6016003741527,75.38526039874874,75.98158264160156,25179600,75.98158264160156
2015-01-14,75.95177131029241,76.72699102145354,75.56416145471185,75.81262969970703,25918600,75.81262969970703
2015-01-15,75.93190610799319,76.10086271460418,73.08942844468505,73.59630584716797,34134000,73.59630584716797
2015-01-16,73.58636094893969,74.85851722963726,73.38758179092473,74.71937561035156,21791500,74.71937561035156
2015-01-20,75.2560774727472,75.84245900202791,74.36159010527189,75.77288818359375,22821600,75.77288818359375
2015-01-21,75.69338051974273,76.82639527084187,75.38527469609286,76.26982116699219,25096700,76.26982116699219
2015-01-22,76.6971777350379,77.27362589596257,76.2101820872598,77.17424011230469,19519500,77.17424011230469
2015-01-23,77.17424433124417,77.71093669151557,76.56798116034403,77.35314178466797,16746500,77.35314178466797
2015-01-26,77.50222414581015,77.989219819496,76.81644931158442,77.02516174316406,19260800,77.02516174316406
2015-01-27,76.23999121100555,76.40894778851776,75.16660663154795,75.31568908691406,20110000,75.31568908691406
2015-01-28,76.42884811395915,77.1643121349275,75.53436074648384,75.77288818359375,53306400,75.77288818359375
2015-01-29,76.3791392493205,77.5419688503831,73.7553151113411,77.5220947265625,61293500,77.5220947265625
2015-01-30,77.52209137262359,77.68111468690562,75.2858771984133,75.44490051269531,42649500,75.44490051269531
2015-02-02,75.6436810504456,75.67349602974973,73.29813996495504,74.5305404663086,41955300,74.5305404663086
2015-02-03,74.7293140061584,75.11692387322762,73.40746108376884,74.93802642822266,26957700,74.93802642822266
2015-02-04,74.62992597378923,75.88220817833964,74.55042189016447,75.16661834716797,20277400,75.16661834716797
2015-02-05,75.24612192585569,75.51447187502725,74.74918543902585,75.14673614501953,15062600,75.14673614501953
2015-02-06,75.21631072940053,75.2361848535068,73.79507200234568,74.01372528076172,21211000,74.01372528076172
2015-02-09,73.59630732741282,74.37152714524343,72.99997739125071,73.98391723632812,16194300,73.98391723632812
2015-02-10,74.39138833811094,74.87838395750467,74.04353432425829,74.72930908203125,15811300,74.72930908203125
2015-02-11,74.62992375294503,76.27975665712269,74.57029379633848,76.04122924804688,20877400,76.04122924804688
2015-02-12,76.38908438372557,76.39902523751766,75.4250262974363,75.76294708251953,17235000,75.76294708251953
2015-02-13,75.99152972455984,76.01141143111928,75.03741254123817,75.27593994140625,18621900,75.27593994140625
2015-02-17,74.83864530154133,76.43878155293758,74.61999201263257,75.13680267333984,25254400,75.13680267333984
2015-02-18,75.47471898066269,76.4288361625547,74.98771574512718,76.23999786376953,22426400,76.23999786376953
2015-02-19,76.518290979912,79.35082791439771,76.47853514436567,78.93340301513672,45851200,78.93340301513672
2015-02-20,79.06259976475698,79.84775275787159,78.71473815047806,79.41045379638672,36931700,79.41045379638672
2015-02-23,79.47008941576932,79.6986835572241,77.89976815227924,78.35694885253906,24139100,78.35694885253906
2015-02-24,78.0190341487628,78.99303307068004,77.62148341364045,77.9693374633789,18897100,77.9693374633789
2015-02-25,78.01902971091154,79.70861076076334,78.01902971091154,79.0725326538086,25593800,79.0725326538086
2015-02-26,79.390576424855,80.87145272738182,79.23156067999182,79.9173355102539,31111900,79.9173355102539
2015-02-27,80.18568237715645,80.73231561771048,78.13830620826322,78.48616027832031,30739200,78.48616027832031
2015-03-02,78.51597064266385,79.37070206893013,78.03890824416538,79.2613754272461,21662500,79.2613754272461
2015-03-03,79.12223791222418,79.2116828513426,78.03891229278447,79.11229705810547,18635000,79.11229705810547
2015-03-04,78.81413210562619,80.65279564312216,78.36688470505737,80.40432739257812,28126700,80.40432739257812
2015-03-05,80.73230693817082,81.48764495690261,80.55340949528188,80.7124252319336,27825700,80.7124252319336
2015-03-06,80.40432940751107,80.83169511246257,79.34088557183868,79.51978302001953,24488600,79.51978302001953
2015-03-09,79.19180499695854,79.42039913502542,78.14823526048082,78.95327758789062,18925100,78.95327758789062
2015-03-10,78.01902827981804,78.77437386146501,77.0748519897461,77.0748519897461,23067100,77.0748519897461
2015-03-11,77.32332068369394,77.94945792977447,76.78662836591818,77.0947265625,20215700,77.0947265625
2015-03-12,77.62149456587777,78.56567864527979,77.4326638161179,78.4464111328125,16093300,78.4464111328125
2015-03-13,78.11842589963216,78.8936457218357,77.20406444691261,77.5718002319336,18557300,77.5718002319336
2015-03-16,77.48232529805425,77.64134859130756,76.88600311365025,77.5916519165039,19305400,77.5916519165039
2015-03-17,77.87989101097563,79.2911888896364,77.86000930414974,78.87376403808594,22170000,78.87376403808594
2015-03-18,78.7644506110116,80.7422561435907,78.68493893566904,80.4142837524414,36912400,80.4142837524414
2015-03-19,80.62299332702096,82.49147213477742,80.50372581827676,82.24300384521484,42099500,82.24300384521484
2015-03-20,82.87907608282086,84.08166160765781,82.56103699842308,83.28656768798828,44466300,83.28656768798828
2015-03-23,83.40582707371026,84.43945598707543,82.7896306168588,83.91270446777344,27357300,83.91270446777344
2015-03-24,84.19098542388734,85.54265338280689,84.00214711733766,84.78730773925781,32576500,84.78730773925781
2015-03-25,84.97615124088075,84.99602536679328,82.41195678710938,82.41195678710938,37436100,82.41195678710938
2015-03-26,82.21317971485722,83.25674186530028,81.63673152738413,82.50140380859375,32794800,82.50140380859375
2015-03-27,82.86913879212048,83.43564617252122,82.37220222746544,82.78963470458984,18372600,82.78963470458984
2015-03-30,83.29649446539914,83.82324594699304,81.90507831879235,82.69023132324219,24527700,82.69023132324219
2015-03-31,82.39208926291727,82.98841166252504,81.70631433291045,81.71625518798828,19734300,81.71625518798828
2015-04-01,81.99454092380414,82.21319424615844,80.37453029954877,81.16962432861328,22058200,81.16962432861328
2015-04-02,81.74605464596091,82.05415285100553,80.94101993850924,81.0602798461914,19664100,81.0602798461914
2015-04-06,80.30493219185662,82.30261123246345,80.30493219185662,81.93488311767578,19062900,81.93488311767578
2015-04-07,82.14360031362114,82.90887914390733,81.71623464452269,81.81562042236328,17467000,81.81562042236328
2015-04-08,82.12372531904614,82.59084685398052,81.33856471944466,81.77587127685547,18966700,81.77587127685547
2015-04-09,81.99453728097176,82.29270226778098,81.20937655951468,81.66655731201172,15927300,81.66655731201172
2015-04-10,81.70631013000357,82.10386090350929,81.40815273686202,81.537353515625,12529700,81.537353515625
2015-04-13,81.42801909729552,83.42570604621453,81.41807824367713,82.50140380859375,26883100,82.50140380859375
2015-04-14,82.66042382494241,83.17724208271234,81.93490070894808,83.0082778930664,19634200,83.0082778930664
2015-04-15,83.03809674980924,83.1474233924337,81.76593287042017,82.20323944091797,22390900,82.20323944091797
2015-04-16,81.96471027569542,82.56103257919078,81.64667120832127,81.8056869506836,13769700,81.8056869506836
2015-04-17,80.98077269441971,81.60690993392939,79.87757309434387,80.2850570678711,24215000,80.2850570678711
2015-04-20,81.04041850749516,82.64055490429728,80.74225352595235,82.58091735839844,28796800,82.58091735839844
2015-04-21,83.48533503962184,83.9723307042111,83.02815435289423,83.107666015625,27171900,83.107666015625
2015-04-22,83.80338246738764,84.22080736438852,83.13748928655524,84.11148071289062,45548000,84.11148071289062
2015-04-23,83.58472302169776,85.06559176136155,81.90508270263672,81.90508270263672,73728100,81.90508270263672
2015-04-24,82.26286456459165,82.43182873677031,80.9807750721395,81.03046417236328,29660400,81.03046417236328
2015-04-27,81.36840151076504,82.42190467498337,81.12986648355842,81.40815734863281,25446000,81.40815734863281
2015-04-28,81.3286320787445,81.3982028877216,79.73843674308995,80.18567657470703,23775300,80.18567657470703
2015-04-29,79.51978615733285,80.89132825906479,79.03278289534092,79.97696685791016,26430300,79.97696685791016
2015-04-30,79.51979218838567,80.46396863991473,77.84014415251048,78.28738403320312,28999000,78.28738403320312
2015-05-01,78.75449547508144,79.27131368844074,77.63142169945924,78.50602722167969,24136400,78.50602722167969
2015-05-04,78.84394373478769,79.20173860699121,78.14822811321464,78.3271255493164,14692000,78.3271255493164
2015-05-05,78.06871743872593,78.31718565771277,76.74686469388031,77.08477783203125,22311300,77.08477783203125
2015-05-06,77.49228208377205,78.32713179707271,76.57792070749527,77.6214828491211,28663000,77.6214828491211
2015-05-07,77.52209717978941,78.45634026455781,77.08479061540429,77.949462890625,19749400,77.949462890625
2015-05-08,78.61535790898861,78.74456626030818,77.55191403296078,78.02897644042969,19943600,78.02897644042969
2015-05-11,77.99916503209256,78.5457906931632,77.45253178837187,77.53204345703125,18874100,77.53204345703125
2015-05-12,77.39289655539095,77.41277067987673,76.3195118495696,76.98540496826172,21285300,76.98540496826172
2015-05-13,77.24380662748707,78.04884128783247,77.17423582452697,77.95939636230469,21512300,77.95939636230469
2015-05-14,78.45634053097328,81.3485071464471,78.18799056277133,80.87145233154297,49438000,80.87145233154297
2015-05-15,80.91120876242803,81.02052782205557,79.68874157271507,79.9272689819336,27069900,79.9272689819336
2015-05-18,79.83781959219402,80.88138168845258,79.73843380911929,80.38444519042969,21613700,80.38444519042969
2015-05-19,80.75219038760599,81.18949698353768,80.05648224194205,80.135986328125,17955400,80.135986328125
2015-05-20,79.97696874070354,80.60310605745525,78.97315479697309,80.05648040771484,23056900,80.05648040771484
2015-05-21,79.69866865514443,80.42419161109294,79.58934203175794,79.98689270019531,13402700,79.98689270019531
2015-05-22,79.85770099373404,80.8118182469754,79.75831520160159,80.04653930664062,19567900,80.04653930664062
2015-05-26,79.93722263826425,80.10617926424356,78.59549532037698,78.84396362304688,16321300,78.84396362304688
2015-05-27,79.11229642291792,80.16580705419291,78.94333981750633,80.05648040771484,14160900,80.05648040771484
2015-05-28,79.75831370775146,80.57328932021315,79.50984544074912,79.65892791748047,11982000,79.65892791748047
2015-05-29,79.46014917234469,79.57941667088721,78.39670528728567,78.7048110961914,16134600,78.7048110961914
2015-06-01,78.81413302505595,79.88751011711454,78.17805490285481,79.79806518554688,18119000,79.79806518554688
2015-06-02,79.27131720157178,80.85157172356874,79.0725380404513,79.94715118408203,18923300,79.94715118408203
2015-06-03,80.85155772936338,82.02432803771116,80.75217195733018,81.93488311767578,31775000,81.93488311767578
2015-06-04,81.63673192235416,82.4417666683979,81.01059462905899,81.54728698730469,20863900,81.54728698730469
2015-06-05,81.36839161413285,81.95477309039819,81.01059669949134,81.63673400878906,16143100,81.63673400878906
2015-06-08,81.31869871229685,81.49759617794469,79.63905070608384,80.17574310302734,16915500,80.17574310302734
2015-06-09,80.10617228764485,80.6925613738545,78.83401590199365,80.17574310302734,16497500,80.17574310302734
2015-06-10,80.33476318954624,82.0939152116411,80.31488148158478,81.6566162109375,21531200,81.6566162109375
2015-06-11,81.80569867694703,82.39208779367097,80.86152219295921,81.32864379882812,18656800,81.32864379882812
2015-06-12,80.87144843593828,81.58703062382463,80.70248426375962,81.03046417236328,11417900,81.03046417236328
2015-06-15,80.05647650491457,80.43414553083181,79.57941410875374,80.21549224853516,18805100,80.21549224853516
2015-06-16,80.3248194543605,81.01059428408466,79.95708369676282,80.56334686279297,13693700,80.56334686279297
2015-06-17,81.25906441562246,81.71624511840679,80.84163196294999,81.28887939453125,18350300,81.28887939453125
2015-06-18,81.13979270499235,82.68029891826997,81.07022189693365,82.40201568603516,26782600,82.40201568603516
2015-06-19,82.32250991086832,82.47159239098221,81.61686092648915,82.00447082519531,23353200,82.00447082519531
2015-06-22,82.89894936968194,84.44938880079106,82.7995560050013,84.22079467773438,29383100,84.22079467773438
2015-06-23,84.43944551967209,87.43100524348547,84.2406739613249,87.341552734375,50667900,87.341552734375
2015-06-24,87.12292229260575,88.70317693103271,86.91420226238877,88.31556701660156,41370200,88.31556701660156
2015-06-25,88.71311243327361,88.85225405659013,87.30180690975635,87.44095611572266,27302000,87.44095611572266
2015-06-26,87.5800984348323,87.79874414274548,86.29800125324442,87.47077178955078,38214600,87.47077178955078
2015-06-29,86.07934966367044,86.96389611468207,85.20474406678535,85.2743148803711,35957900,85.2743148803711
2015-06-30,86.06940806153166,86.16879385398327,85.04571999224521,85.24449157714844,23016500,85.24449157714844
2015-07-01,86.23836848542192,87.4111390866386,85.96008522117562,86.37751770019531,25260000,86.37751770019531
2015-07-02,86.86450700215107,86.90426283448808,85.81099640184449,86.75518035888672,16908800,86.75518035888672
2015-07-06,85.96007736983063,87.64966609259707,85.86069158205603,87.01358795166016,24635900,87.01358795166016
2015-07-07,87.2620560941772,87.31174519667239,84.70780268031835,86.68560791015625,33059900,86.68560791015625
2015-07-08,85.76130703195246,86.2184877284331,84.92644972076847,85.12522888183594,24399300,85.12522888183594
2015-07-09,86.19861901875227,87.06328378010356,85.12523422950568,85.35382080078125,23307400,85.35382080078125
2015-07-10,86.81481049153892,87.6794827856548,86.23836229546166,87.4111328125,23245900,87.4111328125
2015-07-13,88.11679387628236,89.66723350678348,87.87825886955133,89.54796600341797,29976700,89.54796600341797
2015-07-14,89.90575104100962,90.2436718053814,89.10071633413602,89.13053131103516,26627800,89.13053131103516
2015-07-15,89.44857991352843,90.43251216943523,88.87213168980523,89.21005249023438,30886600,89.21005249023438
2015-07-16,89.72686572232315,90.30331396243632,89.21998829859258,90.29337310791016,21804100,90.29337310791016
2015-07-17,91.9829590888085,94.80555507310542,91.97301823459618,94.38813018798828,54001600,94.38813018798828
2015-07-20,95.26272840166705,97.99587923395751,94.77573274014622,97.31011199951172,54860500,97.31011199951172
2015-07-21,98.34373690097016,98.63196100018442,96.54482907698255,97.78717041015625,39453300,97.78717041015625
2015-07-22,96.14726964423848,96.98212688765632,95.33229410663837,96.4454345703125,28299500,96.4454345703125
2015-07-23,96.36593121597151,96.85292689338328,94.22910261537946,94.8552474975586,29418800,94.8552474975586
2015-07-24,96.75355360043687,97.16104524830598,95.2925587968487,96.35600280761719,33444900,96.35600280761719
2015-07-27,95.98826294654287,96.01807792542702,93.2551120032995,93.59302520751953,38585400,93.59302520751953
2015-07-28,94.25890649464482,94.9744962285003,92.73828210152632,94.7061538696289,35236000,94.7061538696289
2015-07-29,95.72985878140419,96.68397606834374,94.15953742924005,96.395751953125,64648300,96.395751953125
2015-07-30,94.32849820249625,95.22297791349722,91.23755229938881,94.62665557861328,86211300,94.62665557861328
2015-07-31,94.36824122994162,95.73979086517474,93.37436819926229,93.43400573730469,46509000,93.43400573730469
2015-08-03,92.95694635871757,94.4974526392543,92.23142326909296,93.5632095336914,29343100,93.5632095336914
2015-08-04,93.21535359868341,94.14959668540891,92.75817290889103,93.48369598388672,20136000,93.48369598388672
2015-08-05,94.66641725176622,96.49514020257436,94.59684643478222,95.84912872314453,29813200,95.84912872314453
2015-08-06,96.58457684745824,98.13501627539289,93.84148528964,94.53720092773438,42271300,94.53720092773438
2015-08-07,94.79562153835386,94.81550324831363,93.0364693394449,93.72224426269531,23199100,93.72224426269531
2015-08-10,95.0937752117796,95.31242849941685,93.05633239441399,93.57315063476562,21624200,93.57315063476562
2015-08-11,93.15572862471137,94.17941670037028,92.33081213519303,93.04640197753906,22491000,93.04640197753906
2015-08-12,92.13203106763545,93.86137567854794,90.63128818310825,93.61290740966797,27050500,93.61290740966797
2015-08-13,93.47377090381228,94.14960493547673,92.77805516326494,92.8575668334961,17451800,92.8575668334961
2015-08-14,92.96689370197427,94.13966430135284,92.63891374849081,93.84149932861328,15929700,93.84149932861328
2015-08-17,93.8414955087388,93.88125134232914,92.81780743739985,93.35449981689453,18313500,93.35449981689453
2015-08-18,93.50357324875081,95.2627251146511,93.46381741900768,94.5868911743164,22278800,94.5868911743164
2015-08-19,94.05020968296941,95.51120436810196,93.58309569062881,94.72604370117188,23251300,94.72604370117188
2015-08-20,92.96687939731625,94.18933891562011,89.90574880111542,90.00513458251953,44598200,90.00513458251953
2015-08-21,86.98376087189716,88.6335936773105,85.08546740128033,85.53270721435547,62778700,85.53270721435547
2015-08-24,76.55804085858102,81.5870361328125,71.55886056302685,81.5870361328125,83710700,81.5870361328125
2015-08-25,86.417250208422,87.13283994762473,82.491455078125,82.491455078125,52021200,82.491455078125
2015-08-26,85.4233992567905,86.92414992510638,82.74988548152479,86.65580749511719,45124300,86.65580749511719
2015-08-27,88.55408433315873,89.50820151993778,86.65579081291636,89.18022918701172,42431400,89.18022918701172
2015-08-28,89.32931866156363,90.91952181520202,89.23987371506304,90.45240020751953,33215900,90.45240020751953
2015-08-31,90.04490216652329,90.49214961520133,88.34538005990684,88.88207244873047,32850700,88.88207244873047
2015-09-01,86.31786480525294,88.84230302613601,85.9700107868072,86.69554138183594,36097400,86.69554138183594
2015-09-02,88.26586393378685,89.33924865722656,87.09309342098781,89.33924865722656,27190500,89.33924865722656
2015-09-03,89.2100452415536,89.26967519686941,87.19248420510755,87.60990905761719,27048200,87.60990905761719
2015-09-04,86.66572768285928,87.84843904912306,86.1687911535249,87.71923828125,27328700,87.71923828125
2015-09-08,89.14048391257542,89.68710958728418,88.28575240978691,88.98146057128906,27012500,88.98146057128906
2015-09-09,90.22380036617196,91.41645265640177,89.61753715806809,89.8858871459961,32551100,89.8858871459961
2015-09-10,89.5181492517331,91.4959545851752,89.08084266403034,91.41645050048828,26437400,91.41645050048828
2015-09-11,91.11828716819934,91.51583792934058,90.57165392379886,91.48602294921875,21185000,91.48602294921875
2015-09-14,91.74441528320312,92.0525210730304,91.03876635481694,91.74441528320312,20127900,91.74441528320312
2015-09-15,91.80405902827893,92.67866460796205,91.22761082267762,92.330810546875,18859400,92.330810546875
2015-09-16,92.33080814725366,93.02651625134673,92.06245817663945,92.87743377685547,16321200,92.87743377685547
2015-09-17,92.79793522926153,94.92482308306448,92.33081365323609,93.7619857788086,27841800,93.7619857788086
2015-09-18,92.6289649208166,94.60677774328796,92.47989002992895,93.82161712646484,62300000,93.82161712646484
2015-09-21,94.04027444478271,95.89881226898574,93.94088106972701,94.9645767211914,28790000,94.9645767211914
2015-09-22,93.19546897823061,94.09989705862195,91.35680542296775,92.39043426513672,36888900,92.39043426513672
2015-09-23,92.82774922706216,93.74211066090591,92.23142688249665,93.39425659179688,21701400,93.39425659179688
2015-09-24,92.48983106511378,94.18935320774862,91.67485540169852,93.8315658569336,29106000,93.8315658569336
2015-09-25,95.20309996564774,95.26272992194696,91.49595016850446,92.20159912109375,28961600,92.20159912109375
2015-09-28,91.51584026344983,91.72455271227592,87.63973351310034,88.66342163085938,41199900,88.66342163085938
2015-09-29,88.55409675451017,89.50821407512184,85.19480821427425,86.13898468017578,42281800,86.13898468017578
2015-09-30,87.8981359982189,89.46844967280222,87.47077027840612,89.34918975830078,36169100,89.34918975830078
2015-10-01,89.4982738951136,90.39275360107422,87.8186259633145,90.39275360107422,29283700,90.39275360107422
2015-10-02,88.355314196166,91.63509065718148,87.82856270162607,91.50588989257812,37881700,91.50588989257812
2015-10-05,92.3705618977838,93.6924072657737,92.0922786624175,93.43400573730469,27292500,93.43400573730469
2015-10-06,93.50357098530992,93.59301591307985,91.77422655526772,92.23141479492188,22172800,92.23141479492188
2015-10-07,92.53951119086912,93.0861443476677,90.81017437709095,91.8338623046875,24129300,91.8338623046875
2015-10-08,91.32698661095527,92.6488394809528,89.91568881332509,91.90343475341797,27290500,91.90343475341797
2015-10-09,92.33080325021243,93.16565293084535,91.6748434303015,92.66871643066406,20012900,92.66871643066406
2015-10-12,92.7482367246394,94.02039307030707,92.10221769773473,93.68247985839844,18449600,93.68247985839844
2015-10-13,93.08615426411572,94.78567628359984,92.97682762110946,93.5433349609375,19480300,93.5433349609375
2015-10-14,93.50358556876336,94.61671861764017,93.03646398604532,93.49364471435547,19253400,93.49364471435547
2015-10-15,94.4079970013382,95.70997582690576,94.31855206830542,95.37205505371094,27557500,95.37205505371094
2015-10-16,95.59070727065453,96.99206428446581,94.7657908450493,96.94237518310547,25412900,96.94237518310547
2015-10-19,96.58458676951801,97.96606975199879,96.3261776440997,97.86668395996094,23729900,97.86668395996094
2015-10-20,98.12509689555256,98.97982080638667,95.96838645307231,96.40569305419922,30881800,96.40569305419922
2015-10-21,96.77342377035274,97.57845853239084,95.8789364888383,96.5150146484375,21917800,96.5150146484375
2015-10-22,97.19084754691416,99.11896371173789,96.95232013541164,99.059326171875,26392100,99.059326171875
2015-10-23,101.28561291986456,102.21984849296659,99.54633496637288,101.56389617919922,42809700,101.56389617919922
2015-10-26,101.57382069505643,103.17395688094693,100.92780929128094,103.13420104980469,25961200,103.13420104980469
2015-10-27,102.30930571629908,103.4621946411684,101.77261329893476,103.06464385986328,23795500,103.06464385986328
2015-10-28,103.26341945462826,103.83986768836323,102.28942045339849,103.56157684326172,24081500,103.56157684326172
2015-10-29,103.32304247368077,104.47593886368905,102.88573590055354,104.2374038696289,20316700,104.2374038696289
2015-10-30,103.86966840952336,104.07838082770937,101.0271910487343,101.34523010253906,33487100,101.34523010253906
2015-11-02,101.09677780540511,102.8360558140201,100.56008539568586,102.67703247070312,24003900,102.67703247070312
2015-11-03,102.58757808840905,103.01494380594028,101.77260248551806,101.95149993896484,21242300,101.95149993896484
2015-11-04,102.55776444850608,103.5019408312903,101.85211547921423,103.30316925048828,43469300,103.30316925048828
2015-11-05,108.13337612678937,109.97203950201884,107.28857808337574,108.09362030029297,63232900,108.09362030029297
2015-11-06,107.3780449710611,108.07375307131116,105.26109810945773,106.44380187988281,35084300,106.44380187988281
2015-11-09,106.34441705485305,107.58675837558731,105.21140237695538,105.83753967285156,26383500,105.83753967285156
2015-11-10,105.31079090115641,107.48737537805975,104.59520106860464,107.24884796142578,25031700,107.24884796142578
2015-11-11,107.60663054277848,109.19683347050916,106.4537417610882,108.34210205078125,25057100,108.34210205078125
2015-11-12,107.8153501951945,108.71977071425155,107.33828780193124,107.35816192626953,20924700,107.35816192626953
2015-11-13,107.05005968780682,107.58675201656023,103.19383518592771,103.31309509277344,30278400,103.31309509277344
2015-11-16,102.68697511037634,103.53176578414462,99.85443810649417,103.4025650024414,49309200,103.4025650024414
2015-11-17,103.97900056851533,105.54931421485138,103.50193817114202,104.48587036132812,26807200,104.48587036132812
2015-11-18,105.15176440241176,107.21901443967644,104.74427284060944,107.10968780517578,23836500,107.10968780517578
2015-11-19,106.70221425248674,107.0699500210724,105.30084957294258,105.60895538330078,25520600,105.60895538330078
2015-11-20,106.18539030957574,107.20908589434873,105.96674461358722,106.6624526977539,22129600,106.6624526977539
2015-11-23,106.53326615739694,106.81154942821678,105.4300663461823,106.29473114013672,19897200,106.29473114013672
2015-11-24,105.35054168052895,105.83753734440086,103.75040548801461,105.09213256835938,23577300,105.09213256835938
2015-11-25,105.67852922369957,105.94687162606245,104.45606196645748,104.76416778564453,15150800,104.76416778564453
2015-11-27,105.13189687889914,105.31079434288374,104.21753543304455,104.80391693115234,5913100,104.80391693115234
2015-11-30,105.1915291199196,105.44993825853308,103.11433790445618,103.60133361816406,20383200,103.60133361816406
2015-12-01,104.18771388256218,106.49349906037348,103.85973395549837,106.46368408203125,22781900,106.46368408203125
2015-12-02,106.34441483651467,107.25877620966564,105.14182937304773,105.42011260986328,24429100,105.42011260986328
2015-12-03,105.6188981959814,106.19534645308826,102.71679036610966,103.740478515625,23236500,103.740478515625
2015-12-04,104.16783301129202,107.06994810983903,103.47212490222407,105.5294418334961,21224700,105.5294418334961
2015-12-07,105.82760870920498,106.17546277006508,104.01876001008266,104.96293640136719,15474900,104.96293640136719
2015-12-08,103.36279788509081,106.25497211943201,103.31310119920158,105.83753967285156,20401800,105.83753967285156
2015-12-09,105.52943523138944,105.7878443340123,102.91555197639218,103.95911407470703,23517300,103.95911407470703
2015-12-10,104.40637306014865,105.74810023982586,103.7702948774476,104.77410125732422,17454300,104.77410125732422
2015-12-11,103.51187712975964,103.70070784841654,101.28560367562223,101.49431610107422,26427700,101.49431610107422
2015-12-14,101.66327128410377,104.09825712988612,100.83835486449695,104.01875305175781,24648100,104.01875305175781
2015-12-15,104.65483625253,105.151772782537,103.64108148503195,103.90943145751953,21764300,103.90943145751953
2015-12-16,104.7244136556985,106.43386905710489,103.55164306775156,106.13571166992188,22680500,106.13571166992188
2015-12-17,106.83142951096171,107.08983866940832,105.47976133506523,105.5692138671875,21675700,105.5692138671875
2015-12-18,105.43006716907561,105.9369370237463,103.33299418419344,103.4025650024414,35994200,103.4025650024414
2015-12-21,104.26722384707449,104.5057512525741,102.9652450137048,104.1280746459961,16138800,104.1280746459961
2015-12-22,104.57531657417896,105.01262311352176,104.16782501112787,104.86354064941406,14597100,104.86354064941406
2015-12-23,105.24120413628596,105.45985739449452,103.22364329805936,103.98892211914062,19599700,103.98892211914062
2015-12-24,104.0982579055494,104.67470607650843,103.85973050408853,104.37654113769531,6501800,104.37654113769531
2015-12-28,104.37653963827135,105.33066439570707,103.88954398901197,105.28096771240234,13069700,105.28096771240234
2015-12-29,105.76797164699968,107.07988381293089,105.59901504276722,106.60282897949219,17179900,106.60282897949219
2015-12-30,106.34443375987648,106.59290206305376,105.41019051348162,105.5692138671875,13115000,105.5692138671875
2015-12-31,105.350539247861,105.51949584002644,103.97899722136901,104.01875305175781,18391100,104.01875305175781
2016-01-04,101.325346645031,101.61357071734855,99.1388291357483,101.59369659423828,37912400,101.59369659423828
2016-01-05,102.25960168902395,103.07457732004026,101.04707530522289,102.1005859375,23258200,102.1005859375
2016-01-06,100.5103884276762,103.13421292395765,100.28180185060225,102.33911895751953,25096200,102.33911895751953
2016-01-07,99.88424754393797,100.80854983944161,96.70385662535023,97.32005310058594,45172900,97.32005310058594
2016-01-08,99.26802935681557,99.88423332699445,96.43549291332613,96.73365783691406,35402300,96.73365783691406
2016-01-11,97.31011023054984,97.99587745252934,94.80554599438763,96.91255950927734,29932400,96.91255950927734
2016-01-12,98.3934336689156,99.3475509036659,96.95232075429946,98.76116943359375,28395400,98.76116943359375
2016-01-13,99.96375443144859,99.96375443144859,94.6266533568512,94.8552474975586,33410600,94.8552474975586
2016-01-14,95.26273890885928,98.26424003656938,91.88356871787617,97.76730346679688,48658600,97.76730346679688
2016-01-15,93.4041979351693,95.78948732592441,92.9668913416275,94.38813018798828,46132800,94.38813018798828
2016-01-19,95.93855349067906,96.82309979887575,93.3445445159206,94.67633819580078,30998300,94.67633819580078
2016-01-20,92.26124308151067,94.4179459211364,88.8224430136694,93.77192687988281,59051400,93.77192687988281
2016-01-21,94.32848884678175,95.4018659100529,92.0525187963699,93.58308410644531,30518900,93.58308410644531
2016-01-22,95.81930313990514,97.46912843840015,94.90493418302229,97.33992767333984,30495400,97.33992767333984
2016-01-25,98.11515629220568,98.87050199172563,96.33612248529235,96.41563415527344,32482000,96.41563415527344
2016-01-26,97.16102371901611,97.2802836225805,95.07389199750033,96.74359130859375,26877100,96.74359130859375
2016-01-27,97.19084733250322,97.25047728958488,93.6526616695309,93.87130737304688,58699400,93.87130737304688
2016-01-28,106.54319648508047,109.66395750614534,104.16784031139066,108.44149780273438,107475300,108.44149780273438
2016-01-29,108.32222650522122,112.1486364045936,108.1731440244353,111.52249908447266,62739500,111.52249908447266
2016-02-01,111.5821277559799,115.01099444388454,111.32372621375974,114.38484954833984,46132700,114.38484954833984
2016-02-02,114.09662944409176,116.86952858744702,112.50642649419461,113.90779113769531,59778600,113.90779113769531
2016-02-03,114.56374422566722,114.63331503652228,109.07756827390588,111.99955749511719,56919300,111.99955749511719
2016-02-04,111.11500522368824,111.25414683806635,108.58062602259541,109.81302642822266,38890200,109.81302642822266
2016-02-05,108.83903710040065,108.90860790885075,102.54781903176514,103.43236541748047,76894700,103.43236541748047
2016-02-08,99.79479191422155,102.05088029564521,96.86286200450927,99.13883209228516,71229700,99.13883209228516
2016-02-09,96.54483303096968,101.7726076982097,96.22679393995794,98.93013000488281,62709000,98.93013000488281
2016-02-10,100.92780535877107,102.61738641191238,99.625826583203,100.38117218017578,45179400,100.38117218017578
2016-02-11,98.9897470211509,104.46598924913823,98.27415726428117,101.28559875488281,43670600,101.28559875488281
2016-02-12,103.10438292156994,103.60131942168904,100.47061795440884,101.3849868774414,36176800,101.3849868774414
2016-02-16,103.16403423361189,103.29323501114172,99.625840724096,100.9874496459961,45687200,100.9874496459961
2016-02-17,101.39492617803477,105.07226104720195,99.78485667479129,104.5554428100586,44073400,104.5554428100586
2016-02-18,105.15177810786452,105.35054969687407,102.39874534591688,102.83605194091797,29593500,102.83605194091797
2016-02-19,101.92168577675857,104.37654587614738,101.43468251574504,103.92930603027344,32404500,103.92930603027344
2016-02-22,104.84365957174569,107.58675114675862,104.69457710674459,106.50343322753906,35709700,106.50343322753906
2016-02-23,106.19534105855197,106.81154512098315,104.47594481204342,104.81385803222656,25319300,104.81385803222656
2016-02-24,103.57150434439228,106.29471423926037,102.11050982223608,106.22514343261719,34412400,106.22514343261719
2016-02-25,106.45375014940957,107.40786743164062,104.96294047417668,107.40786743164062,29906300,107.40786743164062
2016-02-26,108.03399354106494,108.779398301236,106.5034357729118,107.25877380371094,26686200,107.25877380371094
2016-02-29,106.94073415634179,108.24271295317028,106.09594361597628,106.26490020751953,32779000,106.26490020751953
2016-03-01,107.16933521208138,109.14714050292969,106.94074106907338,109.14714050292969,26817300,109.14714050292969
2016-03-02,109.0080018987134,109.8726742253675,108.10357373814588,109.2763442993164,25670200,109.2763442993164
2016-03-03,109.57450058727818,109.62419727139792,107.87497863094444,108.90860748291016,21353100,108.90860748291016
2016-03-04,109.37573938331366,109.37573938331366,107.2687256489023,107.72590637207031,24938900,107.72590637207031
2016-03-07,107.40785055556555,107.40785055556555,104.07837765387363,105.08219146728516,31436400,105.08219146728516
2016-03-08,104.13801224023706,106.71214726590664,103.76034322812866,105.28096771240234,25617000,105.28096771240234
2016-03-09,106.046245559448,106.85128784179688,104.84366014512096,106.85128784179688,20493300,106.85128784179688
2016-03-10,107.24884172525104,107.99424649370793,105.12194647654987,106.6624526977539,24854300,106.6624526977539
2016-03-11,107.8153522969524,108.74958781205365,107.25877823018713,108.73965454101562,20697600,108.73965454101562
2016-03-14,108.61044217477993,109.65401187655678,108.10356481254695,109.21670532226562,17249400,109.21670532226562
2016-03-15,108.44149609825814,110.1509590679264,108.1731461111369,109.99193572998047,17618500,109.99193572998047
2016-03-16,109.81302794958088,111.81071484461314,109.42541807806485,111.49267578125,24744800,111.49267578125
2016-03-17,111.46286411464877,111.9995564717623,110.05156620297038,110.33978271484375,24241200,110.33978271484375
2016-03-18,110.87647752347532,111.73120897229718,109.59438035024252,110.76715087890625,36256900,110.76715087890625
2016-03-21,110.97584978933025,111.68149862655788,110.34970501995417,111.16468048095703,18448000,111.16468048095703
2016-03-22,110.67770183503623,112.18838551256418,110.48886353185168,111.56224822998047,19001100,111.56224822998047
2016-03-23,111.3237275983572,112.49649815486161,111.3137867442559,111.85047912597656,18562000,111.85047912597656
2016-03-24,111.44299179368377,112.3971090924744,110.9957519164117,112.35736083984375,17839100,112.35736083984375
2016-03-28,112.62569532781383,113.88791078293686,112.25795956431908,112.9934310913086,21351800,112.9934310913086
2016-03-29,113.13257659007061,115.60731848149318,112.94373827496106,115.42842102050781,29825300,115.42842102050781
2016-03-30,116.01479133297951,116.2731928372274,113.6593097413055,113.99722290039062,33235200,113.99722290039062
2016-03-31,113.99723171592414,114.30533750658242,113.07292950924804,113.40090942382812,21207500,113.40090942382812
2016-04-01,113.05307055526953,115.45824175296093,112.65551977964401,115.34891510009766,24760500,115.34891510009766
2016-04-04,113.371096267405,113.84815865833322,110.92616952269024,111.86041259765625,48487900,111.86041259765625
2016-04-05,111.42309829440639,112.6256836676232,111.2143858824579,111.53242492675781,22962400,111.53242492675781
2016-04-06,111.78090518275684,113.11269145434284,111.73120849629179,113.0133056640625,20814600,113.0133056640625
2016-04-07,113.09281568991626,114.18607453245126,112.37722587803164,112.94373321533203,20714500,112.94373321533203
2016-04-08,113.55000232750675,113.62951399579966,109.22665583419295,109.95217895507812,48497800,109.95217895507812
2016-04-11,110.02174957588987,110.23046960045458,108.103574181931,108.32222747802734,39762300,108.32222747802734
2016-04-12,108.67006621332902,110.47892228664001,108.32221219255727,109.93228912353516,26248100,109.93228912353516
2016-04-13,111.54237917161409,111.9598040456283,105.86735720868116,109.83291625976562,88227400,109.83291625976562
2016-04-14,109.94224296345406,111.35354091881113,109.5844480476382,110.160888671875,28473300,110.160888671875
2016-04-15,110.1112020455037,110.29009950743779,108.53093986797762,108.96824645996094,20922800,108.96824645996094
2016-04-18,109.06762831464097,110.13107219366073,108.53093594822215,109.77327728271484,21167200,109.77327728271484
2016-04-19,110.41930120478374,111.76102838918777,108.49119252408796,111.60201263427734,30210500,111.60201263427734
2016-04-20,111.7411420250463,112.57599170785319,110.87646978272551,111.731201171875,21027900,111.731201171875
2016-04-21,111.86042573473199,113.3412946007102,111.62189071992918,112.7449722290039,20875200,112.7449722290039
2016-04-22,110.5286332062287,111.06532562251057,108.34211528743633,109.88261413574219,38458200,109.88261413574219
2016-04-25,109.19682849690112,109.99192234190265,108.4017270692504,109.4254150390625,21017900,109.4254150390625
2016-04-26,109.81301619603323,109.82295704831947,107.48735721585777,108.09362030029297,22521500,108.09362030029297
2016-04-27,107.27866296007818,108.27253604265768,105.6586449825777,108.22283935546875,52213100,108.22283935546875
2016-04-28,118.8473376174337,120.04992306238358,115.51786451511467,116.01480102539062,87110100,116.01480102539062
2016-04-29,116.10425818353553,117.11800543488198,115.13025918446525,116.85960388183594,37140600,116.85960388183594
2016-05-02,117.1080723860411,118.00255971696124,115.85579012275292,117.84353637695312,28095200,117.84353637695312
2016-05-03,116.79994755172184,117.43603322558373,116.30301106904618,116.71050262451172,24117500,116.71050262451172
2016-05-04,115.89554171461258,117.57518966436491,115.85578588106608,117.33665466308594,23448400,117.33665466308594
2016-05-05,117.31678232209364,118.25102546802188,116.53162165856992,117.08818817138672,22056700,117.08818817138672
2016-05-06,116.44217034689366,118.9069712681919,116.39247366126159,118.75788879394531,26395600,118.75788879394531
2016-05-09,118.80757960660564,119.54304350517666,118.17150149173624,118.50941467285156,21138100,118.50941467285156
2016-05-10,118.88709792990868,119.76170349121094,118.27089390418341,119.76170349121094,23220000,119.76170349121094
2016-05-11,119.6722507785688,120.33814386433104,118.68831105556576,118.7876968383789,22038400,118.7876968383789
2016-05-12,119.24488768900257,120.0996115059579,118.17150301285028,119.54304504394531,22035500,119.54304504394531
2016-05-13,119.64243506976085,119.90084418599025,118.9467269675851,119.075927734375,18124300,119.075927734375
2016-05-16,118.64857352375341,118.87716768386146,116.63101224916862,117.94292449951172,31247800,117.94292449951172
2016-05-17,118.09198352328762,118.28082181008749,116.48190661579392,116.63098907470703,21328600,116.63098907470703
2016-05-18,116.08437810459561,117.54536515430641,116.01480729270463,116.92916870117188,21642300,116.92916870117188
2016-05-19,116.33284193402463,116.77014091380268,115.17000471871953,116.09430694580078,20544100,116.09430694580078
2016-05-20,116.24337923112223,117.26706715559739,116.23343837848834,116.63098907470703,18944800,116.63098907470703
2016-05-23,116.70058880858068,116.87948628709634,115.22966072536366,115.25947570800781,20441000,115.25947570800781
2016-05-24,115.52780515510615,117.00868150969828,115.40854523792817,116.9788589477539,20183600,116.9788589477539
2016-05-25,117.40622914727892,117.94292154296345,116.66082430593654,117.1677017211914,20019800,117.1677017211914
2016-05-26,117.51554703616232,119.02623831494053,117.19750796420631,118.7380142211914,18481300,118.7380142211914
2016-05-27,118.82747230078246,119.11569642641561,118.28084661367168,118.64857482910156,13493600,118.64857482910156
2016-05-31,118.72808080558038,119.36415898934104,117.39629447790963,118.08206176757812,23547600,118.08206176757812
2016-06-01,117.77396283782136,118.35041105804501,117.09812882371604,118.05224609375,15029500,118.05224609375
2016-06-02,117.96279704934459,118.7082018514945,117.49567549344002,118.20132446289062,13228300,118.20132446289062
2016-06-03,118.2510256623428,118.2510256623428,117.13788505222995,117.74414825439453,14135100,117.74414825439453
2016-06-06,117.89323058660707,118.69826537617703,117.63482145585436,118.06218719482422,12744700,118.06218719482422
2016-06-07,118.50942586081062,118.56906340278111,116.94904540317394,117.03849792480469,17103000,117.03849792480469
2016-06-08,117.03848979785782,117.87333950097448,116.551486555057,117.66462707519531,14505600,117.66462707519531
2016-06-09,117.40622192709066,117.95285514351855,116.98879706144554,117.83358764648438,13859200,117.83358764648438
2016-06-10,116.81984083002064,117.38634817308574,115.54768452156915,115.90547943115234,18510800,115.90547943115234
2016-06-13,114.29540079061822,114.77246319115358,112.61575290907342,113.2518310546875,31718200,113.2518310546875
2016-06-14,113.37108374973315,114.24568919010916,112.88408814177991,114.23575592041016,17618500,114.23575592041016
2016-06-15,114.59355804535555,114.73269965645153,113.37109093912764,113.89784240722656,19819400,113.89784240722656
2016-06-16,113.17232206303576,113.79845932783694,112.24801986300588,113.68913269042969,19236300,113.68913269042969
2016-06-17,113.71894598388477,113.72888683695169,111.87034161119242,112.32752227783203,24644300,112.32752227783203
2016-06-20,113.07293531090757,114.01711927259998,112.0591881205949,112.6753921508789,20785400,112.6753921508789
2016-06-21,113.42079006754656,114.50410800339361,113.27170760025724,113.67919158935547,19166300,113.67919158935547
2016-06-22,113.94755351643464,114.03699845661426,112.91392457267537,113.21208953857422,14846300,113.21208953857422
2016-06-23,113.66925951615578,114.38484171791342,112.84434309342832,114.37490844726562,16176900,114.37490844726562
2016-06-24,110.32985140856691,112.9834906804532,110.31991055474438,111.39329528808594,40643100,111.39329528808594
2016-06-27,110.88641363695665,110.88641363695665,107.56688135693244,108.3023452758789,36130400,108.3023452758789
2016-06-28,109.9521740333708,112.05918765291791,109.87266995128671,112.00949096679688,26813800,112.00949096679688
2016-06-29,112.67539537623688,113.55000096904536,112.34741543543998,113.46055603027344,20968300,113.46055603027344
2016-06-30,113.96742097960983,114.47429835894529,112.97354792824987,113.5798110961914,23192700,113.5798110961914
2016-07-01,113.50030497559257,114.42460726180616,113.11269507324332,113.49037170410156,14980000,113.49037170410156
2016-07-05,113.24189601683432,113.50029754638672,112.2778379598095,113.50029754638672,14207000,113.50029754638672
2016-07-06,112.66544549446638,116.07443023642216,112.27783562554673,115.98497772216797,24337600,115.98497772216797
2016-07-07,115.91541756296054,116.25333836180346,114.65320205536061,115.14019775390625,16630200,115.14019775390625
2016-07-08,115.71663278324773,116.78007658157826,115.14018462794542,116.52166748046875,18142600,116.52166748046875
2016-07-11,116.98878857180952,117.97272070732812,116.7800761541328,117.14781188964844,17711600,117.14781188964844
2016-07-12,117.90315897918649,117.99261149802041,116.849655956663,117.20745086669922,15217700,117.20745086669922
2016-07-13,117.66462745746085,117.67456831090628,115.96510548546676,116.06449127197266,16207700,116.06449127197266
2016-07-14,116.7800777770225,116.91921939074064,115.98497634207669,116.57136535644531,14579700,116.57136535644531
2016-07-15,117.01861037295235,117.55530272798573,115.86572158197846,116.14400482177734,16646000,116.14400482177734
2016-07-18,116.60118335788934,118.87715350224418,116.17381765248386,118.63862609863281,20868400,118.63862609863281
2016-07-19,118.26095559643765,120.10956013076137,117.93298324304462,119.87103271484375,21541300,119.87103271484375
2016-07-20,120.5071110063154,121.4512873996967,119.82133615434697,121.17300415039062,20046500,121.17300415039062
2016-07-21,121.17300402242932,121.35190148003,119.5132377996424,119.87103271484375,17801700,119.87103271484375
2016-07-22,119.1653852195884,120.26858495806358,118.57899615246696,120.2586441040039,18422400,120.2586441040039
2016-07-25,120.64624585162832,121.10342653303414,117.05836362614951,120.88477325439453,18487400,120.88477325439453
2016-07-26,121.25251470430149,121.32208551598977,120.01017336511808,120.477294921875,17612000,120.477294921875
2016-07-27,121.66993580271753,124.23413006713916,120.76551527880652,122.58429718017578,52654200,122.58429718017578
2016-07-28,126.73870316754002,127.54374559058807,122.8725371469548,124.23414611816406,78955800,124.23414611816406
2016-07-29,123.88627485777374,125.06897860872076,122.95203178198159,123.18062591552734,35058800,123.18062591552734
2016-08-01,123.09117441432866,123.81670506946335,122.10724222845519,123.54835510253906,25006900,123.54835510253906
2016-08-02,123.29988107544013,124.03535254970971,121.32207594266735,122.33582305908203,23968400,122.33582305908203
2016-08-03,122.33583240177158,123.16074886873075,121.56061262131348,121.75939178466797,18525300,121.75939178466797
2016-08-04,122.18675506879136,124.02541869288561,121.75938935442137,123.59805297851562,21066000,123.59805297851562
2016-08-05,124.21426025498914,125.06898412348659,123.85646534136241,124.38321685791016,20184000,124.38321685791016
2016-08-08,124.48259759865938,124.68136917254354,123.7868895074153,124.49253845214844,15233900,124.49253845214844
2016-08-09,124.5720530965234,125.31745793577781,123.7670182965767,124.29376983642578,19621000,124.29376983642578
2016-08-10,124.30369119471482,124.7111827492675,123.7769397374825,124.11485290527344,10670100,124.11485290527344
2016-08-11,124.43290774340166,124.61180520277604,123.98566788629063,124.13475036621094,11729500,124.13475036621094
2016-08-12,123.93595546860502,124.23412039060204,123.41914486414565,124.11485290527344,12159000,124.11485290527344
2016-08-15,124.14469070919075,124.15462398053462,122.94209760339412,123.14087677001953,19295100,123.14087677001953
2016-08-16,122.74331960826123,123.16074446239676,122.02772981108632,122.54454803466797,14222400,122.54454803466797
2016-08-17,122.902337537475,123.61791972058424,122.09729525967225,123.60798645019531,13794200,123.60798645019531
2016-08-18,123.25021129883257,123.49867958601845,122.88247550404331,123.15082550048828,12400800,123.15082550048828
2016-08-19,122.84271146065298,123.39928554296509,122.52467237761027,122.8029556274414,11688300,122.8029556274414
2016-08-22,122.57436006793021,124.06516958201553,122.35570679264049,123.38933563232422,14386400,123.38933563232422
2016-08-23,123.74712806213176,124.32356863330455,123.48871896168586,123.60798645019531,13309500,123.60798645019531
2016-08-24,123.70738961124339,123.9260429129029,122.33583983997923,122.72345733642578,12243700,122.72345733642578
2016-08-25,122.36566431323685,123.60800574419325,122.34578260405735,123.13094329833984,10730800,123.13094329833984
2016-08-26,123.28995356166219,124.42296821988383,123.15081194276827,124.19437408447266,17504800,124.19437408447266
2016-08-29,123.5881098502007,125.95353251614677,123.5881098502007,125.76469421386719,15925900,125.76469421386719
2016-08-30,125.82433832620157,125.82433832620157,124.38322530261114,125.0689926147461,17804300,125.0689926147461
2016-08-31,124.83044893774637,125.44665293566614,124.33351243116087,125.3472671508789,14200600,125.3472671508789
2016-09-01,125.60568510640154,125.85415339219864,124.83046526793859,125.39697265625,13536100,125.39697265625
2016-09-02,126.07279172893223,126.08273258232599,125.22800117404988,125.73487854003906,12118800,125.73487854003906
2016-09-06,125.89390095463376,129.14387016557004,125.69512937211863,128.93515014648438,26278400,128.93515014648438
2016-09-07,129.24323365359857,131.17134963151562,129.15378872644933,130.24705505371094,27990800,130.24705505371094
2016-09-08,130.1178589558709,130.27688228485005,129.01465925468946,129.4718475341797,15676600,129.4718475341797
2016-09-09,128.91528308641932,129.1538029183601,126.3212661743164,126.3212661743164,27100700,126.3212661743164
2016-09-12,125.18825059580399,127.97109063351188,124.97953816167464,127.90152740478516,21252800,127.90152740478516
2016-09-13,127.24556335327911,127.56361000356132,125.8839621493435,126.43058776855469,18016200,126.43058776855469
2016-09-14,126.1125541508802,128.01085536787744,126.1125541508802,126.9871597290039,15691100,126.9871597290039
2016-09-15,127.19587812799158,128.3090186899585,126.88777232180225,127.56361389160156,15077200,127.56361389160156
2016-09-16,127.41452543290873,128.3885168020433,127.41452543290873,128.27920532226562,24119200,128.27920532226562
2016-09-19,129.11403735264201,129.14385232763613,127.47413790147824,127.86174774169922,14958800,127.86174774169922
2016-09-20,127.86177805985184,128.37859635779188,127.24558154346643,127.85184478759766,11083800,127.85184478759766
2016-09-21,128.33884032454225,129.2134383542356,127.60336875917946,129.1438751220703,14068300,129.1438751220703
2016-09-22,129.7004296109185,129.92901616011764,128.7661865420625,129.2830047607422,15538300,129.2830047607422
2016-09-23,126.77844413556363,127.81208060260984,126.52004260145172,127.17599487304688,28326300,127.17599487304688
2016-09-26,126.58962106345732,127.3747817322167,126.02311369266259,126.52998352050781,15064900,126.52998352050781
2016-09-27,126.82814267270581,128.2195589002349,126.64924521735927,127.90152740478516,15637100,127.90152740478516
2016-09-28,128.41835061999421,128.67675216788723,127.61330066577739,128.43821716308594,12047600,128.43821716308594
2016-09-29,128.38852437695573,128.4978510284833,126.76852147833849,127.30520629882812,14532200,127.30520629882812
2016-09-30,127.24556535034152,127.80213183177146,126.66911716163217,127.48410034179688,18402900,127.48410034179688
2016-10-03,127.59342345311832,128.29906480636933,127.01697528036044,127.98103332519531,13156900,127.98103332519531
2016-10-04,128.3785858077967,128.48791245481314,126.76851624746386,127.40459442138672,14307500,127.40459442138672
2016-10-05,127.46423852740276,128.01087182315368,127.04681360118428,127.68289184570312,12386800,127.68289184570312
2016-10-06,127.64310427728653,128.2692491308103,127.2952578205612,127.95121765136719,11682700,127.95121765136719
2016-10-07,128.24935802863672,128.45807801962007,127.54371673092153,128.19967651367188,12804400,128.19967651367188
2016-10-10,128.8854350187357,129.8991896594055,128.40838025589596,129.4420166015625,15138700,129.4420166015625
2016-10-11,129.4320820567988,129.8395736438273,127.44433597213194,128.09036254882812,17537900,128.09036254882812
2016-10-12,128.21955970462434,128.86558630133672,127.67294164664408,128.2593231201172,11073000,128.2593231201172
2016-10-13,127.42447508472851,127.46422333545407,125.97341370579963,127.03685760498047,17139300,127.03685760498047
2016-10-14,127.7027597312501,128.15993286343894,126.79833157303749,127.09648895263672,13345300,127.09648895263672
2016-10-17,127.41451240138964,127.6828623510062,126.53990691287251,126.75856018066406,11351700,126.75856018066406
2016-10-18,127.89156091392275,128.59721736453062,127.22566787294488,127.7822494506836,13504000,127.7822494506836
2016-10-19,127.95120413935373,129.67060003068227,127.81206253829762,129.31280517578125,16752300,129.31280517578125
2016-10-20,129.27308486793908,129.8594663730142,128.70656990638147,129.20350646972656,13167500,129.20350646972656
2016-10-21,128.9848707363468,131.32047896829837,128.90535905554609,131.26084899902344,19088800,131.26084899902344
2016-10-24,131.90684289801968,132.5926177834981,131.34032793512864,132.46340942382812,17470200,132.46340942382812
2016-10-25,132.68207015490745,132.68207015490745,131.40991369173994,131.47947692871094,13336800,131.47947692871094
2016-10-26,130.83343616681543,131.44963255062265,130.13772812617856,130.2371063232422,13084700,130.2371063232422
2016-10-27,130.93282832954782,130.99245828029922,128.4779609216299,128.8953857421875,16741400,128.8953857421875
2016-10-28,129.7004577753175,132.15532589049593,129.13394274936763,130.48561096191406,24545500,130.48561096191406
2016-10-31,131.20116320013656,131.31048983169023,130.07809707450104,130.1874237060547,15669000,130.1874237060547
2016-11-01,130.60485936693746,131.13161086306178,127.86176008038927,128.70655822753906,22077800,128.70655822753906
2016-11-02,129.4320800291002,129.4320800291002,125.50628460644498,126.39083099365234,39640900,126.39083099365234
2016-11-03,121.2525011698405,122.52465734593959,118.76781876881918,119.26475524902344,63766300,119.26475524902344
2016-11-04,118.85727361296776,121.18294047735348,118.51936041790506,120.01016998291016,30545500,120.01016998291016
2016-11-07,122.07743005496619,122.45509908886409,120.60649458648281,121.40159606933594,23008900,121.40159606933594
2016-11-08,121.28233122999286,123.84652560660585,120.795335541964,123.45891571044922,19460800,123.45891571044922
2016-11-09,120.75557827472002,123.05142264510009,119.77164605636423,122.42528533935547,31916000,122.42528533935547
2016-11-10,123.17069561270637,123.41916389179416,114.56375078543319,120.05987548828125,67846700,120.05987548828125
2016-11-11,118.79764888191268,119.9604785739257,117.42610675153706,118.290771484375,32840100,118.290771484375
2016-11-14,118.40008961058086,118.40008961058086,112.85428394672546,114.37490844726562,51377000,114.37490844726562
2016-11-15,116.01480437125547,117.76401547836649,115.12031711043187,116.48191833496094,34681400,116.48191833496094
2016-11-16,113.7785926970785,117.15775507807976,113.5102427211703,115.62718963623047,32397900,115.62718963623047
2016-11-17,116.09429192451667,117.06829071044922,115.29919814792846,117.06829071044922,18597800,117.06829071044922
2016-11-18,117.66463313908378,118.40009709391981,116.12412683458344,116.30302429199219,22879300,116.30302429199219
2016-11-21,117.47578425538002,121.2028079637696,117.07824112593778,121.02391052246094,35415400,121.02391052246094
2016-11-22,121.6500790352478,122.22652730084258,120.15926926173411,120.72577667236328,26089200,120.72577667236328
2016-11-23,120.48723447407001,120.56673855610501,119.20513731596563,120.09961700439453,15672100,120.09961700439453
2016-11-25,120.26857036182834,120.397771118324,119.33432734250101,119.64242553710938,8658600,119.64242553710938
2016-11-28,119.38403237800713,120.94441274859192,119.0858674327389,119.67225646972656,18101300,119.67225646972656
2016-11-29,119.8312753545328,121.3518999334337,119.66231875302154,120.12944030761719,18891000,120.12944030761719
2016-11-30,119.58281078007448,121.04380544652794,117.22732880939951,117.69445037841797,30188900,117.69445037841797
2016-12-01,117.6546774637215,117.72424826713579,113.3015166586937,114.394775390625,43277000,114.394775390625
2016-12-02,114.40473091379957,115.76633976396745,113.5996961449663,114.69295501708984,25070400,114.69295501708984
2016-12-05,115.23956729942623,116.84964423304899,114.36496181967068,116.71050262451172,20201500,116.71050262451172
2016-12-06,116.96892417855393,117.07825082300032,115.61725619508016,116.59124755859375,19131200,116.59124755859375
2016-12-07,116.28314905709219,117.22732543945312,115.85578333417466,117.22732543945312,21913700,117.22732543945312
2016-12-08,117.25715520539126,118.76783902651727,116.91923439823728,118.18145751953125,22442800,118.18145751953125
2016-12-09,118.48954325639589,119.20513304763594,118.22119329335617,118.94672393798828,17464700,118.94672393798828
2016-12-12,118.48955193794524,118.50942606353608,116.92917147763931,117.04843139648438,17805500,117.04843139648438
2016-12-13,117.13787484963345,120.77544616314192,116.88940659440898,119.57286071777344,29768000,119.57286071777344
2016-12-14,119.2647601748268,120.9444079737367,118.12180470662153,119.47347259521484,25913100,119.47347259521484
2016-12-15,119.34428025799757,121.74945127144237,118.89703282618608,119.8312759399414,20139600,119.8312759399414
2016-12-16,120.15925475240323,120.75557707327216,118.53923680790714,119.13556671142578,25324300,119.13556671142578
2016-12-19,119.11567781087541,119.62255516519764,117.78389162744548,118.50941467285156,15918100,118.50941467285156
2016-12-20,118.76783554410032,119.03617794494693,118.07212740660911,118.36034393310547,13684400,118.36034393310547
2016-12-21,118.19138618582531,118.46966943813769,117.75408718189867,118.31065368652344,10767600,118.31065368652344
2016-12-22,118.13175601004612,118.26095678191125,116.21358064424115,116.68070220947266,16258600,116.68070220947266
2016-12-23,116.28314078116753,116.83970723367239,115.58743271553648,116.55148315429688,10890000,116.55148315429688
2016-12-27,116.24339464835346,117.95285756096378,116.14400885677958,117.2869644165039,12051500,117.2869644165039
2016-12-28,117.46585148763154,117.5254814407732,115.93528616825242,116.20362854003906,12087400,116.20362854003906
2016-12-29,116.28314208044247,116.80989356211289,115.34889902531421,115.63712310791016,9934900,115.63712310791016
2016-12-30,115.88560685289895,116.1142010119492,114.06681718301094,114.34510803222656,18684100,114.34510803222656
2017-01-03,115.3190883733381,117.11799616107344,114.80227772551869,116.14400482177734,20663900,116.14400482177734
2017-01-04,116.8297843601799,118.92685717946925,116.57137523452792,117.96279907226562,19630900,117.96279907226562
2017-01-05,118.13175619436748,120.20894731473598,117.59506381534813,119.9306640625,19492200,119.9306640625
2017-01-06,120.2387654332926,123.12099122434834,119.2945814822143,122.65387725830078,28545300,122.65387725830078
2017-01-09,122.79302321222796,124.66150189029945,122.28614581355886,124.13475036621094,22880400,124.13475036621094
2017-01-10,124.05523342275353,124.73106739801689,123.51854106745765,123.5881118774414,17324600,123.5881118774414
2017-01-11,123.58811446225079,125.34727403851005,123.29989036267582,125.31745147705078,18356500,125.31745147705078
2017-01-12,124.84038629593603,125.95352676927735,124.0353516042534,125.84420013427734,18653900,125.84420013427734
2017-01-13,126.70888215367052,128.4779826796009,126.58962223197082,127.55367279052734,24884300,127.55367279052734
2017-01-17,127.2554968652084,127.55366180908811,126.61942631138737,127.0865478515625,15294500,127.0865478515625
2017-01-18,127.62324134970828,127.64310789159315,126.06285338969529,127.13623809814453,13145900,127.13623809814453
2017-01-19,127.44432762692753,127.56360269660067,126.66910791789368,126.76850128173828,12195500,126.76850128173828
2017-01-20,127.31514542958541,127.69280688110153,126.00322570715211,126.26163482666016,19097200,126.26163482666016
2017-01-23,126.52997567654357,128.45809182162944,126.17218077162765,128.14004516601562,16593600,128.14004516601562
2017-01-24,128.5872799777064,129.1040829639709,127.5934070829405,128.57733154296875,15162700,128.57733154296875
2017-01-25,129.203510450031,130.93285520325512,128.97492387013443,130.6744384765625,18731300,130.6744384765625
2017-01-26,130.823513250516,132.32425608304212,130.63467494626258,131.96646118164062,20020100,131.96646118164062
2017-01-27,131.86706897120067,132.13541894093672,130.27688119066306,131.37013244628906,19539500,131.37013244628906
2017-01-30,130.77382014145064,130.77382014145064,128.80595571258024,130.177490234375,18956100,130.177490234375
2017-01-31,129.37245535088124,129.85945861336708,128.72644392325466,129.52154541015625,19790500,129.52154541015625
2017-02-01,131.43970498986354,132.6721129763081,129.879317091737,132.4136962890625,50139800,132.4136962890625
2017-02-02,132.40378356905336,134.65987988820754,129.60105397891897,130.03836059570312,54366400,130.03836059570312
2017-02-03,130.4359069379142,132.03604318442436,129.9588369461339,130.177490234375,24804900,130.177490234375
2017-02-06,130.17748506008496,131.25086975097656,129.50165867987485,131.25086975097656,17058500,131.25086975097656
2017-02-07,131.42978490379826,132.1851230043149,130.8533366828908,131.0322265625,14596400,131.0322265625
2017-02-08,131.78758911822172,133.61631212120304,131.6285657704926,133.37777709960938,22390600,133.37777709960938
2017-02-09,133.66599212723457,133.67592539823974,132.49321404075909,133.31813049316406,16470600,133.31813049316406
2017-02-10,133.2783529362871,134.11320247611602,132.8609130010767,133.3677978515625,15061900,133.3677978515625
2017-02-13,133.87471021155707,133.87471021155707,132.88083706200536,133.22869873046875,13526200,133.22869873046875
2017-02-14,133.27839076405763,133.40758395658065,131.73788440301993,133.02992248535156,14364900,133.02992248535156
2017-02-15,132.63233927563735,132.88080750776305,131.847186334851,132.62240600585938,13226500,132.62240600585938
2017-02-16,132.25470237717295,133.04978873503774,132.20500568848135,133.0199737548828,12831100,133.0199737548828
2017-02-17,132.68206856296328,133.26845009521722,132.35408859611758,132.71188354492188,12276500,132.71188354492188
2017-02-21,132.6820729998172,133.08956465394596,132.08574301010188,132.90072631835938,14759100,132.90072631835938
2017-02-22,132.78144630215343,135.951888610854,132.64230468097315,135.28599548339844,27360100,135.28599548339844
2017-02-23,135.05739108512628,135.28597761144664,133.506951749567,134.5306396484375,18422500,134.5306396484375
2017-02-24,133.3379970503622,134.7890430478046,133.3379970503622,134.6101531982422,12625700,134.6101531982422
2017-02-27,134.43127083788053,136.33950538127817,134.19275099826837,135.57423400878906,14306700,135.57423400878906
2017-02-28,135.95189028506812,135.97177199270993,133.92439589928748,134.7095489501953,16112100,134.7095489501953
2017-03-01,135.63385707773674,136.63766340413912,135.46490047816204,136.57803344726562,16257000,136.57803344726562
2017-03-02,136.25005329181414,136.9755915400293,135.47483352315348,135.9220733642578,12294800,135.9220733642578
2017-03-03,135.7928745720691,136.4885826478685,135.24624138204865,136.32955932617188,11160600,136.32955932617188
2017-03-06,136.04134867010475,136.98552503963367,135.6736053272193,136.57803344726562,12748200,136.57803344726562
2017-03-07,136.1904360149753,137.5222223912543,136.1506877618583,136.4587860107422,13527100,136.4587860107422
2017-03-08,136.30967529863594,137.1445401406783,136.21029709824168,136.87619018554688,10184500,136.87619018554688
2017-03-09,136.87618717838362,137.7209852723157,136.55814054739335,137.39300537109375,15535300,137.39300537109375
2017-03-10,138.05889603887238,138.6353441735273,137.37312127238118,137.9396209716797,16314100,137.9396209716797
2017-03-13,137.86011317164085,138.82415590837158,137.82034976407257,138.74465942382812,10955500,138.74465942382812
2017-03-14,138.60555704053357,138.60555704053357,137.67131384722947,138.46641540527344,12944000,138.46641540527344
2017-03-15,138.43657931194141,139.24162927275916,137.64149295335136,138.86395263671875,19344800,138.86395263671875
2017-03-16,139.34098326738462,139.39067994748422,138.87386177198385,139.1322784423828,13612900,139.1322784423828
2017-03-17,139.4801518987207,139.4801518987207,138.8440736999702,138.98321533203125,20592800,138.98321533203125
2017-03-20,138.85399403827057,139.33104879947035,138.39680581670177,139.08258056640625,12099500,139.08258056640625
2017-03-21,140.28517059973086,141.43806694172198,137.55201979681843,137.66134643554688,29894800,137.66134643554688
2017-03-22,137.08490823927892,138.93351279618918,136.75694346452858,138.7347412109375,17055400,138.7347412109375
2017-03-23,138.6253979228202,139.5298259672371,138.23778807025553,138.6750946044922,13022800,138.6750946044922
2017-03-24,139.22171630585666,140.155959249272,138.90366970158897,139.48011779785156,16664700,139.48011779785156
2017-03-27,138.19804316175896,139.78823085658146,137.91975993603253,139.46026611328125,12800500,139.46026611328125
2017-03-28,139.50001755532116,141.08027201588064,139.152155932547,140.8914337158203,14679400,140.8914337158203
2017-03-29,141.12002583665011,141.984690451521,140.56344424498505,141.77597045898438,16527600,141.77597045898438
2017-03-30,141.52752714888015,142.07416040152063,140.98090906154005,141.5374755859375,12404000,141.5374755859375
2017-03-31,141.4380737791978,141.75612044007346,141.0206489107731,141.17967224121094,11478300,141.17967224121094
2017-04-03,141.0603872860483,141.59708719738038,139.95720281727347,141.4082489013672,13564000,141.4082489013672
2017-04-04,140.99082638672064,141.21941293367982,140.40444494807383,140.8616180419922,12948600,140.8616180419922
2017-04-05,141.3883724145715,142.56115048112176,140.4243143579773,140.98089599609375,17158100,140.98089599609375
2017-04-06,141.23929678482406,141.34862342464692,140.04665218285567,140.3050537109375,15103400,140.3050537109375
2017-04-07,140.33487482183918,140.68273646337838,139.38076516468524,139.91744995117188,11818300,139.91744995117188
2017-04-10,140.13609403759327,140.56345215141425,139.76836587776606,140.17584228515625,9039400,140.17584228515625
2017-04-11,139.93732674916825,140.1659133015685,137.95951394452524,139.06271362304688,16638100,139.06271362304688
2017-04-12,138.8639493652631,139.53977578720307,138.58566611325253,138.7248077392578,11612500,138.7248077392578
2017-04-13,138.7645515229059,139.71867633144026,138.47633500878052,138.5359649658203,10965600,138.5359649658203
2017-04-17,138.90367981539427,140.68272091129592,138.89374654527396,140.5535125732422,11519700,140.5535125732422
2017-04-18,140.4044574883706,141.0405356675938,139.74849760080608,140.0963592529297,14807500,140.0963592529297
2017-04-19,140.4839692530457,142.16360205919477,140.40445758492564,141.39833068847656,15563900,141.39833068847656
2017-04-20,142.07416233613202,143.36620045124843,141.81576077922895,142.91896057128906,15968200,142.91896057128906
2017-04-21,143.0183359168344,143.28668590554653,141.3983330434692,142.7996826171875,12382000,142.7996826171875
2017-04-24,144.0718654800024,144.77750695813697,143.45565378472966,144.5787353515625,14407200,144.5787353515625
2017-04-25,144.8967449958761,146.24841294777448,144.8967449958761,145.59246826171875,17767500,145.59246826171875
2017-04-26,146.1887845890301,146.68572111846345,145.19491153016338,145.6620330810547,12395000,145.6620330810547
2017-04-27,145.77138623927775,146.84477115793342,145.2446346354887,146.79507446289062,11275100,146.79507446289062
2017-04-28,148.58400204574406,150.60156286698756,148.1566439680321,149.32940673828125,30652200,149.32940673828125
2017-05-01,150.81030434500374,151.63522080880279,150.49225768485496,151.52589416503906,25218300,151.52589416503906
2017-05-02,152.4004843080022,152.49987767550923,150.73078492403468,151.8439178466797,21870400,151.8439178466797
2017-05-03,152.6588931897822,152.6588931897822,150.41273058751057,150.8699188232422,29782500,150.8699188232422
2017-05-04,149.24992438467766,150.5916591607671,147.8088113959188,149.92576599121094,36225500,149.92576599121094
2017-05-05,150.52206639138106,150.7009714215847,148.8722335325309,149.31948852539062,17148500,149.31948852539062
2017-05-08,149.78661398103114,150.15434215649495,148.82255590967534,150.13446044921875,15827500,150.13446044921875
2017-05-09,150.5618354130348,151.65508668053863,149.28967910866342,149.55801391601562,17453900,149.55801391601562
2017-05-10,149.309556439869,149.59778814084427,147.94795510132514,149.3691864013672,12080700,149.3691864013672
2017-05-11,149.38904697556208,149.72696015311277,148.49456734903416,149.12069702148438,11841900,149.12069702148438
2017-05-12,149.47849877354435,149.5381438946454,148.71322745368636,149.408935546875,9598200,149.408935546875
2017-05-15,149.2499089428171,150.55188016689254,148.85236580266994,149.26979064941406,15064700,149.26979064941406
2017-05-16,149.1902999072831,149.28969328890585,148.11691508002096,148.86231994628906,14550800,148.86231994628906
2017-05-17,147.09321860887462,147.7591117651734,143.5351510956618,143.9625244140625,28300100,143.9625244140625
2017-05-18,143.83330567411002,147.24228287722121,143.62458566571803,146.7552947998047,23031600,146.7552947998047
2017-05-19,147.54045718855627,148.47470031967464,147.05346908021147,147.15284729003906,16187900,147.15284729003906
2017-05-22,147.17271801079593,147.6795877893853,146.7851081412161,147.3317413330078,12586700,147.3317413330078
2017-05-23,147.61002057371257,147.89823706779356,146.34779763138923,147.16278076171875,12817800,147.16278076171875
2017-05-24,147.6000725572079,149.30953531637985,147.51062762761478,149.12069702148438,17862400,149.12069702148438
2017-05-25,149.37909803106663,151.65506027081403,149.03123645430722,151.0289306640625,19891400,151.0289306640625
2017-05-26,151.29729996519376,151.31718167376664,150.22391518176056,151.1979217529297,14996200,151.1979217529297
2017-05-30,151.0388890239773,151.9631836835953,150.71090909676792,151.44638061523438,13226000,151.44638061523438
2017-05-31,151.76440576747115,152.410432323889,150.1642696129296,150.53201293945312,18023900,150.53201293945312
2017-06-01,150.82023103677798,151.35691579574248,149.37911818843196,150.60157775878906,14530600,150.60157775878906
2017-06-02,150.91961232360327,152.68870494731277,150.37297917239022,152.6688232421875,16854400,152.6688232421875
2017-06-05,152.69865397406383,153.76210541118746,152.47006742007713,152.688720703125,12520400,152.688720703125
2017-06-06,152.47006339768794,153.57326305476204,151.5457536045886,151.8737335205078,13457100,151.8737335205078
2017-06-07,152.3309290483142,152.80798387363586,151.40661921112283,152.1818389892578,12066700,152.1818389892578
2017-06-08,153.13595536983917,153.7819667609335,152.1619640652466,153.76210021972656,17799400,153.76210021972656
2017-06-09,153.8217481513875,154.63671622977958,145.71173979332266,148.6834259033203,35577700,148.6834259033203
2017-06-12,147.26218284008533,148.28587097153104,143.6743001613783,147.53053283691406,33170200,147.53053283691406
2017-06-13,149.2300234306971,150.25371139750465,147.98768219279484,149.75677490234375,20483400,149.75677490234375
2017-06-14,150.33321293139096,151.46622745743556,148.1367622632812,149.32940673828125,20808800,149.32940673828125
2017-06-15,146.76526251015773,149.12073728387492,145.47322423887016,148.88221740722656,18994200,148.88221740722656
2017-06-16,148.6734712426331,149.90587932834637,147.68954659363197,149.717041015625,22882400,149.717041015625
2017-06-19,150.7804685388328,152.62907279102473,150.7804685388328,151.933349609375,19026500,151.933349609375
2017-06-20,151.94332937471728,152.89743908950737,151.2774361956678,151.3171844482422,14743900,151.3171844482422
2017-06-21,151.42650417975216,153.1359671030431,150.94944934415696,152.96701049804688,15039800,152.96701049804688
2017-06-22,152.07250365846483,153.60307658500156,151.97312545673688,152.46011352539062,13005500,152.46011352539062
2017-06-23,151.7842957941352,154.2490967505796,151.7147174001983,154.11990356445312,18027000,154.11990356445312
2017-06-26,155.2926777431894,155.5411460275785,152.2613616405822,152.6489715576172,18049700,152.6489715576172
2017-06-27,151.9035573611822,152.37067892032613,149.46857135699997,149.65740966796875,19360800,149.65740966796875
2017-06-28,149.9953241077473,152.52970350653305,148.941821064521,152.30111694335938,16719100,152.30111694335938
2017-06-29,151.347001668105,151.5656549737502,148.00758728633363,150.11459350585938,23973500,150.11459350585938
2017-06-30,150.96932362550527,150.9892053345533,149.14060069090098,150.05496215820312,17666000,150.05496215820312
2017-07-03,150.79040406254555,151.21776214851516,146.89442394743963,147.5205535888672,13862700,147.5205535888672
2017-07-05,148.0870827861896,149.92575397415118,147.22241809530016,149.4188690185547,14334300,149.4188690185547
2017-07-06,148.11690798498933,149.1207143639715,147.0932198975748,147.908203125,14951800,147.908203125
2017-07-07,148.33554642363572,151.05876392468934,148.27591646961167,150.5121307373047,13615900,150.5121307373047
2017-07-10,150.76061660811573,153.03657938937536,150.58171155983703,152.5595245361328,13378700,152.5595245361328
2017-07-11,152.4303269007046,154.46776998132884,151.97315372406396,154.31869506835938,13667700,154.31869506835938
2017-07-12,155.53121461343767,158.18485410257335,155.24298290753524,157.9264373779297,22739400,157.9264373779297
2017-07-13,157.7674223675614,158.80104372547305,157.44937569417317,158.2842254638672,13929200,158.2842254638672
2017-07-14,159.14890676092668,159.33774507922837,158.35380523585127,158.98988342285156,16371200,158.98988342285156
2017-07-17,159.26816102116294,159.79491254017745,157.83698135995382,158.7513427734375,12858800,158.7513427734375
2017-07-18,158.6817915544977,162.72684740907326,158.44325653780814,161.8621826171875,23722900,161.8621826171875
2017-07-19,162.58768990520218,164.68476266402203,162.17026504071237,163.1343231201172,26273600,163.1343231201172
2017-07-20,163.7902921255808,163.98906371520587,161.81247917035603,163.52194213867188,18523100,163.52194213867188
2017-07-21,163.15421156900885,164.03875802049328,162.7467199587531,163.42254638671875,14744000,163.42254638671875
2017-07-24,163.63124233390013,165.1518667383815,163.3032624396574,164.98291015625,17367000,164.98291015625
2017-07-25,163.9989687848237,164.5257202311326,162.85602096705094,164.26731872558594,15383200,164.26731872558594
2017-07-26,164.9928801174486,164.9928801174486,163.09459388118367,164.5953369140625,35236900,164.5953369140625
2017-07-27,173.62959943806928,174.41476755257176,166.47371730918186,169.3957061767578,68910700,169.3957061767578
2017-07-28,168.0341365085926,172.36740877453028,168.01425479981023,171.39341735839844,24557600,171.39341735839844
2017-07-31,170.94616356628507,171.66175337118182,167.5173045975793,168.2130126953125,25478900,168.2130126953125
2017-08-01,168.77951139834454,169.42552274876857,168.01422498169475,168.8192596435547,14385000,168.8192596435547
2017-08-02,169.25658362231226,169.50505188506807,165.88735458595556,168.26271057128906,17433800,168.26271057128906
2017-08-03,168.26272446833303,168.66026765545624,167.21915464550898,167.55706787109375,10793800,167.55706787109375
2017-08-04,167.93470766549135,169.01802550320045,167.6564244625073,168.58071899414062,10777700,168.58071899414062
2017-08-07,168.90872368936758,171.00579645475756,168.62050717439996,170.92628479003906,12787800,170.92628479003906
2017-08-08,170.8269195823465,171.9897493324049,169.57462972436014,170.18089294433594,14393500,170.18089294433594
2017-08-09,168.9385503457398,170.39954505967142,168.52112545108798,170.13119506835938,10815000,170.13119506835938
2017-08-10,169.01803434522998,169.54478580452752,165.82771061365779,166.37432861328125,20832700,166.37432861328125
2017-08-11,166.92097780621165,167.78565768295084,165.82772653669107,167.05018615722656,13791200,167.05018615722656
2017-08-14,169.0478822374539,170.03182212590195,168.2527806759576,169.70384216308594,12954200,169.70384216308594
2017-08-15,170.4392890040368,170.44922227469104,168.96834602107685,169.95228576660156,8729200,169.95228576660156
2017-08-16,170.20077649284812,170.3299848549068,168.20309692607535,168.95843505859375,15779900,168.95843505859375
2017-08-17,168.30247940799723,168.81929770403224,165.82774491402202,165.8873748779297,17216000,165.8873748779297
2017-08-18,165.81779288587035,167.63658257217577,165.19166311309692,166.38430786132812,15093600,166.38430786132812
2017-08-21,166.13581774036444,166.97066743788213,164.80403153261494,166.75201416015625,11907500,166.75201416015625
2017-08-22,167.24893342125023,168.82918772113686,166.12585217105922,168.60060119628906,11391000,168.60060119628906
2017-08-23,167.80550848121143,168.32232667148244,167.16943038753098,167.6763153076172,9856500,167.6763153076172
2017-08-24,167.8452796452659,168.25275605583545,165.3904120847116,166.71226501464844,14030400,166.71226501464844
2017-08-25,166.83152210010897,167.348340305505,165.1618075770212,165.30096435546875,12614500,165.30096435546875
2017-08-28,165.88735210947274,166.6725051353281,165.310903928649,166.21533203125,8553700,166.21533203125
2017-08-29,164.23749287794558,167.39800134657216,163.98902465876563,167.0203399658203,11121000,167.0203399658203
2017-08-30,167.1396284185369,169.13730778259537,166.6029436461313,168.87890625,11138300,168.87890625
2017-08-31,169.35596333502625,171.09524118979152,169.0180501343437,170.91635131835938,17226500,170.91635131835938
2017-09-01,171.3437259398054,171.8605442269428,170.260407839997,170.966064453125,11677600,170.966064453125
2017-09-05,170.22064445043986,171.33377743270873,168.51118156178444,169.67401123046875,13210900,169.67401123046875
2017-09-06,169.86285106330482,171.4232239067101,168.53106478110166,171.03561401367188,13906300,171.03561401367188
2017-09-07,170.88653491279703,172.24813614054742,169.22676873651685,172.1487579345703,18049500,172.1487579345703
2017-09-08,172.0294909735157,172.42704931208138,169.7535282507644,169.90260314941406,10998500,169.90260314941406
2017-09-11,171.34369977333344,172.8245760083675,171.14492820565133,172.4468994140625,12372000,172.4468994140625
2017-09-12,172.69538542475976,172.93392042968804,170.6977059413731,171.90029907226562,11186300,171.90029907226562
2017-09-13,171.9499674212027,172.10899074563784,171.00579107597986,171.98973083496094,9119300,171.98973083496094
2017-09-14,171.2045440282445,171.22442573296124,169.45533314560336,169.9125213623047,15615700,169.9125213623047
2017-09-15,169.8330256157479,171.28407172473592,169.2168140341912,170.58836364746094,15660500,170.58836364746094
2017-09-18,170.9362328469752,171.0157445115172,168.30246014190692,168.96835327148438,12954000,168.96835327148438
2017-09-19,169.57461429076355,171.50273042685097,169.3162127582577,171.46298217773438,13168600,171.46298217773438
2017-09-20,171.44310750201205,171.9897407329045,169.65413291240935,171.11512756347656,12264100,171.11512756347656
2017-09-21,170.6380937892389,171.21454207066526,168.9683789110898,170.0616455078125,11161400,170.0616455078125
2017-09-22,169.1671523995419,170.6778286405323,168.18321253976617,169.4951171875,12097100,169.4951171875
2017-09-25,168.20305083920488,168.26268078526263,160.57009927258366,161.8720703125,41251600,161.8720703125
2017-09-26,163.4921044295461,164.4859774048017,161.78264169888263,163.20388793945312,23363300,163.20388793945312
2017-09-27,164.88355586392709,167.30860886969606,164.55559105727102,166.65264892578125,19242500,166.65264892578125
2017-09-28,166.91102927614747,168.03411058694545,166.13580957152706,167.69618225097656,12178700,167.69618225097656
2017-09-29,167.7955800973277,170.60824250192513,167.77569839108116,169.8230743408203,15340400,169.8230743408203
2017-10-02,170.33990562571236,170.81696045517103,167.71608131574033,168.43167114257812,13392300,168.43167114257812
2017-10-03,168.26268040098833,169.6839113297744,168.163287047588,168.91864013671875,8190300,168.91864013671875
2017-10-04,168.78945663748462,169.62430633377727,167.25888369564936,167.38809204101562,12127900,167.38809204101562
2017-10-05,168.14343519567396,170.26038964350874,167.5670021725623,170.19082641601562,14580600,170.19082641601562
2017-10-06,169.20686426251177,171.31386999544063,168.70992780359106,171.1747283935547,13124500,171.1747283935547
2017-10-09,171.6418868276736,173.80853814093962,170.94617866847827,171.443115234375,14570400,171.443115234375
2017-10-10,171.9400611205264,172.1388327245997,169.75354314511753,170.5386962890625,11341100,170.5386962890625
2017-10-11,170.89647240231332,171.72138887531216,170.34983917739845,171.681640625,11283700,171.681640625
2017-10-12,171.55241254403418,172.7848204761815,171.2343659169131,171.49278259277344,10351000,171.49278259277344
2017-10-13,172.387290152346,173.57993486689324,172.13882187159447,172.67552185058594,13658300,172.67552185058594
2017-10-16,173.42089913559968,173.92776888828112,172.9935258746621,173.45071411132812,11498800,173.45071411132812
2017-10-17,173.63957433979903,175.05087230868284,173.29171269195237,175.03099060058594,15990100,175.03099060058594
2017-10-18,175.5676735074558,175.65713361027926,174.67319380161857,174.95147705078125,12752400,174.95147705078125
2017-10-19,173.85819140292554,174.95145773629733,171.5722957036358,173.49046325683594,14048400,173.49046325683594
2017-10-20,174.4247161693375,174.80239277234338,173.560051489086,173.90789794921875,12602200,173.90789794921875
2017-10-23,174.12655591008084,174.26569753093483,170.2007603824934,170.22064208984375,13852700,170.22064208984375
2017-10-24,171.2443119622487,172.1785549597552,170.44921057084125,170.74737548828125,12267900,170.74737548828125
2017-10-25,170.8467559939139,171.19461759651364,167.85520383968816,169.5547332763672,15868200,169.5547332763672
2017-10-26,170.3299690001528,171.23438195447633,169.34602921630275,169.58456420898438,11833100,169.58456420898438
2017-10-27,173.08297347914345,177.11811051861847,172.8345052340311,176.79013061523438,30285300,176.79013061523438
2017-10-30,178.161665949286,179.58291220472995,176.521781589072,178.76792907714844,24353200,178.76792907714844
2017-10-31,179.4636567917502,179.69224333788975,177.84363893168165,178.95677185058594,20174200,178.95677185058594
2017-11-01,181.24269807577156,181.77938287393974,179.46367190977904,181.54086303710938,40918300,181.54086303710938
2017-11-02,179.523290543022,180.82526178791372,176.25343977663232,177.82376098632812,35529900,177.82376098632812
2017-11-03,178.1914891551085,178.75800406243945,175.62731007915474,177.82376098632812,17822100,177.82376098632812
2017-11-06,177.46596489753728,179.34438430796345,177.21749664131528,179.06610107421875,13312700,179.06610107421875
2017-11-07,179.39408288286396,179.6425511417045,177.86352508113785,179.14561462402344,12928200,179.14561462402344
2017-11-08,178.688440696172,179.245022379496,178.0126142572289,178.45985412597656,10494100,178.45985412597656
2017-11-09,177.21749154854334,178.30080947486766,176.00496527980104,178.20143127441406,12610300,178.20143127441406
2017-11-10,177.25728101373923,178.00268587054165,176.86967109481398,177.36660766601562,11070200,177.36660766601562
2017-11-13,176.41247479594134,177.9430326932699,176.21370320951294,177.67469787597656,9523400,177.67469787597656
2017-11-14,177.03860334256083,177.87345302760326,176.0944118549906,176.97897338867188,9585900,176.97897338867188
2017-11-15,175.5776210991225,177.47592231236823,175.31920439378666,176.85971069335938,10253700,176.85971069335938
2017-11-16,177.66473810293834,178.72818952868943,177.40633657359928,178.48965454101562,15607600,178.48965454101562
2017-11-17,178.20143948182303,178.87726587110834,177.80388116580306,177.9032745361328,13018000,177.9032745361328
2017-11-20,177.7740906617932,178.40023561741367,177.0088192330362,177.6448974609375,10052400,177.6448974609375
2017-11-21,178.05235535020387,180.7755730356717,177.8933471838047,180.74575805664062,14504000,180.74575805664062
2017-11-22,180.18918359211173,180.61654171619017,179.33445217865597,179.76181030273438,10376300,179.76181030273438
2017-11-24,179.2946878189278,182.0278386403462,179.1853611794591,181.6601104736328,9426300,181.6601104736328
2017-11-27,181.44146304423694,182.60429270227513,180.8749632871257,181.90858459472656,12344500,181.90858459472656
2017-11-28,182.38565573698594,183.12112732523596,180.97435768815535,181.30233764648438,14379700,181.30233764648438
2017-11-29,180.77556791548204,180.8550795790794,172.93391018112243,174.05699157714844,41933500,174.05699157714844
2017-11-30,175.76645662257727,177.18768781818827,174.12655697537303,176.09442138671875,25307600,176.09442138671875
2017-12-01,174.9514705540087,176.3925834333643,171.28407659872434,174.0271759033203,20182500,174.0271759033203
2017-12-04,175.20989438496227,175.4881928245096,169.74359195250824,170.41943359375,24459400,170.41943359375
2017-12-05,169.40566484376825,174.30546705435168,167.97448517037026,171.77108764648438,20184900,171.77108764648438
2017-12-06,171.44310697238095,175.68694928690874,170.84677705592233,174.98129272460938,20255800,174.98129272460938
2017-12-07,174.72288012882447,179.28475365564628,174.72288012882447,179.03628540039062,20404500,179.03628540039062
2017-12-08,180.4177721194252,181.16317690100115,177.64487300469415,177.9032745361328,19883800,177.9032745361328
2017-12-11,178.20145566062897,179.11581712254062,177.70451909446174,177.9430389404297,13168600,177.9430389404297
2017-12-12,177.50574476229906,178.08217782469475,175.51799852829927,175.87579345703125,16854100,175.87579345703125
2017-12-13,176.2136922718653,178.06229672497574,176.16399558701792,177.2075653076172,14615700,177.2075653076172
2017-12-14,177.19761895823626,179.25494344581423,176.591355792676,177.29701232910156,13591000,177.29701232910156
2017-12-15,177.9231685219158,179.38416320785336,177.2672086291887,179.0760498046875,28463100,179.0760498046875
2017-12-18,179.90095082147286,180.18918249133142,178.64867626930132,179.71212768554688,17265400,179.71212768554688
2017-12-19,178.84746284419455,178.97667120119755,177.12806661274783,178.41015625,14920600,178.41015625
2017-12-20,178.70831381519454,178.70831381519454,176.27332783322734,176.80007934570312,11860500,176.80007934570312
2017-12-21,176.84976568519204,177.585222006216,175.9652193136075,176.36276245117188,11600700,176.36276245117188
2017-12-22,176.0546888852057,176.44229880643496,175.15026068057048,176.11431884765625,8509500,176.11431884765625
2017-12-26,175.54780606657604,175.9155342513808,173.59980816710578,174.91172790527344,8897300,174.91172790527344
2017-12-27,175.46828676458895,177.34670618772827,175.18005509285337,176.53172302246094,9496100,176.53172302246094
2017-12-28,176.85970999844523,177.84364979850483,176.59136002291996,176.82989501953125,12220800,176.82989501953125
2017-12-29,176.90940304032614,177.75420119961592,175.37884521484375,175.37884521484375,10261500,175.37884521484375
2018-01-02,176.59135061411942,180.4674644847108,176.46215743414217,180.30844116210938,18151900,180.30844116210938
2018-01-03,180.7656444227282,183.64787034886965,180.2190111842393,183.53854370117188,16886600,183.53854370117188
2018-01-04,183.7671376215399,185.06912417451267,182.97205124134052,183.2006378173828,13880900,183.2006378173828
2018-01-05,184.45288003536015,185.75485119377316,183.7969202384306,185.70516967773438,13574500,185.70516967773438
2018-01-08,186.05303433962754,187.74261551347774,185.18836962781054,187.1264190673828,17994700,187.1264190673828
2018-01-09,187.54383426618895,187.64322763347388,185.95364654672056,186.7189178466797,12393100,186.7189178466797
2018-01-10,185.7946377174998,186.7388141191595,184.49266639712377,186.68911743164062,10529900,186.68911743164062
2018-01-11,187.2456823407519,187.2456823407519,186.23194271743748,186.6195526123047,9588600,186.6195526123047
2018-01-12,176.96904003070628,180.36808417966435,176.31308015144248,178.27101135253906,77551300,178.27101135253906
2018-01-16,180.38795811330235,180.6364263751664,176.94915069637221,177.29701232910156,36183800,177.29701232910156
2018-01-17,178.16168918360896,178.22133430937728,174.7228966973464,176.51187133789062,27992400,176.51187133789062
2018-01-18,177.03861332349246,179.87114244999745,175.9950435757067,178.69837951660156,23304900,178.69837951660156
2018-01-19,179.74193835459866,181.2526143975881,179.06609682774675,180.17922973632812,26826500,180.17922973632812
2018-01-22,179.69224583557346,184.2541193776691,179.30463596268885,184.23423767089844,21059500,184.23423767089844
2018-01-23,184.9100810660291,188.38863668610645,184.41314454887518,188.1898651123047,25678800,188.1898651123047
2018-01-24,188.7265762151937,189.49186280469138,185.3772284750652,185.40704345703125,24334500,185.40704345703125
2018-01-25,186.79845092797044,187.46434410230248,185.45673130755827,186.33132934570312,17377700,186.33132934570312
2018-01-26,186.59964706019352,188.8358612060547,185.66540405725277,188.8358612060547,17759200,188.8358612060547
2018-01-29,187.59354787365183,187.6829928130984,184.49266865043768,184.84051513671875,20453200,184.84051513671875
2018-01-30,186.47044724174683,187.0270136948055,180.72586252006485,185.9735107421875,20858600,185.9735107421875
2018-01-31,187.21586195271036,188.66692328136486,184.08516790502392,185.74493408203125,43275100,185.74493408203125
2018-02-01,187.06677991992277,194.1232843858805,186.73880000544654,191.9069366455078,54211300,191.9069366455078
2018-02-02,190.8633774008068,193.0200953049018,188.8160013061576,189.11416625976562,26677500,189.11416625976562
2018-02-05,185.7846721383377,189.44213265499457,179.50340268026173,180.1494140625,33128200,180.1494140625
2018-02-06,177.4759118955656,184.6317945837177,176.65099547175672,184.1746063232422,37758500,184.1746063232422
2018-02-07,183.02172726734878,183.94603714624608,178.84746323551295,179.0760498046875,27601900,179.0760498046875
2018-02-08,179.90094747311383,180.72586388846412,170.42933893302086,170.5287322998047,38478300,170.5287322998047
2018-02-09,173.68925586209153,175.81614366946573,166.15569601514568,175.03099060058594,39887600,175.03099060058594
2018-02-12,175.97517406638494,176.4621773598561,170.78715511175918,175.32916259765625,32092100,175.32916259765625
2018-02-13,174.54397895754173,174.89184058870896,172.03942980821463,172.089111328125,21809400,172.089111328125
2018-02-14,172.38728792251226,178.70832150968027,172.14876808186827,178.42010498046875,28929700,178.42010498046875
2018-02-15,179.39407610350437,179.39407610350437,175.7564972918725,178.85739135742188,20922100,178.85739135742188
2018-02-16,177.89334866740677,178.77789510507117,175.21982764646052,176.27333068847656,20645300,176.27333068847656
2018-02-20,174.69307501590998,176.85971104474038,174.03711514532293,174.9315948486328,21204900,174.9315948486328
2018-02-21,175.62731689674635,180.15937567012588,175.3192035061521,176.81996154785156,23200800,176.81996154785156
2018-02-22,177.60510939000153,179.10586738767222,176.3230198398694,177.89334106445312,18464200,177.89334106445312
2018-02-23,178.79776301542145,182.26638556272584,178.41015311652038,182.1669921875,19007300,182.1669921875
2018-02-26,183.4490895664989,184.52247428137434,182.0974216105779,183.79693603515625,17599700,183.79693603515625
2018-02-27,183.3198762016934,183.5683444576364,180.34820556640625,180.34820556640625,15849800,180.34820556640625
2018-02-28,181.18307355618185,181.7595217879949,177.04855772026082,177.2274627685547,18783000,177.2274627685547
2018-03-01,177.91321246243143,179.01641217464282,173.34140544831624,174.86203002929688,23201600,174.86203002929688
2018-03-02,172.22824293625257,176.02484501914074,171.93009317292478,175.537841796875,20025900,175.537841796875
2018-03-05,175.12042919668406,180.04009778415332,174.8123309761897,179.29469299316406,16189300,179.29469299316406
2018-03-06,180.66624343223796,181.26257333369313,178.01260418483113,178.67849731445312,15086800,178.67849731445312
2018-03-07,177.644876548867,182.69375352330707,176.97898341720986,182.5844268798828,19097300,182.5844268798828
2018-03-08,182.43533517573138,183.2701849005498,180.33826242736413,181.22280883789062,17225900,181.22280883789062
2018-03-09,182.78317314057804,184.37336072021785,182.08746512665456,184.09507751464844,18526300,184.09507751464844
2018-03-12,184.09509700093818,184.95977684897326,183.0912907006893,183.6279754638672,15301200,183.6279754638672
2018-03-13,184.47279816473605,184.85047481910902,180.00036893672268,180.76565551757812,18067500,180.76565551757812
2018-03-14,181.48122316722976,183.12110761708402,180.73581838724164,183.0614776611328,16821700,183.0614776611328
2018-03-15,182.11732399913618,182.8726621441362,181.0737541440578,182.7335205078125,15614300,182.7335205078125
2018-03-16,183.35964839114098,184.1944981313952,182.28626365425714,183.95596313476562,24403400,183.95596313476562
2018-03-19,175.92547902119952,176.08450236324393,169.01806373246473,171.50274658203125,88140100,171.50274658203125
2018-03-20,166.44392456700336,169.15719380705028,160.95774096374294,167.1197509765625,129851800,167.1197509765625
2018-03-21,163.7902690263902,172.33756749725168,162.29945956649945,168.35214233398438,106598800,168.35214233398438
2018-03-22,165.11213829331555,169.22677220451092,162.71690055028236,163.87973022460938,73743000,163.87973022460938
2018-03-23,164.42634065690862,165.57923690022687,158.04567823931953,158.4134063720703,53609700,158.4134063720703
2018-03-26,159.83468372742294,160.11296699004433,148.10697778373404,159.07933044433594,126116600,159.07933044433594
2018-03-27,155.35229055994236,161.85222865478082,149.8263589514319,151.287353515625,79117000,151.287353515625
2018-03-28,150.72084230281612,154.92493623271588,149.87605930760998,152.09239196777344,60029200,152.09239196777344
2018-03-29,154.19938878187384,160.4309766936225,153.1955825185551,158.8109588623047,59434300,158.8109588623047
2018-04-02,156.84311361979044,158.22459664098577,153.16578613278787,154.4379425048828,36796000,154.4379425048828
2018-04-03,155.59082523459287,156.42567493666044,149.8859886065334,155.1535186767578,42543900,155.1535186767578
2018-04-04,151.09850667697663,154.6068770539153,149.5878155136827,154.1497039794922,49885600,154.1497039794922
2018-04-05,160.5701230779091,160.58007151392465,155.69020289808887,158.3637237548828,41449600,158.3637237548828
2018-04-06,156.76359844900838,160.43099258245965,155.8492370248219,156.23684692382812,41644800,156.23684692382812
2018-04-09,156.8530603435656,159.54644795924776,155.0839522687275,156.96237182617188,34915200,156.96237182617188
2018-04-10,156.96235569457116,164.96303638190815,156.04799435391814,164.02879333496094,57889300,164.02879333496094
2018-04-11,164.34683960437596,167.6166750960293,162.24976697136537,165.30096435546875,56144600,165.30096435546875
2018-04-12,165.9569280414524,166.4240496174458,162.10071067822818,162.86598205566406,38263000,162.86598205566406
2018-04-13,163.57162336292305,164.6847562918251,162.7665886436065,163.51199340820312,19990600,163.51199340820312
2018-04-16,164.70464529685836,164.76427525422062,162.3889192390616,163.82009887695312,18119400,163.82009887695312
2018-04-17,164.81398513450532,167.96456117818911,164.64502852002013,167.62664794921875,22743000,167.62664794921875
2018-04-18,165.85754701566515,167.08993994818715,164.75434727314305,165.34072875976562,20969600,165.34072875976562
2018-04-19,165.18168534961953,167.29863963846623,164.1878123749945,167.07005310058594,22235000,167.07005310058594
2018-04-20,166.76194271008063,167.39802081855896,164.79407843155357,165.26119995117188,19119400,165.26119995117188
2018-04-23,166.24516001309252,167.41792300818395,164.07850873877243,164.82391357421875,23088100,164.82391357421875
2018-04-24,164.41641536741633,165.0823236725205,157.22078401679423,158.7115936279297,35079900,158.7115936279297
2018-04-25,159.1588334782104,160.07319488653755,155.2330378686136,158.7115936279297,41083600,158.7115936279297
2018-04-26,172.1586981515659,175.1900141142064,169.75352708957075,173.0929412841797,77556900,173.0929412841797
2018-04-27,175.72668528408687,176.01491695088666,171.54248838520934,172.5264129638672,29804700,172.5264129638672
2018-04-30,172.7252085214375,174.6433915919543,170.65796570944855,170.94618225097656,20750500,170.94618225097656
2018-05-01,170.946179900824,172.9538078878039,169.1870201985837,172.79478454589844,26025900,172.79478454589844
2018-05-02,173.18238516000278,176.98892089755932,173.13268847266448,174.99124145507812,30424500,174.99124145507812
2018-05-03,174.05702681645081,175.04095162641093,171.0654586334673,172.95382690429688,24026100,172.95382690429688
2018-05-04,172.0195678122194,175.8956670579219,171.99968610279763,175.52793884277344,17677800,175.52793884277344
2018-05-07,176.2634116457083,178.4002328815113,176.08450659028844,176.87960815429688,18697200,176.87960815429688
2018-05-08,177.15786787502086,177.9430208972193,176.02485322565795,177.82376098632812,15577200,177.82376098632812
2018-05-09,178.56917702576555,181.88870952092026,177.6846305784866,181.54086303710938,23282800,181.54086303710938
2018-05-10,182.02785713426633,184.9896099715854,181.38184566787078,184.39328002929688,21071400,184.39328002929688
2018-05-11,183.71742699790664,187.16616746259547,183.05151875374636,185.8443145751953,21207800,185.8443145751953
2018-05-14,186.55991137233877,186.7089862593115,185.05915340541918,185.4964599609375,15646700,185.4964599609375
2018-05-15,183.7472402670599,184.15471666073134,182.07752578495715,183.190673828125,15429400,183.190673828125
2018-05-16,182.57448170586025,183.1906933276714,181.54086037571528,182.07754516601562,16975500,182.07754516601562
2018-05-17,181.56073993301612,182.93228973419932,181.10356677615556,182.63412475585938,14840700,182.63412475585938
2018-05-18,182.36577992744665,183.0614880619029,181.49116674967308,181.56072998046875,13130500,181.56072998046875
2018-05-21,182.644059828669,184.1646844251041,182.0079816652275,183.35964965820312,13532900,183.35964965820312
2018-05-22,183.79694016176646,184.28394342718002,182.306130551851,182.6738739013672,12731400,182.6738739013672
2018-05-23,181.38183218629797,185.7648159900332,181.06378552997015,185.75486755371094,16628100,185.75486755371094
2018-05-24,184.74113573823567,185.65549716573406,183.89633754142633,184.7908172607422,12354700,184.7908172607422
2018-05-25,184.88026898446128,185.1883672034754,183.31988101681029,183.78700256347656,10965100,183.78700256347656
2018-05-29,183.21057349069466,185.66544139325367,182.58444371634576,184.6020050048828,16398900,184.6020050048828
2018-05-30,185.39707544056378,186.84813679264266,184.11498585551624,186.52015686035156,13736900,186.52015686035156
2018-05-31,186.71891808966222,191.53920826857993,186.33130822122442,190.60496520996094,30782600,190.60496520996094
2018-06-01,191.88707599675033,193.35800385644762,190.89320295216854,192.8014373779297,17307200,192.8014373779297
2018-06-04,190.66463010912508,192.79151814003612,190.296901879833,192.09580993652344,18939800,192.09580993652344
2018-06-05,193.10954152389658,193.80524964340273,191.43982687178223,191.75787353515625,15544300,191.75787353515625
2018-06-06,189.85956535868738,191.3503749166514,187.95133094432933,190.16766357421875,22558900,190.16766357421875
2018-06-07,189.58128433389845,189.7999376181759,185.62567384021415,187.0270233154297,21503200,187.0270233154297
2018-06-08,186.38101822878045,188.31906770951514,185.28775177026358,187.94140625,12677100,187.94140625
2018-06-11,187.65317060355784,191.41995800499538,187.64323733243535,190.36643981933594,12928900,190.36643981933594
2018-06-12,190.99260482395505,192.09580464675383,190.38634158502416,191.22119140625,11562700,191.22119140625
2018-06-13,191.55910481745084,193.30831599626384,190.73418833295213,191.2311248779297,15853800,191.2311248779297
2018-06-14,191.91689589674655,196.07127805029776,191.72805758698522,195.60415649414062,19120900,195.60415649414062
2018-06-15,194.59039455199172,195.86256598691904,193.44744662961122,194.65003967285156,21860900,194.65003967285156
2018-06-18,193.60646661648303,198.35717842137393,192.94057351536972,197.09495544433594,16826000,197.09495544433594
2018-06-19,195.03765743720493,196.7471203371474,192.6026562744651,196.27999877929688,19994000,196.27999877929688
2018-06-20,197.8801187500104,202.30285053082977,197.5918870897973,200.76234436035156,28230900,200.76234436035156
2018-06-21,201.5177012633858,202.1438461598575,198.86406194616256,200.2654266357422,19045700,200.2654266357422
2018-06-22,199.92750384483418,201.0008885450716,198.08883265950823,200.5039520263672,17420200,200.5039520263672
2018-06-25,198.77463418152044,198.77463418152044,191.9268486405791,195.14700317382812,25275100,195.14700317382812
2018-06-26,196.38929988629414,197.88010930294527,195.02768364001707,197.7807159423828,17897600,197.7807159423828
2018-06-27,197.9596387485322,199.52002681040346,194.60035794950832,194.64010620117188,18734400,194.64010620117188
2018-06-28,193.9841401953821,196.13090968475896,192.07590570436926,195.0277099609375,18172400,195.0277099609375
2018-06-29,196.11104430216514,196.38932755258597,192.77163013181567,193.12942504882812,15811600,193.12942504882812
2018-07-02,192.18522839218306,196.24023228907294,191.04228044148613,196.15078735351562,13961600,196.15078735351562
2018-07-03,193.35802019165703,194.20280325174076,191.34045895393297,191.54916381835938,13489500,191.54916381835938
2018-07-05,193.54683988238284,197.43287191531292,192.84118335630714,197.23410034179688,19684200,197.23410034179688
2018-07-06,197.23410549677834,202.39230909868533,196.48870070263683,201.9848175048828,19740100,201.9848175048828
2018-07-09,203.67441886417598,204.5390988235081,200.8816377183639,203.485595703125,18149400,203.485595703125
2018-07-10,203.24704781704625,203.65453942544679,201.02076662594817,202.2929229736328,13190100,202.2929229736328
2018-07-11,200.98102549130377,203.24705501368462,200.51390390714363,201.29905700683594,12927400,201.29905700683594
2018-07-12,202.18359907339163,205.81124501663345,201.9450792332728,205.6522216796875,15454700,205.6522216796875
2018-07-13,206.53676227320005,207.1529587297396,205.185094278149,206.04977416992188,11486800,206.04977416992188
2018-07-16,206.22864658595356,207.44117285380327,205.57268676918926,205.96029663085938,11078200,205.96029663085938
2018-07-17,203.64460426944,209.17055177386482,203.58497430633162,208.70343017578125,15349900,208.70343017578125
2018-07-18,208.53442821682694,209.69725774050877,207.16287870234686,208.07723999023438,15334900,208.07723999023438
2018-07-19,207.49087449810463,208.70340079494792,206.48705304275967,206.81503295898438,11350400,206.81503295898438
2018-07-20,207.57038384288612,210.20414124867682,207.2225222238729,208.65370178222656,16163900,208.65370178222656
2018-07-23,209.2897721747388,210.32339339244882,207.52067949855373,209.6177520751953,16732000,209.6177520751953
2018-07-24,213.79204291810353,214.8753609562686,211.29742689928952,213.354736328125,28468700,213.354736328125
2018-07-25,214.39832636363718,217.2805525566312,212.95721326714016,216.16741943359375,58954200,216.16741943359375
2018-07-26,173.81846766145134,179.02636821916198,172.68545292227117,175.18006896972656,169803700,175.18006896972656
2018-07-27,178.7679342944706,178.82756424890258,171.94003153663397,173.81845092773438,60073700,173.81845092773438
2018-07-30,174.2259285598918,174.2259285598918,165.53947364742115,170.01190185546875,65280800,170.01190185546875
2018-07-31,169.62429726215242,173.17243102958767,168.95840419486723,171.52259826660156,40356500,171.52259826660156
2018-08-01,172.86435730518687,174.0073205771511,169.85292274142526,170.59832763671875,34042100,170.59832763671875
2018-08-02,169.63424291946973,175.706807790874,169.22676649934172,175.2893829345703,32400000,175.2893829345703
2018-08-03,176.60132043805052,177.75421691858855,175.07074731191886,176.69076538085938,24763400,176.69076538085938
2018-08-06,177.87347836653834,184.6516853444452,177.28709684936604,184.55230712890625,49716200,184.55230712890625
2018-08-07,185.35732836954347,187.14630293646493,182.5943624360257,182.68380737304688,33398600,182.68380737304688
2018-08-08,183.618021563361,185.7051607568577,182.634081915233,184.04537963867188,22205200,184.04537963867188
2018-08-09,184.71129982044152,185.4268895808976,181.36193755779897,181.96820068359375,19732100,181.96820068359375
2018-08-10,180.92464088740695,180.9842860084467,178.32069838473484,179.15554809570312,21500400,179.15554809570312
2018-08-13,178.9965503254636,181.49116633231296,177.80389048022417,178.9468536376953,17423300,178.9468536376953
2018-08-14,179.60283824345464,180.87499476588718,177.52563166507315,180.00038146972656,19102000,180.00038146972656
2018-08-15,178.24116964927973,179.7617940362126,173.70911146349573,178.4300079345703,33020200,178.4300079345703
2018-08-16,179.31457862328733,179.39409028923487,172.94384856392568,173.62962341308594,31351800,173.62962341308594
2018-08-17,173.43084603662618,175.14030888413663,170.98591167764758,172.73513793945312,24893200,172.73513793945312
2018-08-20,172.97367318460473,173.50043989653173,169.8628605944955,171.443115234375,21518000,171.443115234375
2018-08-21,171.7512009786435,173.1028689461196,170.33990305404782,171.56236267089844,19578500,171.56236267089844
2018-08-22,171.15489483162523,173.17245603035497,171.07538316304226,172.5761260986328,16894100,172.5761260986328
2018-08-23,172.02950605632213,174.47444076563767,171.77110448757387,171.84066772460938,18053600,171.84066772460938
2018-08-24,172.63574915406238,173.7488973044026,171.86052937300911,173.57992553710938,14631600,173.57992553710938
2018-08-27,174.9117317748304,177.57530439505496,174.71294502321967,176.3727264404297,17921900,176.3727264404297
2018-08-28,177.00880701838764,177.1479486472238,174.7527108116227,175.18006896972656,15910700,175.18006896972656
2018-08-29,175.21982394917367,175.70681204399972,173.67931766926196,174.822265625,18494100,174.822265625
2018-08-30,174.8222606852418,178.6884261824547,174.62348911142112,176.55160522460938,24216500,176.55160522460938
2018-08-31,176.0646183326086,176.5317399153918,173.90791546745882,174.6533203125,18065200,174.6533203125
2018-09-04,172.4369566686416,172.82456651217825,167.7657568409368,170.11129760742188,29809000,170.11129760742188
2018-09-05,168.45156032634827,170.08151163419504,165.6488308526299,166.15570068359375,31226700,166.15570068359375
2018-09-06,165.9568958884012,165.9568958884012,159.01966715504554,161.53416442871094,41514800,161.53416442871094
2018-09-07,159.327777117359,163.6213157274317,159.1787022344947,162.04104614257812,24300600,162.04104614257812
2018-09-10,162.50817913299943,163.9989887280625,161.16645959662233,163.174072265625,20197700,163.174072265625
2018-09-11,162.93553291993345,166.16561998900644,162.716879658957,164.92327880859375,20457100,164.92327880859375
2018-09-12,162.24977231908727,163.4821803370982,160.808659457123,161.00743103027344,24078100,161.00743103027344
2018-09-13,161.00743128367588,162.31935096607157,159.87441663310642,160.37135314941406,25453800,160.37135314941406
2018-09-14,160.72914011444823,161.8422730031393,159.35759054424082,161.32546997070312,21770400,161.32546997070312
2018-09-17,160.92791656987447,161.06705818519038,158.79109565638748,159.59613037109375,21005300,159.59613037109375
2018-09-18,158.41342770340054,160.7689020216869,157.8966094617518,159.31785583496094,22465200,159.31785583496094
2018-09-19,159.0991910621367,162.43860493620323,158.5028611982576,162.06092834472656,19629000,162.06092834472656
2018-09-20,163.49211633847528,165.43016574833354,163.4623013602697,165.0028076171875,18936000,165.0028076171875
2018-09-21,165.6190079438545,166.22527112377293,161.81247226211093,161.93173217773438,45994800,161.93173217773438
2018-09-24,160.0433914379086,164.6847772084643,159.89431653217477,164.3965606689453,19222800,164.3965606689453
2018-09-25,160.99751985639898,164.57545416007537,160.16265487010358,163.89962768554688,27622800,163.89962768554688
2018-09-26,163.29335115143965,168.26271658413532,163.20390621332308,165.92710876464844,25252200,165.92710876464844
2018-09-27,166.5234371364,170.7175827358734,166.1855239297864,167.80552673339844,27266900,167.80552673339844
2018-09-28,167.29864576019202,167.7558188526813,161.56399424048206,163.45236206054688,34265600,163.45236206054688
2018-10-01,162.03111409677828,164.8636582149955,160.27195463919185,161.44473266601562,26407700,161.44473266601562
2018-10-02,160.59000458084057,161.28571266260136,157.69783044955776,158.35379028320312,36031000,158.35379028320312
2018-10-03,159.01969485802366,162.65727401757292,158.5525732911542,161.43479919433594,23109500,161.43479919433594
2018-10-04,160.47073325041865,160.47073325041865,156.38591481750737,157.87672424316406,25739600,157.87672424316406
2018-10-05,158.23452920977735,159.91416186435407,155.24296173226014,156.3660430908203,25744000,156.3660430908203
2018-10-08,154.58701512797785,157.3698628379183,153.44406713037907,156.2865447998047,24046000,156.2865447998047
2018-10-09,156.72385129427286,159.60607721316583,156.4555013114532,156.93255615234375,18844400,156.93255615234375
2018-10-10,155.85918673592226,156.72385147955237,150.38293625213163,150.4525146484375,30610000,150.4525146484375
2018-10-11,149.21015862884616,153.8614769984168,148.24610060377472,152.41043090820312,35338900,152.41043090820312
2018-10-12,155.76972067470027,155.92874400420405,150.37299723037307,152.7980499267578,25293500,152.7980499267578
2018-10-15,152.380619906985,154.61683421961345,151.61533342926847,152.5793914794922,15433500,152.5793914794922
2018-10-16,154.4478637096575,158.48300097418212,154.0602538322762,157.80715942382812,19180100,157.80715942382812
2018-10-17,158.5823789228744,159.50668873070796,156.98224273107562,158.4432373046875,17592000,158.4432373046875
2018-10-18,157.53881051971075,157.68790057527707,152.34085875330564,153.97080993652344,21675100,153.97080993652344
2018-10-19,154.90506329542157,156.38593968657548,152.60921884126424,153.1061553955078,19761300,153.1061553955078
2018-10-22,153.8117528187169,156.37594652507227,153.51360310368378,153.83163452148438,15424700,153.83163452148438
2018-10-23,150.29350044129083,153.82175319171404,149.92577222505352,153.44407653808594,19095000,153.44407653808594
2018-10-24,153.33472141250837,153.70244956046545,144.70791126644727,145.14520263671875,27744600,145.14520263671875
2018-10-25,146.82487378094797,151.2774363385076,146.0993506397016,150.025146484375,22105700,150.025146484375
2018-10-26,144.92657935767977,148.08708846298214,142.91895149599168,144.4793243408203,31303300,144.4793243408203
2018-10-29,147.590151428102,147.91813136222262,138.17817220798156,141.21942138671875,31336800,141.21942138671875
2018-10-30,139.08260528656828,145.74155208316958,138.88383369784736,145.32412719726562,50528300,145.32412719726562
2018-10-31,154.05032455211548,155.44174077227288,148.04733793262284,150.8599853515625,60101300,150.8599853515625
2018-11-01,150.59166488518457,151.8141246211195,148.4349619559023,150.82025146484375,25640800,150.82025146484375
2018-11-02,150.86994603105734,153.1856722724042,148.04734994665628,149.4288330078125,24708700,149.4288330078125
2018-11-05,149.18035609463007,149.26980103259015,146.5366500493896,147.76904296875,15971200,147.76904296875
2018-11-06,148.39517170020696,150.04500448092898,147.09320052739193,149.0213165283203,16667100,149.0213165283203
2018-11-07,150.64134117222275,152.07250558456096,148.91199665502825,150.60157775878906,21877400,150.60157775878906
2018-11-08,149.56796224598006,150.01520208988154,145.8409382713022,146.96400451660156,24145800,146.96400451660156
2018-11-09,145.85087984346268,146.85468623159954,143.18730717063997,144.0718536376953,17326900,144.0718536376953
2018-11-12,143.59479571374413,144.15136227938902,139.62925135087352,140.68275451660156,18542100,140.68275451660156
2018-11-13,141.1299781315025,143.99233747044582,140.752301506142,141.28900146484375,15141700,141.28900146484375
2018-11-14,142.8195769492538,144.68806343309498,140.68275561828344,143.33639526367188,22068400,143.33639526367188
2018-11-15,141.45795191802887,143.95256779447612,139.96714235470918,142.96864318847656,30320300,142.96864318847656
2018-11-16,140.20566747432048,140.90137552183424,136.9258836328436,138.6750946044922,37250600,138.6750946044922
2018-11-19,136.76688753881373,136.90602917601032,130.40610531653874,130.7440185546875,44362700,130.7440185546875
2018-11-20,126.25171256215745,133.33803339725088,126.07281508118025,131.61862182617188,41939500,131.61862182617188
2018-11-21,133.57656317156423,136.34947812375538,133.30822830416724,133.99400329589844,25469700,133.99400329589844
2018-11-23,132.83113184366107,133.67593003266398,130.45577577534317,130.9228973388672,11886100,130.9228973388672
2018-11-26,132.18510752086644,136.1605994763812,131.96645425008927,135.54440307617188,24263600,135.54440307617188
2018-11-27,134.91827163696288,135.77300309888088,132.890777211062,134.17286682128906,20750300,134.17286682128906
2018-11-28,135.44501854476647,135.95188834264482,131.04216819622712,135.9220733642578,29847500,135.9220733642578
2018-11-29,135.08723780918208,139.13230884139662,134.82883624762255,137.830322265625,24238700,137.830322265625
2018-11-30,137.41288165942004,140.10628428247927,136.5184019855785,139.7484893798828,25732600,139.7484893798828
2018-12-03,142.1238567263586,142.7996831713076,139.89757546917886,140.22555541992188,24819200,140.22555541992188
2018-12-04,139.86774742252544,142.511453324963,136.31962858740044,137.08489990234375,30307400,137.08489990234375
2018-12-06,133.00009071474418,138.844053579745,132.85100066716205,138.7744903564453,28218100,138.7744903564453
2018-12-07,138.3968229584041,140.00689245518598,135.82269538470237,136.57803344726562,21195500,136.57803344726562
2018-12-10,138.74468166868846,142.1735406043168,138.15828505276383,140.98089599609375,26422200,140.98089599609375
2018-12-11,142.99844702591955,142.99844702591955,140.23548139704576,141.20947265625,20300300,141.20947265625
2018-12-12,142.20335664148652,146.28817544992253,141.63684172831333,143.61465454101562,23696900,143.61465454101562
2018-12-13,144.6781179431873,144.95640120468934,142.31269505511946,144.1215362548828,18148600,144.1215362548828
2018-12-14,142.46176307731366,145.1154023704563,141.63684660437949,143.17735290527344,21785800,143.17735290527344
2018-12-17,142.20336254983715,144.0320853830699,137.57191034291748,139.33106994628906,24334000,139.33106994628906
2018-12-18,140.21562121130714,145.0358967311278,138.97327981465745,142.77981567382812,24709100,142.77981567382812
2018-12-19,140.3448302764883,144.0221577960371,131.68818870829043,132.4236602783203,57404900,132.4236602783203
2018-12-20,129.89920269774814,134.73937469269956,129.2034946060064,132.58265686035156,40297900,132.58265686035156
2018-12-21,132.57272384505163,134.07346667193735,122.66380844948206,124.18443298339844,56901500,124.18443298339844
2018-12-24,122.34577895959931,128.94510342029622,122.26626729055053,123.29989624023438,22066000,123.29989624023438
2018-12-26,125.22800530384528,133.41752476100135,125.11867866085694,133.35787963867188,39723400,133.35787963867188
2018-12-27,131.6285581353754,134.1629376185847,128.87552535304687,133.69581604003906,31202500,133.69581604003906
2018-12-28,134.51078373333604,135.08723195982455,131.3900227591054,132.38389587402344,22627600,132.38389587402344
2018-12-31,133.6262336400886,133.81507195324463,129.15380474437148,130.2868194580078,24625300,130.2868194580078
2019-01-02,128.1996810943868,136.66746796131812,127.77230782721618,134.8486785888672,28146200,134.8486785888672
2019-01-03,133.86475304532973,136.32955376997828,130.3166192554112,130.93283081054688,22717900,130.93283081054688
2019-01-04,133.18890509832534,137.1544635249673,132.93050359756793,137.10476684570312,29002100,137.10476684570312
2019-01-07,136.7171746014761,138.01914587309872,135.07729013185812,137.2041778564453,20089300,137.2041778564453
2019-01-08,139.03288383019392,142.26297085871363,138.6850222379267,141.65670776367188,26263800,141.65670776367188
2019-01-09,142.07414199388998,143.81341973993517,140.40444263702983,143.34629821777344,22205900,143.34629821777344
2019-01-10,142.20337992533578,143.6743080217697,139.97709848765894,143.31651306152344,16125000,143.31651306152344
2019-01-11,142.27293393108056,144.46940024330854,141.69650085531995,142.91896057128906,12908000,142.91896057128906
2019-01-14,141.12999231025876,145.67200004634904,140.40446913128616,144.4992218017578,20520300,144.4992218017578
2019-01-15,145.1153949134031,149.75678012008248,145.09552837191927,148.03738403320312,24069000,148.03738403320312
2019-01-16,148.08709351908917,148.73310497503223,146.09934729735642,146.6360321044922,18025700,146.6360321044922
2019-01-17,146.04965315031455,148.08709609610628,145.60241327570182,147.39138793945312,15787900,147.39138793945312
2019-01-18,148.83248052658487,151.49605286534683,147.6398359694482,149.12069702148438,31029600,149.12069702148438
2019-01-22,148.28586590411265,150.60159208469676,145.47320316542812,146.66586303710938,22378700,146.66586303710938
2019-01-23,147.37150430685165,147.88832257303346,142.18348543234632,143.4158935546875,20098400,143.4158935546875
2019-01-24,143.75379682702777,145.5427713436368,141.64679082152117,144.93650817871094,20955500,144.93650817871094
2019-01-25,146.57639085161125,148.91199854832516,145.64214777292565,148.09701538085938,22237200,148.09701538085938
2019-01-28,147.14291550305097,148.04734366381513,145.31419263853667,146.56646728515625,15508500,146.56646728515625
2019-01-29,147.18264767303506,147.1925961087411,142.55119589292715,143.30654907226562,17632100,143.30654907226562
2019-01-30,145.32411878563397,150.0251340723655,144.8073005526339,149.49838256835938,44613200,149.49838256835938
2019-01-31,164.58538318677918,170.6281179868087,163.98905329051217,165.668701171875,77233600,165.668701171875
2019-02-01,164.82389532654105,168.06393102503503,164.64500546518295,164.6947021484375,30806500,164.6947021484375
2019-02-04,164.68476035608808,168.26270938057183,162.6175026047529,168.2130126953125,20036000,168.2130126953125
2019-02-05,168.11360327394277,170.9262655397281,167.65643020992403,170.11129760742188,22557000,170.11129760742188
2019-02-06,170.15107599661738,171.41329911187162,168.23290814437698,169.4454345703125,13281200,169.4454345703125
2019-02-07,167.16945211501576,168.2030886299024,164.23752950784493,165.36061096191406,17517600,165.36061096191406
2019-02-08,163.462286528958,166.34451203951323,163.203885019522,166.3047637939453,12561400,166.3047637939453
2019-02-11,166.8712885601335,167.26884690202053,164.06857428500535,164.7742156982422,12811200,164.7742156982422
2019-02-12,165.83764947527123,167.30857726977405,163.49210858740534,164.02879333496094,16292300,164.02879333496094
2019-02-13,164.3667449481225,165.20159474707648,162.7268451659265,163.0647735595703,14205100,163.0647735595703
2019-02-14,162.1901574909282,163.85985705948113,161.25591432815676,162.94549560546875,12755200,162.94549560546875
2019-02-15,163.50205875041536,163.69089706647424,159.8744279898001,161.50437927246094,15504400,161.50437927246094
2019-02-19,159.51661307897066,163.1442433850523,159.34765649242996,161.29563903808594,14345400,161.29563903808594
2019-02-20,161.2559123819218,162.7169070694227,160.2620392701688,161.5640106201172,11770700,161.5640106201172
2019-02-21,160.93786784170644,161.24598124928923,158.61220836902592,159.0594482421875,15607800,159.0594482421875
2019-02-22,159.59613058331783,161.41492002077214,159.32778062295935,160.89810180664062,15858500,160.89810180664062
2019-02-25,162.07088283187446,165.05250193200075,161.90191107073753,163.6113739013672,18737100,163.6113739013672
2019-02-26,163.33309449777607,165.2214624046784,162.79640971989184,163.1243896484375,13784100,163.1243896484375
2019-02-27,161.90191441760294,162.92560244991756,159.42718021913132,161.81246948242188,12697500,161.81246948242188
2019-02-28,161.375176898707,162.4982583998714,159.87443391672403,160.4608154296875,11114200,160.4608154296875
2019-03-01,161.60376748741004,162.13051900206605,160.69933935269893,161.2857208251953,11097800,161.2857208251953
2019-03-04,162.89577254513682,166.47372127751908,162.82620932369215,166.34451293945312,18894700,166.34451293945312
2019-03-05,166.34452779522059,170.82690496377725,165.52955977885526,170.210693359375,28187900,170.210693359375
2019-03-06,171.84064332800884,172.5065516132874,170.2206405778765,171.45303344726562,21531700,171.45303344726562
2019-03-07,170.4492396949722,170.68777470274148,166.5830738735175,168.09376525878906,18306500,168.09376525878906
2019-03-08,165.1816900015013,168.5807338506077,164.9531034571835,168.5608673095703,13184800,168.5608673095703
2019-03-11,170.54859507823036,173.23204886529163,170.5287133740204,171.01571655273438,18884000,171.01571655273438
2019-03-12,171.03562531542474,172.73515506046346,170.17096053504224,170.86666870117188,12155300,170.86666870117188
2019-03-13,171.2642000148321,172.96371432622104,171.06541328563964,172.30775451660156,11973300,172.30775451660156
2019-03-14,168.71988876821868,170.1013717441735,167.1297009378252,169.12738037109375,18037400,169.12738037109375
2019-03-15,166.13582128803657,166.55324614570912,161.51430254501352,164.96304321289062,37135400,164.96304321289062
2019-03-18,162.56782905988402,162.89579383502647,158.30410499943372,159.48681640625,37524200,159.48681640625
2019-03-19,160.4906332739591,162.81630798882094,159.8346885154451,160.58009338378906,25611500,160.58009338378906
2019-03-20,160.5104988103974,165.10218748384236,160.25209727491628,164.42636108398438,20211500,164.42636108398438
2019-03-21,163.87971245226717,165.37052189849388,162.74669787974682,165.0624237060547,16223000,165.0624237060547
2019-03-22,164.63508606227916,166.39424583568254,163.0846463292326,163.33311462402344,16389200,163.33311462402344
2019-03-25,162.00132786063767,165.51963223469446,161.00745468357854,165.2711639404297,12631200,165.2711639404297
2019-03-26,166.32468411912515,168.41180871526143,165.33081093087895,166.65264892578125,15437900,166.65264892578125
2019-03-27,166.8216089409213,167.90492699998939,163.7803444606518,164.85372924804688,10620300,164.85372924804688
2019-03-28,163.5617141105904,165.69853535009787,162.32930592597572,164.53570556640625,10443000,164.53570556640625
2019-03-29,165.3705362237415,166.16563769699778,163.80021498451765,165.668701171875,13455500,165.668701171875
2019-04-01,166.8017323085524,167.86516869133777,166.25509904389602,167.66639709472656,10381500,167.66639709472656
2019-04-02,169.09755317996348,173.82838324428403,168.5111717442027,173.13267517089844,23946500,173.13267517089844
2019-04-03,173.43085519123736,176.86966277492454,171.8903488599171,172.4767303466797,27391100,172.4767303466797
2019-04-04,174.94154357910156,176.9094080288691,174.4545403109749,174.94154357910156,17847700,174.94154357910156
2019-04-05,175.79626794665077,175.91552785840483,174.02717515090316,174.64337158203125,9594100,174.64337158203125
2019-04-08,174.13652903728766,174.42474559088754,173.16252238790557,173.8582305908203,7297400,173.8582305908203
2019-04-09,174.54399116253046,178.09212545346247,174.47442793061228,176.4919891357422,19751000,176.4919891357422
2019-04-10,177.088278979029,177.69454209892865,175.4583279105723,176.73049926757812,11701500,176.73049926757812
2019-04-11,177.147947341838,177.3069555126932,175.91553923458488,176.4224090576172,8071000,176.4224090576172
2019-04-12,176.9094038610273,178.52942179422348,176.85970717519749,178.00267028808594,12329800,178.00267028808594
2019-04-15,177.40635311786377,179.3940993712852,175.78633506842917,178.54930114746094,10834800,178.54930114746094
2019-04-16,177.9032867263631,179.06611644546476,177.20757858228092,177.77407836914062,11215200,177.77407836914062
2019-04-17,178.4996145678209,179.63262929356938,177.26720646609627,177.68463134765625,9973700,177.68463134765625
2019-04-18,177.70448602560353,177.7839976812301,176.2534248496896,177.1876678466797,11655600,177.1876678466797
2019-04-22,177.1578510101715,180.55689463468244,177.1578510101715,180.32830810546875,13389900,180.32830810546875
2019-04-23,181.62038555098133,183.09131357204623,180.36809567163482,182.6540069580078,19954800,182.6540069580078
2019-04-24,183.35963529890572,184.00564668303085,180.53702445221057,181.46133422851562,37289900,181.46133422851562
2019-04-25,195.77312167141653,197.26393134182243,190.94289773268946,192.07591247558594,54148800,192.07591247558594
2019-04-26,191.32056353051507,191.7181066873159,187.93145276544553,190.31675720214844,22075000,190.31675720214844
2019-04-29,189.78004302532673,194.21272320117603,189.4818780974385,193.58657836914062,19641300,193.58657836914062
2019-04-30,193.00021031759323,196.1806010496689,191.10190914935615,192.2150421142578,23494700,192.2150421142578
2019-05-01,193.58658305982837,194.97799920329038,191.82742359143109,191.84730529785156,15996600,191.84730529785156
2019-05-02,191.81749384948668,192.81136687461355,188.58740651782432,191.35037231445312,13209500,191.35037231445312
2019-05-03,193.18905138271765,194.9581442266142,192.5231582484689,194.27236938476562,14575400,194.27236938476562
2019-05-06,190.06829900938794,193.08966659095225,189.38252413706346,192.69212341308594,13994900,192.69212341308594
2019-05-07,191.36031733430303,191.71811225192852,186.69906529911833,188.6072998046875,16253000,188.6072998046875
2019-05-08,188.2296177344628,189.55147072064133,187.39476800591825,188.37869262695312,12505700,188.37869262695312
2019-05-09,186.05305805079018,188.60731942727958,185.1188148261645,187.49417114257812,12967000,187.49417114257812
2019-05-10,187.0966054783866,188.83588335135966,183.45902640152536,187.18605041503906,12578500,187.18605041503906
2019-05-13,182.37571709965326,184.29388493748803,179.7320109668745,180.42771911621094,16833300,180.42771911621094
2019-05-14,181.40172200114728,182.3657801189418,177.00880473005353,179.6226806640625,17628100,179.6226806640625
2019-05-15,179.3145897386714,186.13256007198422,178.9170465495904,185.12875366210938,16746900,185.12875366210938
2019-05-16,183.9161985614732,187.4245689787022,183.9161985614732,185.8443145751953,12953100,185.8443145751953
2019-05-17,183.70748459158602,186.43070211424896,183.15091812921372,184.1646728515625,10485400,184.1646728515625
2019-05-20,180.765629430235,183.1012219241762,180.25874448508574,181.60047912597656,10352000,181.60047912597656
2019-05-21,183.4391385727882,184.56220469946896,182.76329707747354,183.68760681152344,7502800,183.68760681152344
2019-05-22,183.5981736574226,185.5958682957456,182.48504063746552,184.1845703125,9213800,184.1845703125
2019-05-23,181.30231653417547,182.7732443740881,178.56916569833768,179.76181030273438,12768800,179.76181030273438
2019-05-24,181.21287610345826,182.50491410919793,179.72206651959695,179.95065307617188,8807700,179.95065307617188
2019-05-28,180.42772277703733,183.5783139695646,180.33827783430075,183.18075561523438,14843300,183.18075561523438
2019-05-29,182.37570171668284,183.4292047061461,180.23888075996393,181.07373046875,12797700,181.07373046875
2019-05-30,181.95828078579342,182.35582394179727,179.781696368219,181.88870239257812,8581500,181.88870239257812
2019-05-31,179.17542539059977,179.43382691421291,176.0745464460473,176.3826446533203,15226500,176.3826446533203
2019-06-03,173.9277853495913,173.97748203560818,160.02349579270762,163.14425659179688,56059600,163.14425659179688
2019-06-04,162.7069673524266,167.24895940725762,159.85454132228588,166.47373962402344,46044300,166.47373962402344
2019-06-05,166.4538583306123,167.6862664029417,163.62132916645223,167.13963317871094,19758300,167.13963317871094
2019-06-06,167.26883004255737,168.66024618566726,166.2053786461602,167.29864501953125,12446400,167.29864501953125
2019-06-07,169.12734862423164,172.80467530053966,167.80549585481262,172.28787231445312,16917300,172.28787231445312
2019-06-10,173.67930771866713,176.77025337251828,172.73513139646082,173.74888610839844,14767900,173.74888610839844
2019-06-11,177.38646578506123,178.87727542786163,175.70681782772476,177.00880432128906,15266600,177.00880432128906
2019-06-12,177.28707675793692,178.1716231520845,171.82077506784987,173.967529296875,17699800,173.967529296875
2019-06-13,174.45452858358755,176.93921111359398,173.540167232381,176.3826446533203,12253600,176.3826446533203
2019-06-14,179.40404137528796,180.72589451798865,178.89717151550244,180.21902465820312,16773700,180.21902465820312
2019-06-17,183.87645167981103,188.33894723474907,183.28013693550344,187.85194396972656,29459900,187.85194396972656
2019-06-18,192.8113630898744,193.338114569628,186.13253527889816,187.31524658203125,37571400,187.31524658203125
2019-06-19,185.8542744916877,186.94754099599425,183.419288366969,186.33132934570312,21417100,186.33132934570312
2019-06-20,189.78005707544315,189.98877709000666,186.49033968539905,188.36875915527344,14635700,188.36875915527344
2019-06-21,187.5935464997508,190.82363405537563,187.5935464997508,189.96890258789062,22751200,189.96890258789062
2019-06-24,191.24106260505104,192.79150223505673,190.39627955808652,191.4199676513672,15509000,191.4199676513672
2019-06-25,191.69825460414492,191.9566561590256,186.97735722588678,187.68299865722656,16750300,187.68299865722656
2019-06-26,188.37869444218595,189.59122079712247,186.16236174910995,186.51022338867188,12808600,186.51022338867188
2019-06-27,188.71660480496908,197.66146155433006,187.11646871319368,188.33892822265625,11159000,188.33892822265625
2019-06-28,189.3825037991616,192.0162611916104,188.77624066057737,191.81748962402344,16378900,191.81748962402344
2019-07-01,194.01395563390034,194.08351885817146,190.75403823122053,191.81748962402344,14181800,191.81748962402344
2019-07-02,191.8175059000651,193.8052520751953,191.52928937740313,193.8052520751953,9050000,193.8052520751953
2019-07-03,192.97042293526255,196.1905623771711,192.97042293526255,195.99179077148438,10246100,195.99179077148438
2019-07-05,194.97801723727326,195.86257885386615,192.98033776825437,195.19667053222656,11164100,195.19667053222656
2019-07-08,193.9940928701634,195.4749540837891,192.45358653166892,194.5605926513672,9723900,194.5605926513672
2019-07-09,193.77542900198947,198.23792443827082,193.6959173384694,197.9894561767578,14698600,197.9894561767578
2019-07-10,198.77461526934175,201.71648624805985,198.44663533431137,201.48788452148438,20571700,201.48788452148438
2019-07-11,202.0146313979111,202.5513313393767,198.98333071693037,199.9970703125,13678500,199.9970703125
2019-07-12,198.456572809377,204.04214992916584,197.93976971774526,203.61477661132812,15366300,203.61477661132812
2019-07-15,202.9985729915772,204.07195771878594,200.583468729332,202.66065979003906,16030300,202.66065979003906
2019-07-16,202.64077639767987,204.21109764302358,201.85562335765766,202.59107971191406,12132700,202.59107971191406
2019-07-17,202.92899090706845,203.1078959409991,200.35486336198755,200.56358337402344,12083700,200.56358337402344
2019-07-18,198.92367510270475,201.2294677445845,198.15840381087781,199.54981994628906,11937900,199.54981994628906
2019-07-19,200.94125593238186,201.09034599645332,196.85645205304337,197.14466857910156,12098300,197.14466857910156
2019-07-22,198.68517599640668,201.32888209452958,197.59190951513781,201.08041381835938,13589000,201.08041381835938
2019-07-23,201.59718721998516,202.98861846077062,199.7287163708014,201.12013244628906,14583700,201.12013244628906
2019-07-24,196.41914039993904,203.55514178946012,196.01164880006732,203.40606689453125,32532500,203.40606689453125
2019-07-25,205.4335603642758,207.3815582525798,197.0452692340373,199.4802703857422,39889900,199.4802703857422
2019-07-26,198.9634448665524,201.63696575128427,195.04758269079636,198.52613830566406,24434000,198.52613830566406
2019-07-29,197.78073578294237,198.40688065364338,194.10340855270127,194.73948669433594,16530800,194.73948669433594
2019-07-30,194.1928638687126,197.49252983098856,192.31444432148683,195.83274841308594,11903600,195.83274841308594
2019-07-31,195.74326779603655,197.5421753477594,191.49942619793694,193.03993225097656,14593500,193.03993225097656
2019-08-01,192.98034354991347,197.25400103572076,189.7105076297298,191.54916381835938,17777000,191.54916381835938
2019-08-02,189.92915051402204,191.43982666753806,186.91771631292292,187.8618927001953,15297000,187.8618927001953
2019-08-05,183.55843306335666,184.53242449644966,178.2412056863508,180.61656188964844,23086700,180.61656188964844
2019-08-06,182.56453337062948,184.65165756658234,181.968203505901,183.37950134277344,18035700,183.37950134277344
2019-08-07,182.47511847349833,185.22813621117248,180.1096954968027,184.01560974121094,15833200,184.01560974121094
2019-08-08,185.47656948643743,189.17377816157486,182.9223238301564,188.99488830566406,14828900,188.99488830566406
2019-08-09,188.8358718076559,189.809863110696,185.9735126873601,186.6990509033203,11058800,186.6990509033203
2019-08-12,185.70518066595187,186.44063699817974,183.32982474436687,184.23423767089844,10930900,184.23423767089844
2019-08-13,184.38332376047353,190.20742016459062,184.23423371084635,187.2953643798828,13577000,187.2953643798828
2019-08-14,184.6616157301787,184.85045403613387,178.21137417592232,178.6089324951172,18903700,178.6089324951172
2019-08-15,179.84131658438335,182.07753083770885,178.9269552428594,181.4712677001953,12925900,181.4712677001953
2019-08-16,182.6241900984329,183.96592490813347,181.24270703572887,182.57449340820312,12654600,182.57449340820312
2019-08-19,184.8703498161172,186.35122635438864,183.71746842136727,185.0293731689453,9691200,185.0293731689453
2019-08-20,184.31375860839765,184.8603918323597,181.27250942728094,182.68380737304688,10083400,182.68380737304688
2019-08-21,183.86651265722975,184.7609923283615,182.0179081936316,182.42539978027344,8398200,182.42539978027344
2019-08-22,182.30613509931223,182.9819766919546,178.807712713128,180.92465209960938,10821400,180.92465209960938
2019-08-23,179.73199852978033,182.00797630440962,175.57761646457456,176.6609344482422,17323400,176.6609344482422
2019-08-26,178.30083422479848,179.39410073863334,177.14795291465504,179.2549591064453,8773600,179.2549591064453
2019-08-27,180.81533876987058,182.91241176786306,179.900977272138,180.189208984375,14399600,180.189208984375
2019-08-28,179.42391784013998,180.83521588767096,177.82378146841458,180.64637756347656,9386100,180.64637756347656
2019-08-29,182.64405465167732,184.9398989708161,182.34588970360622,184.4330291748047,10128700,184.4330291748047
2019-08-30,185.63562472380835,185.65550643298332,182.33597376989454,184.5324249267578,10774500,184.5324249267578
2019-09-03,182.87262755277686,184.53239360257768,180.9942082350695,181.27249145507812,9779400,181.27249145507812
2019-09-04,183.51865876618712,186.59967139055317,182.76332068238307,185.993408203125,11308000,185.993408203125
2019-09-05,187.37488762861233,190.18755022085793,186.7885061602553,189.73036193847656,13876700,189.73036193847656
2019-09-06,189.0445987151948,189.0445987151948,185.2082481517777,186.3412628173828,15226800,186.3412628173828
2019-09-09,186.57978182914118,187.82212313098043,184.71131082357834,187.6034698486328,14722400,187.6034698486328
2019-09-10,186.2915963884035,186.94755634484335,183.41930342613992,185.0293731689453,15455900,185.0293731689453
2019-09-11,185.3175828851151,188.27932044464956,184.93990625832285,187.33514404296875,11761700,187.33514404296875
2019-09-12,188.69672112846624,189.7601573116064,186.08283038611302,186.3213653564453,11419800,186.3213653564453
2019-09-13,186.18223243484024,186.81831055343838,185.39706426584186,186.0430908203125,11441100,186.0430908203125
2019-09-16,185.78469721702479,186.63942871684216,184.63181590995754,185.0790557861328,8444800,185.0790557861328
2019-09-17,185.516360071611,187.16619308917345,184.4032118656904,186.9276580810547,9671100,186.9276580810547
2019-09-18,186.93759273932173,187.921532594147,184.87033481619306,186.98728942871094,9681900,186.98728942871094
2019-09-19,187.50409349270546,189.92914616425776,186.99720853076508,188.9750213623047,10392700,188.9750213623047
2019-09-20,189.4918346140908,191.91688722189593,186.9673886376515,188.76629638671875,19934200,188.76629638671875
2019-09-23,188.1799184132552,188.93527163209313,184.07523305607694,185.6753692626953,13327600,185.6753692626953
2019-09-24,186.82825815573298,186.8878881143479,179.28476508495004,180.1693115234375,18546600,180.1693115234375
2019-09-25,180.33825802094356,182.29618910066725,176.78019075843295,181.67999267578125,18068300,181.67999267578125
2019-09-26,180.21902674500998,180.2885899821149,176.58144724240194,179.00650024414062,16083300,179.00650024414062
2019-09-27,179.38415212619046,179.65248693048383,174.583743478275,176.01492309570312,14656200,176.01492309570312
2019-09-30,176.78020209699912,177.57530360400025,175.76646246174005,176.98892211914062,10740000,176.98892211914062
2019-10-01,178.05238205026714,178.73815700141714,173.80855430192767,174.73284912109375,17073000,174.73284912109375
2019-10-02,173.768747469562,175.4483952253085,172.02946976170819,173.5302276611328,16151700,173.5302276611328
2019-10-03,174.49429109451344,178.73811791480915,172.56617503474888,178.28094482421875,16086300,178.28094482421875
2019-10-04,178.44992636282308,179.8711576819837,177.00881333446213,179.3444061279297,10430200,179.3444061279297
2019-10-07,178.89716350241537,180.06992651714253,176.9988621833565,178.57911682128906,9178300,178.57911682128906
2019-10-08,177.16780424369145,179.2648769835568,176.63111946999805,176.6609344482422,9466900,176.6609344482422
2019-10-09,178.0623025490312,179.612742109068,176.84977619253073,178.74807739257812,7556900,178.74807739257812
2019-10-10,179.215187841258,180.49727734712505,178.07222478441358,178.9269561767578,8605000,178.9269561767578
2019-10-11,181.03396816699762,185.34738868615622,181.02403489610543,183.0614776611328,14930500,183.0614776611328
2019-10-14,183.07142013875344,183.48884501670335,181.45141731451207,182.1570587158203,7006000,182.1570587158203
2019-10-15,182.67387105006756,189.21355758999005,182.53472942859258,187.73268127441406,15039100,187.73268127441406
2019-10-16,187.16616658142036,188.53770097928134,185.75485360655617,188.3886260986328,10516900,188.3886260986328
2019-10-17,189.13405054568656,189.67073533725747,187.613425943386,189.22349548339844,9603000,189.22349548339844
2019-10-18,189.0644727709509,190.31676256422483,182.79313602913544,184.71131896972656,16874200,184.71131896972656
2019-10-21,185.89400003081127,188.74642586523717,185.60578353232776,188.5973358154297,8122600,188.5973358154297
2019-10-22,188.8358800632712,189.48189148157846,180.3879591130722,181.22280883789062,19537600,181.22280883789062
2019-10-23,180.89484158700827,185.2380774452247,180.8849083152903,185.0094757080078,12300400,185.0094757080078
2019-10-24,183.48885643277828,185.58592938969238,181.68001518245515,185.2380828857422,11413500,185.2380828857422
2019-10-25,184.69142406583313,187.84199970130487,183.95595257574905,186.73880004882812,8061200,186.73880004882812
2019-10-28,186.0530300743242,188.36875607760135,183.94602408220038,188.2395477294922,13657900,188.2395477294922
2019-10-29,190.51553882072784,191.35038859318578,187.31526619433893,188.15011596679688,13574900,188.15011596679688
2019-10-30,188.3985746746529,189.28312109072493,184.84050730289707,187.0966033935547,28734600,187.0966033935547
2019-10-31,195.49481545143718,196.87629831047573,187.09659166093815,190.4757537841797,42286500,190.4757537841797
2019-11-01,191.66842921027217,192.92070382938306,188.74643993371373,192.43370056152344,21711800,192.43370056152344
2019-11-04,193.35802092640373,196.16073527359697,192.62254934897692,193.5269775390625,16371300,193.5269775390625
2019-11-05,194.17297965525628,194.55065628024155,192.41383521480324,193.12942504882812,9942000,193.12942504882812
2019-11-06,192.84118950363325,193.17910270591227,190.17761696995228,190.3763885498047,10973000,190.3763885498047
2019-11-07,190.73418751441235,192.25481212229386,188.30913475888116,189.25331115722656,13473000,189.25331115722656
2019-11-08,188.83585047921585,191.16150941913074,188.53768557697876,189.6707000732422,10760800,189.6707000732422
2019-11-11,188.76630420033388,188.91539425945646,187.38482124480848,188.44827270507812,8631200,188.44827270507812
2019-11-12,188.8358745293958,193.86486960357294,188.57747300270523,193.2784881591797,17615500,193.2784881591797
2019-11-13,193.5070752078236,194.5009482342277,191.55909256863885,192.00633239746094,10860700,192.00633239746094
2019-11-14,191.74792995666868,192.84119643309091,190.277002014546,191.96658325195312,9040500,191.96658325195312
2019-11-15,193.0697828977313,194.10341941403823,192.19518488235616,193.90464782714844,11524300,193.90464782714844
2019-11-18,193.3679406407976,197.41301128508627,191.86719777571892,196.19053649902344,16167200,196.19053649902344
2019-11-19,196.19052066983204,198.77459649032554,195.65383593203936,198.09877014160156,19056800,198.09877014160156
2019-11-20,197.36330185154932,198.3671081204739,194.2325928072605,196.2998504638672,12355400,196.2998504638672
2019-11-21,196.21038492221658,197.87015083543346,195.65381852799976,196.71725463867188,12131000,196.71725463867188
2019-11-22,197.16456106175423,198.07892254321942,196.40920775923456,197.60186767578125,9959800,197.60186767578125
2019-11-25,198.2975678882827,199.73868087006278,198.0292179013043,198.56590270996094,15272300,198.56590270996094
2019-11-26,198.7746035222595,198.92367840878168,196.8266057350099,197.75091552734375,11735500,197.75091552734375
2019-11-27,198.67520501127808,201.89535896448618,198.1981502214578,200.76234436035156,12736600,200.76234436035156
2019-11-29,200.36480802612175,202.55132564937153,199.97719815275155,200.40455627441406,7985200,200.40455627441406
2019-12-02,200.89157521536063,200.94125673828376,196.83657113421333,198.47645568847656,11503400,198.47645568847656
2019-12-03,196.3893412151794,197.7111791639872,193.8847766218525,197.60186767578125,11595300,197.60186767578125
2019-12-04,198.7745974151669,198.8044123915553,196.83654812342868,197.4925079345703,8456300,197.4925079345703
2019-12-05,198.63547107764825,200.056702279109,196.99558658899363,198.13853454589844,9740400,198.13853454589844
2019-12-06,199.27155828549957,200.3350097911054,198.83425169124297,199.8181915283203,12270600,199.8181915283203
2019-12-09,199.4206094874176,201.89535869339053,198.9833181104269,200.10638427734375,11954800,200.10638427734375
2019-12-10,200.4244504582292,200.81206035572924,198.92369239036242,199.6392822265625,9475700,199.6392822265625
2019-12-11,199.05290272543124,201.38851057034012,199.05290272543124,201.02076721191406,8036800,201.02076721191406
2019-12-12,201.1102203654393,202.4121916515296,192.91076759563754,195.54452514648438,23734800,195.54452514648438
2019-12-13,195.19664726663026,195.5942055579329,191.98644178651466,192.92068481445312,18798000,192.92068481445312
2019-12-16,194.07360923006124,197.90001165946984,193.61642092014702,196.70736694335938,14911500,196.70736694335938
2019-12-17,197.62172411611846,197.78074745223446,194.9283365001661,197.1744842529297,10175700,197.1744842529297
2019-12-18,198.86406998982494,203.04828251982224,198.86406998982494,201.25930786132812,23274400,201.25930786132812
2019-12-19,201.53756783194586,205.03600507477253,201.26921787285923,204.79747009277344,16514600,204.79747009277344
2019-12-20,206.2087736475108,206.43737536523236,202.1835848111453,205.0360107421875,27306900,205.0360107421875
2019-12-23,205.4335510067969,207.31197041535347,204.4197962761366,204.91673278808594,13348900,204.91673278808594
2019-12-24,205.0360135603748,205.5230016498251,203.7439755603469,203.8632354736328,6046300,203.8632354736328
2019-12-26,204.31049198218503,206.5467063645433,204.0520752810987,206.51687622070312,9350700,206.51687622070312
2019-12-27,207.391496725923,207.64989827088093,205.3242388703599,206.8249969482422,10284200,206.8249969482422
2019-12-30,206.5864517457174,206.62619999478682,202.6507078146828,203.1575927734375,10524300,203.1575927734375
2019-12-31,202.7500904004263,204.30052984174654,202.35254726968208,203.992431640625,8953500,203.992431640625
2020-01-02,205.48324073536628,208.50460795301234,205.00618594632707,208.4946746826172,12077100,208.4946746826172
2020-01-03,205.94043338794853,209.1108755558181,205.6820166991645,207.3914794921875,11188400,207.3914794921875
2020-01-06,205.43356400520057,211.47631419268347,205.2546741289233,211.29742431640625,17058900,211.29742431640625
2020-01-07,211.51610354879784,213.26531493655096,210.45265193617462,211.75462341308594,14912400,211.75462341308594
2020-01-08,211.69493751638643,214.91509132121325,211.30732767402466,213.90133666992188,13475000,213.90133666992188
2020-01-09,216.207155864264,217.04202082618497,214.95488116933342,216.96250915527344,12642800,216.96250915527344
2020-01-10,217.8569679090441,218.5328094639806,216.08787510640607,216.7239532470703,12119400,216.7239532470703
2020-01-13,218.2545098739059,220.60998395554813,217.86690002293568,220.55035400390625,14463400,220.55035400390625
2020-01-14,220.252182986827,221.01746939742043,217.2904458699361,217.71780395507812,13288900,217.71780395507812
2020-01-15,219.25834388845988,220.3217802131543,218.791222321025,219.79502868652344,10036500,219.79502868652344
2020-01-16,221.2063258160024,221.2659557708827,219.039674741792,220.41122436523438,10015300,220.41122436523438
2020-01-17,220.66963453830988,220.9280360746828,219.17882494669027,220.77896118164062,15905900,220.77896118164062
2020-01-21,220.7988723834931,221.007577261631,217.77748938164623,220.08328247070312,14275800,220.08328247070312
2020-01-22,220.94792919208945,221.38523578799524,219.9242410995373,219.96400451660156,12212800,219.96400451660156
2020-01-23,219.39748351483465,220.1329550572462,217.9265555953113,218.41354370117188,11195000,218.41354370117188
2020-01-24,219.44716802373816,220.42115934670656,214.78590108729813,216.6046905517578,11905800,216.6046905517578
2020-01-27,211.79435293567823,214.73620866992388,211.19802303979912,213.55349731445312,13810700,213.55349731445312
2020-01-28,214.81572766096295,217.39980374418147,212.21178503509026,216.4556121826172,13413800,216.4556121826172
2020-01-29,220.08326323991793,222.82634755572226,217.1115771904881,221.86228942871094,33181300,221.86228942871094
2020-01-30,205.2646267958043,210.13459931509146,203.49553374739054,208.24624633789062,48775500,208.24624633789062
2020-01-31,207.1529382593788,207.41135494036547,199.82809923845386,200.6728973388672,31359900,200.6728973388672
2020-02-03,202.19354476411328,203.88312599164132,201.25930162886954,202.93894958496094,15495600,202.93894958496094
2020-02-04,205.35404859424295,209.30967432653713,203.94275065657752,208.5443878173828,19628900,208.5443878173828
2020-02-05,211.20796698578138,211.42662028096842,207.43126133865994,208.8226776123047,12538200,208.8226776123047
2020-02-06,209.1804593792485,209.89604917934724,208.05737799417432,209.55813598632812,10567500,209.55813598632812
2020-02-07,209.01150690086425,211.51607125055685,208.64376355740467,211.02906799316406,12242500,211.02906799316406
2020-02-10,210.22406534446466,212.49009504701138,209.36933377839517,211.75462341308594,11856400,211.75462341308594
2020-02-11,208.90219741858414,209.56809060157755,205.2447363827584,205.9205780029297,25030800,205.9205780029297
2020-02-12,206.57652977128944,209.9258772632884,206.12927474433053,209.46868896484375,13813700,209.46868896484375
2020-02-13,208.23629076931672,213.016817830153,207.89836239843402,211.8341064453125,15396600,211.8341064453125
2020-02-14,212.68881644284545,213.61311102935213,211.34708186178304,212.86770629882812,10741700,212.86770629882812
2020-02-18,212.24160030247936,216.6444507890148,212.0925102405722,216.46556091308594,15609200,216.46556091308594
2020-02-19,216.65439197011833,216.98237189697062,214.78590578028076,216.15745544433594,12135100,216.15745544433594
2020-02-20,215.1934055261933,217.429619976959,211.64527131830107,213.26528930664062,13109200,213.26528930664062
2020-02-21,212.1720267190838,212.92737998649136,207.55052283584575,208.89224243164062,14092300,208.89224243164062
2020-02-24,200.56358859303967,202.40224467367145,196.95582449543258,199.49020385742188,23080100,199.49020385742188
2020-02-25,201.01082750139798,202.25316883329782,194.74942415556276,195.5644073486328,21433500,195.5644073486328
2020-02-26,195.98185749905554,199.97723198415468,194.2922761027663,195.99179077148438,16524500,195.99179077148438
2020-02-27,190.64474216481972,194.6798644575618,188.33894933165297,188.58741760253906,21682600,188.58741760253906
2020-02-28,181.58061181994842,191.5591062081059,180.70601380684255,191.29075622558594,32568900,191.29075622558594
2020-03-02,192.8411820451101,195.3656280240258,187.6929270491447,195.23641967773438,24949000,195.23641967773438
2020-03-03,195.0177789559788,196.03153375418208,182.84283360204574,184.75106811523438,27984100,184.75106811523438
2020-03-04,188.01097060333953,190.654676662241,185.24800462654167,190.58509826660156,23062500,190.58509826660156
2020-03-05,185.63561295242383,187.8320791353071,182.7633203534532,184.0354766845703,19333400,184.0354766845703
2020-03-06,177.23738456460472,182.65398970716862,175.18006005158372,179.98046875,24559600,179.98046875
2020-03-09,168.56086492259055,173.92777299459001,164.1778814034553,168.4614715576172,29949000,168.4614715576172
2020-03-10,173.59979880288097,177.19761428693064,168.46147710282534,177.09823608398438,24517800,177.09823608398438
2020-03-11,172.9438354860857,174.80238831080555,166.63275102739735,169.1969451904297,20373900,169.1969451904297
2020-03-12,158.56251918383708,165.57927651681925,153.3943817226378,153.52359008789062,43266300,153.52359008789062
2020-03-13,162.5280515419697,169.74356410975204,156.63439189268647,169.2366943359375,35028600,169.2366943359375
2020-03-16,151.38673814558268,158.15501064822567,142.22322814436825,145.11538696289062,39120400,145.11538696289062
2020-03-17,149.81643637131103,152.99682725438325,139.14223383078428,148.5045166015625,34255600,148.5045166015625
2020-03-18,138.89376894045387,147.27211208807233,136.26001123060118,146.05960083007812,37553100,146.05960083007812
2020-03-19,145.7216351226002,158.95008057552693,143.91279438793367,152.19175720214844,39862300,152.19175720214844
2020-03-20,155.06409265819508,158.2941803862986,147.09322577209852,148.8126220703125,32568400,148.8126220703125
2020-03-23,148.7430512988131,151.37680893907242,141.3784480122466,147.19261169433594,29830800,147.19261169433594
2020-03-24,154.25903144385643,160.32164750480814,151.635207391002,159.99366760253906,30440400,159.99366760253906
2020-03-25,157.9463174011286,161.99138835546233,152.12222020104278,155.2529296875,35184300,155.2529296875
2020-03-26,157.28043759020613,162.99520862428946,156.05797777180848,162.33924865722656,26556800,162.33924865722656
2020-03-27,157.23071031511614,159.10912973523017,153.80185139462847,155.829345703125,24879900,155.829345703125
2020-03-30,158.20471746524464,165.7283443344653,157.09158441316563,164.93324279785156,22515200,164.93324279785156
2020-03-31,164.46611066941088,169.8827158445365,163.19395435851055,165.7780303955078,23676300,165.7780303955078
2020-04-01,160.62975927070954,163.14425690189051,157.07169189238763,158.6221466064453,19507600,158.6221466064453
2020-04-02,158.12519218302305,160.3614063172973,154.9646683206273,157.22076416015625,20886300,157.22076416015625
2020-04-03,156.18715596524459,156.94250924815321,149.90588568360153,153.2353515625,25983300,153.2353515625
2020-04-06,159.16878137402077,165.18171705780128,157.5388299893632,164.53570556640625,28453600,164.53570556640625
2020-04-07,170.73744907447568,172.32765206239267,164.99286390770746,167.79559326171875,31411900,167.79559326171875
2020-04-08,170.20075468318225,173.92777850836143,166.7122658423221,173.21218872070312,21664200,173.21218872070312
2020-04-09,174.82226430125834,175.99504239206618,170.51880731874704,174.1166229248047,23534300,174.1166229248047
2020-04-13,172.60593742854883,173.92779045584925,168.41179178261808,173.7190704345703,19355400,173.7190704345703
2020-04-14,177.88338860035282,180.11960289192132,175.5378476701401,177.07835388183594,21011800,177.07835388183594
2020-04-15,174.11660378103699,177.09822261809256,171.7611297526583,175.8856964111328,17423000,175.8856964111328
2020-04-16,176.85970134467598,176.95909471305893,171.45302967509875,175.1701202392578,23593200,175.1701202392578
2020-04-17,178.1020670254151,179.17545185676434,175.57763587477402,178.14183044433594,20974800,178.14183044433594
2020-04-20,176.32301752693286,179.39408154360316,175.68693939566168,177.14793395996094,16110700,177.14793395996094
2020-04-21,174.17625694496,174.30546529801478,167.30859033530422,169.75352478027344,24850500,169.75352478027344
2020-04-22,177.3566568449466,183.6478755716349,177.04855860139085,181.16319274902344,33242000,181.16319274902344
2020-04-23,182.952172947732,185.90397744349545,182.02786302380866,183.99574279785156,21426600,183.99574279785156
2020-04-24,182.107353403919,189.2433697378823,179.72206416708343,188.90545654296875,28792000,188.90545654296875
2020-04-27,191.4795848506093,192.56290283203126,186.26175135451555,186.3511962890625,29197800,186.3511962890625
2020-04-28,187.50407615708383,188.04076088242022,181.4414450387214,181.789306640625,21731000,181.789306640625
2020-04-29,189.76019271616107,195.70356505545269,188.83589796860645,193.00022888183594,45954500,193.00022888183594
2020-04-30,205.652215783563,208.40524845997166,200.3350039075921,203.4557647705078,46230100,203.4557647705078
2020-05-01,200.3647923695249,206.00998343444465,197.8304133192348,201.0306854248047,30415600,201.0306854248047
2020-05-04,198.97338507610132,204.64840696413435,197.54220543248462,204.00238037109375,19250700,204.00238037109375
2020-05-05,205.7516033631944,209.0910174227714,205.2347851301422,205.80130004882812,21071200,205.80130004882812
2020-05-06,206.84485686794307,210.30354604367844,205.3938106895881,207.19271850585938,21857000,207.19271850585938
2020-05-07,209.86624373917257,210.30355032191804,207.75922249188082,209.9656219482422,15152000,209.9656219482422
2020-05-08,210.93962355218434,211.90368163286917,209.55814060645548,211.0489501953125,12506000,211.0489501953125
2020-05-11,209.59789291383512,213.682711872996,209.08107466674213,211.8738555908203,12911900,211.8738555908203
2020-05-12,211.98317109673138,213.96098387848207,208.71333551309112,208.81272888183594,14704600,208.81272888183594
2020-05-13,208.14682548939223,209.48856017241394,200.8716826525901,203.84336853027344,20684600,203.84336853027344
2020-05-14,201.31893180013554,205.66215237461995,199.46039396442708,205.5428924560547,17178900,205.5428924560547
2020-05-15,204.0123084427687,210.04510947420385,202.8693454300811,209.5879364013672,19383200,209.5879364013672
2020-05-18,210.85016782566936,213.32491725402267,209.64758989160947,211.88380432128906,20151900,211.88380432128906
2020-05-19,211.9633108985472,219.13907557606217,211.5260043274611,215.5511932373047,31843200,215.5511932373047
2020-05-20,222.13061462325052,229.92257527282402,221.82251642091433,228.56097412109375,50162900,228.56097412109375
2020-05-21,233.2818891960785,235.7466901738807,229.7834517285112,229.9722900390625,47782600,229.9722900390625
2020-05-22,230.09155600221266,234.5441184107907,227.33853843326284,233.47073364257812,33925600,233.47073364257812
2020-05-26,238.3009708189558,239.4240371726359,230.2505921906357,230.77734375,33178300,230.77734375
2020-05-27,227.66649024432414,229.14735127506725,219.77513637621254,227.73605346679688,34697600,227.73605346679688
2020-05-28,222.9257321417134,230.21082354855974,222.62756718831204,224.07862854003906,29377200,224.07862854003906
2020-05-29,223.82021837089505,226.09619625518175,221.5144406722277,223.7108917236328,23241500,223.7108917236328
2020-06-01,223.21393236131902,231.01584144007373,222.13061443617886,230.4890899658203,18223800,230.4890899658203
2020-06-02,229.52503567096386,231.5724116479269,225.1718670282918,231.29412841796875,20919000,231.29412841796875
2020-06-03,230.68786624175902,231.22455099741492,227.1297990263184,228.74981689453125,15380300,228.74981689453125
2020-06-04,228.1534876934371,230.21081212101262,223.23381928507226,224.9035186767578,17041500,224.9035186767578
2020-06-05,225.3209720918083,229.93254256518625,223.92954068401087,229.35609436035156,16750400,229.35609436035156
2020-06-08,227.62674917566414,230.13131357118613,226.01667964690697,229.9822235107422,15466500,229.9822235107422
2020-06-09,230.10148608460366,238.30093850843807,228.99828642460307,237.20767211914062,27462900,237.20767211914062
2020-06-10,239.4836656083345,239.73213387997254,233.83845859076249,235.27957153320312,20720700,235.27957153320312
2020-06-11,228.53118210500105,231.4631047049398,222.18033362860896,223.054931640625,26708200,223.054931640625
2020-06-12,228.49142428613308,230.24065068361716,223.124515502744,227.1795196533203,22091400,227.1795196533203
2020-06-15,223.71088225411913,232.33770825530914,223.42266574097317,231.0754852294922,15340300,231.0754852294922
2020-06-16,235.68706840818368,236.99898819111016,231.57243434446906,234.20619201660156,15236700,234.20619201660156
2020-06-17,233.56019301756047,236.13432086689028,230.3102235322659,234.08694458007812,19578100,234.08694458007812
2020-06-18,233.55023889686015,234.69318686475435,230.72762784375436,234.49441528320312,15782500,234.49441528320312
2020-06-19,236.3330769766051,239.35445968294985,234.10681094592994,237.3269500732422,30081300,237.3269500732422
2020-06-22,237.09834315138013,239.22523078896901,235.45845874884006,237.75430297851562,18917800,237.75430297851562
2020-06-23,239.8016735975735,243.68772062463825,238.3903757728829,240.75579833984375,24017900,240.75579833984375
2020-06-24,239.72218305152717,241.72981091261565,231.25438019230512,232.586181640625,20834900,232.586181640625
2020-06-25,233.18247423813443,235.8460617164685,231.314003343943,234.23597717285156,18704300,234.23597717285156
2020-06-26,231.21462336924742,231.6618632040914,214.08024670382582,214.75608825683594,76343900,214.75608825683594
2020-06-29,208.4648846776764,219.39748888008137,205.84106027571121,219.2881622314453,58514300,219.2881622314453
2020-06-30,219.2384781925113,226.106145413762,217.13147193210136,225.6787872314453,33927100,225.6787872314453
2020-07-01,227.09997474318763,237.53564097865137,226.16573172042223,236.0945281982422,43399700,236.0945281982422
2020-07-02,237.53565089731185,238.52952391361862,231.1848029297237,231.98983764648438,30633600,231.98983764648438
2020-07-06,232.3277590110355,238.92707546501737,230.8468978703986,238.8078155517578,26206200,238.8078155517578
2020-07-07,237.9431795374755,246.13268476171035,237.35679800618703,239.38429260253906,27887800,239.38429260253906
2020-07-08,236.6511138805368,245.47671146734737,235.14042258970903,242.0876007080078,29791300,242.0876007080078
2020-07-09,243.49888963445807,245.0195141401759,237.77418650500857,243.001953125,22174900,243.001953125
2020-07-10,242.19696209647435,243.98593688629958,237.85374107322485,243.56851196289062,22982700,243.56851196289062
2020-07-13,245.49657748918494,248.61733827060945,236.95921159916458,237.53565979003906,24674900,237.53565979003906
2020-07-14,235.30938048767743,238.85751459516547,230.6083651549353,238.2611846923828,23378100,238.2611846923828
2020-07-15,240.0700385731853,243.32000769720125,236.5914828936554,238.8078155517578,19133600,238.8078155517578
2020-07-16,236.54177107091078,240.27872804512873,234.88200500129943,239.4538116455078,18880700,239.4538116455078
2020-07-17,239.52343100143628,242.66407381938458,236.40266989292587,240.547119140625,18152400,240.547119140625
2020-07-20,238.5891606747882,244.54246567181318,234.196243637224,243.91632080078125,20872200,243.91632080078125
2020-07-21,244.71142791221044,245.397202755287,238.60904788389522,240.26881408691406,19364200,240.26881408691406
2020-07-22,238.78793948238825,240.41789071838306,236.66105170901332,238.40032958984375,15427900,238.40032958984375
2020-07-23,238.16182313502418,240.93472249662466,230.33009801311678,231.17489624023438,21771800,231.17489624023438
2020-07-24,228.77964476919945,232.05942893841245,225.5097938711942,229.2964630126953,18325800,229.2964630126953
2020-07-27,230.04184177377496,233.51044869505876,229.41569695667997,232.0693359375,13163100,232.0693359375
2020-07-28,233.19244503448954,233.52042496991143,228.4218512292707,228.71006774902344,14170100,228.71006774902344
2020-07-29,229.72380533015536,232.26811779164618,228.8988889177457,231.86062622070312,13588300,231.86062622070312
2020-07-30,228.80944196071061,233.45082702425054,227.59691569444212,233.06321716308594,20615300,233.06321716308594
2020-07-31,254.25260453555245,254.28241951307862,247.4743832256901,252.1157684326172,53005100,252.1157684326172
2020-08-03,251.10201942967134,253.83517031078523,248.79624184501446,250.416259765625,23124900,250.416259765625
2020-08-04,250.01869724475802,251.25110526267036,245.91399677394983,248.29930114746094,17183500,248.29930114746094
2020-08-05,248.6571252534549,250.72438322053978,246.25195405581886,247.5936737060547,13050100,247.5936737060547
2020-08-06,247.51412932306732,264.96655222930593,247.14640115990747,263.6546325683594,45241600,263.6546325683594
2020-08-07,262.46198574914985,277.18127375096526,261.81597432279955,266.7952880859375,72766400,266.7952880859375
2020-08-10,266.3977394793041,272.1820575500566,258.09889348728063,261.38861083984375,30248800,261.38861083984375
2020-08-11,258.5958214658989,264.29072474471275,253.56682645070933,254.56069946289062,28238300,254.56069946289062
2020-08-12,257.38332236136785,262.2831095495696,256.5285757087072,258.2976989746094,21415700,258.2976989746094
2020-08-13,259.9474733792103,263.5353707137143,257.97962423291574,259.6990051269531,17374000,259.6990051269531
2020-08-14,260.702825172593,261.04073835417745,257.09506131628734,259.6393737792969,14792700,259.6393737792969
2020-08-17,260.8916616643438,262.48186452536964,257.81064930809316,259.55987548828125,13351100,259.55987548828125
2020-08-18,259.3511678194675,263.52541616215717,257.67152004674114,260.7326354980469,18690400,260.7326354980469
2020-08-19,259.7885105856155,266.2685524386853,259.74874716806517,260.98114013671875,23291500,260.98114013671875
2020-08-20,259.8978196058501,267.978012884733,259.85805618867687,267.36181640625,20299700,267.36181640625
2020-08-21,267.04378411667915,268.83274368804626,264.7877029428126,265.37408447265625,15538600,265.37408447265625
2020-08-24,269.4091567352916,275.55128448984294,267.1232306764229,269.7272033691406,23685600,269.7272033691406
2020-08-25,270.74098020975373,281.35553785008386,268.6041590682615,279.0994567871094,42127200,279.0994567871094
2020-08-26,282.25995682291443,302.8033268850319,282.25995682291443,302.0479736328125,69015200,302.0479736328125
2020-08-27,298.32097466525,299.3844262376295,290.23083249412696,291.4234924316406,30301300,291.4234924316406
2020-08-28,293.1925651257642,295.4089130625106,289.19720617425287,291.86077880859375,17157400,291.86077880859375
2020-08-31,292.14896917427325,295.0610096722161,289.76364980212225,291.403564453125,17345100,291.403564453125
2020-09-01,292.9043140593483,299.6427720327892,290.9165679865858,293.6298522949219,17295900,293.6298522949219
2020-09-02,297.0487907516562,301.73987289850623,291.2544937150291,300.6466064453125,24341400,300.6466064453125
2020-09-03,294.17649140957974,295.7766428847107,281.89223435846344,289.3363342285156,32294100,289.3363342285156
2020-09-04,285.49003701981877,287.229314878077,269.47875655191166,280.99774169921875,30333700,280.99774169921875
2020-09-08,269.6178560940287,277.5887063354543,267.7692669421887,269.49859619140625,24864000,269.49859619140625
2020-09-09,274.08036589592007,276.7737837566097,269.6874639068306,272.0429382324219,22918800,272.0429382324219
2020-09-10,273.82193811304677,277.4495682078167,265.3938848257211,266.4473876953125,24814700,266.4473876953125
2020-09-11,268.4053449938947,269.72721309385213,261.03082418054396,264.9764709472656,18913900,264.9764709472656
2020-09-14,269.2899266715529,274.9450669969811,264.072092933478,264.5193176269531,24093800,264.5193176269531
2020-09-15,269.01163765193706,272.83802471335247,267.65000606605827,270.75091552734375,18478500,270.75091552734375
2020-09-16,265.65231603592844,270.7707557921307,260.1860146722841,261.9053955078125,29183400,261.9053955078125
2020-09-17,256.69755108594165,259.8978237812909,248.6571210950568,253.25875854492188,31281400,253.25875854492188
2020-09-18,256.81680307351587,257.6119197521843,248.51797178447617,250.98277282714844,28130800,250.98277282714844
2020-09-21,246.0233297244526,248.4185674302035,242.63423412753664,246.6295928955078,24709400,246.6295928955078
2020-09-22,251.75799874106642,253.755693427107,246.6991881770251,253.18917846679688,30293100,253.18917846679688
2020-09-23,253.69602060947932,256.4092896969273,246.62958285897292,247.4942626953125,19641300,247.4942626953125
2020-09-24,244.98971023893918,250.694547084944,244.11509708985568,248.0011444091797,20006800,248.0011444091797
2020-09-25,247.87195282892364,254.18305327749582,245.09905346590133,253.25875854492188,18351300,253.25875854492188
2020-09-28,257.8106850794095,258.00947183859324,253.25875946787116,255.2465057373047,18826300,255.2465057373047
2020-09-29,256.23040948448823,261.71657782053796,255.32598136617338,260.18603515625,20200200,260.18603515625
2020-09-30,260.3749064781673,264.44976224953746,258.50642004785584,260.2953796386719,20142500,260.2953796386719
2020-10-01,263.7242121547099,266.6859343453283,263.17756379487133,264.9963684082031,20009800,264.9963684082031
2020-10-02,259.60955887022527,263.5254209322513,257.59199788542276,258.34735107421875,16367600,258.34735107421875
2020-10-05,260.59353258086253,263.2471567078468,259.2418494259985,263.02850341796875,12822300,263.02850341796875
2020-10-06,260.1760742376112,264.062121329849,256.6577553046133,257.0751953125,18696900,257.0751953125
2020-10-07,257.6218311953234,258.5858892909873,253.2587441693883,256.53851318359375,23133400,256.53851318359375
2020-10-08,258.15854104553944,262.9986982518995,257.5622111117492,262.14398193359375,16312800,262.14398193359375
2020-10-09,262.89929049447505,263.1278922169274,260.56371307166495,262.8297424316406,14107800,262.8297424316406
2020-10-12,268.5444727961585,278.4633050404847,266.22873192743236,274.0604553222656,31019300,274.0604553222656
2020-10-13,275.87926941302317,277.38997586903633,271.7149692144357,274.4481201171875,18063300,274.4481201171875
2020-10-14,275.9190229160564,277.04210428137515,269.83652488750977,270.1545715332031,15577800,270.1545715332031
2020-10-15,265.960459166111,267.3916389186577,262.05454499297787,265.0858459472656,15416100,265.0858459472656
2020-10-16,265.74178726862857,269.70733112644956,263.6745142904317,264.3006591796875,16622700,264.3006591796875
2020-10-19,263.90310129677107,266.9045868925761,258.28772481032973,259.79840087890625,13587000,259.79840087890625
2020-10-20,261.44825585427947,268.04758781197927,261.26936597521654,265.9206848144531,18763200,265.9206848144531
2020-10-21,277.84717921242225,281.31578684787894,274.6767213938293,277.02227783203125,28998600,277.02227783203125
2020-10-22,278.15523234413973,280.7194416756075,273.3548390877455,276.41595458984375,16720000,276.41595458984375
2020-10-23,277.0917849843274,283.4923296397231,275.12393582241333,283.04510498046875,17535200,283.04510498046875
2020-10-26,281.4250899029614,283.48241434774144,272.57962603073065,275.4121398925781,21322900,275.4121398925781
2020-10-27,277.0520472929666,282.76681704517733,274.61704630978585,281.5542907714844,16287200,281.5542907714844
2020-10-28,277.0818934520101,277.0818934520101,265.62253768118745,266.030029296875,23121800,266.030029296875
2020-10-29,274.85562931124656,281.8624537731294,272.1026113862992,279.1094055175781,32368100,279.1094055175781
2020-10-30,272.8180897765006,275.0046221182392,257.5124543761048,261.49786376953125,47247800,261.49786376953125
2020-11-02,262.97880566594404,268.8128354073454,255.7632778758947,259.7586364746094,27165700,259.7586364746094
2020-11-03,261.54762702536306,268.3953963466558,259.28159775781717,263.67449951171875,17961900,263.67449951171875
2020-11-04,279.2783174830528,287.1696716561747,276.9128948521868,285.6192321777344,35364400,285.6192321777344
2020-11-05,290.1115457716146,295.55798116500785,287.17963838613963,292.87451171875,23823600,292.87451171875
2020-11-06,292.14897407071055,292.7949854404137,286.2950476704948,291.6122741699219,13891000,291.6122741699219
2020-11-09,288.0939782007998,290.7873656928995,276.823461373266,277.0619812011719,25117700,277.0619812011719
2020-11-10,271.42674204397395,272.3212217427024,262.3824910221658,270.7608337402344,29067700,270.7608337402344
2020-11-11,271.79444338496535,276.69422986693684,270.81051884659763,274.7860107421875,14957000,274.7860107421875
2020-11-12,275.48173180999464,278.03599289357976,272.7485808521489,273.39459228515625,12899500,273.39459228515625
2020-11-13,276.0184146121756,276.05817802529583,271.42672614120846,275.2531433105469,10391200,275.2531433105469
2020-11-16,273.36480670901653,277.69810955654475,272.9473969575121,277.2508544921875,12970400,277.2508544921875
2020-11-17,275.97869735488837,275.97869735488837,271.61560986641456,273.31512451171875,15040300,273.31512451171875
2020-11-18,272.8379831996449,275.6904239590016,270.17441105221354,270.3036193847656,12152900,270.3036193847656
2020-11-19,269.3594809846684,271.7944822511571,267.5407065278164,271.2677307128906,12963700,271.2677307128906
2020-11-20,270.8900393024062,271.3273458760536,267.75934522380226,268.0475769042969,18114700,268.0475769042969
2020-11-23,269.2302889315383,269.289918888945,262.9092404710399,266.78533935546875,20990800,266.78533935546875
2020-11-24,266.8449551001431,276.117807280776,266.2287586860281,275.22332763671875,16930400,275.22332763671875
2020-11-25,276.4358839099215,278.463363234888,270.97949986116015,273.9014892578125,12467000,273.9014892578125
2020-11-27,275.69043945617915,277.41976872916064,273.1361786277299,276.10784912109375,7808400,276.10784912109375
2020-11-30,274.33876719310007,275.998548474072,269.34953557543525,275.27301025390625,16693300,275.27301025390625
2020-12-01,277.4496054254641,287.5274624222444,277.2508186824023,284.7943115234375,20738900,284.7943115234375
2020-12-02,283.6115924383215,289.992270617401,279.10934883904036,285.75836181640625,17361600,285.75836181640625
2020-12-03,284.4961429939882,284.893686123319,279.3478881922524,280.12310791015625,12921700,280.12310791015625
2020-12-04,278.5825971587646,281.72323956175984,277.5887241323964,277.9862976074219,10880300,277.9862976074219
2020-12-07,277.47939817773124,286.72240470836374,276.4954736387648,283.8302307128906,13007700,283.8302307128906
2020-12-08,284.2575982635717,284.6750078970688,279.8249032848577,281.66357421875,10747700,281.66357421875
2020-12-09,281.9220459850057,285.86772338842565,270.08501377474596,276.21722412109375,25189700,276.21722412109375
2020-12-10,273.8517825845174,277.02223996978546,270.1943067907997,275.4220886230469,20065100,275.4220886230469
2020-12-11,272.84796891647494,274.7860335083833,268.59419344898964,271.87396240234375,14391400,271.87396240234375
2020-12-14,271.6951179965207,275.5215359694719,269.89620989014736,272.5101013183594,16376900,272.5101013183594
2020-12-15,273.1461349971062,274.38847639152533,265.8312434254545,273.8617248535156,23979500,273.8617248535156
2020-12-16,273.07655946498386,276.15754154878624,270.84034517994166,273.9809875488281,15885000,273.9809875488281
2020-12-17,275.3724371090971,278.721784724986,271.9336142200269,272.7983093261719,16377800,272.7983093261719
2020-12-18,274.08033711166865,276.2966847464551,269.47873075348406,274.70648193359375,26693200,274.70648193359375
2020-12-21,271.3074295821582,272.9870771750674,266.14922691077805,271.11859130859375,16553700,271.11859130859375
2020-12-22,269.836567106623,269.836567106623,263.0086632448877,265.4535827636719,17312900,265.4535827636719
2020-12-23,265.25478916955404,270.50243758705955,264.59882932604114,266.46728515625,14329000,266.46728515625
2020-12-24,267.23260080437507,268.743276979402,264.5690282073802,265.76165771484375,6702000,265.76165771484375
2020-12-28,267.0934250950006,275.6009757008323,264.03230954567135,275.3028259277344,23299700,275.3028259277344
2020-12-29,275.2531392357801,278.79132468616433,274.5872309809137,275.08416748046875,16383000,275.08416748046875
2020-12-30,276.24705032080266,276.3762283507952,270.0452613265151,270.20428466796875,11803800,270.20428466796875
2020-12-31,270.3334622960556,275.39227234420343,268.1568779489153,271.4863586425781,12900400,271.4863586425781
2021-01-04,273.0964204640378,273.3150737362507,263.5751305135248,267.2922058105469,15106100,267.2922058105469
2021-01-05,266.64615098601524,270.7309537729202,266.5666241742057,269.3097229003906,9871600,269.3097229003906
2021-01-06,260.3947753757414,266.1095462093693,258.41697743650474,261.6967468261719,24354100,261.6967468261719
2021-01-07,264.270848884873,269.94585574307666,263.1577158756211,267.09344482421875,15789800,267.09344482421875
2021-01-08,266.666089935615,267.3021832804523,261.56751606249094,265.9306335449219,18528300,265.9306335449219
2021-01-11,258.88406998034475,261.855740774374,254.33211430317564,255.266357421875,30412300,255.266357421875
2021-01-12,255.05765536457494,258.1287195660793,248.76643689922236,249.5515899658203,26383500,249.5515899658203
2021-01-13,250.00877588781722,252.39406520969743,247.67316808761396,250.0982208251953,19528900,250.0982208251953
2021-01-14,251.8474445190765,253.467462570291,243.1113063984232,244.13499450683594,29739400,244.13499450683594
2021-01-15,246.38113864536734,252.30462907155027,245.64568224754308,249.8199462890625,24942900,249.8199462890625
2021-01-19,255.32602549753983,260.5935717896639,251.17164269538958,259.50030517578125,28028500,259.50030517578125
2021-01-20,267.2822843136615,268.66378247519873,261.9849540597102,265.8411865234375,25199900,265.8411865234375
2021-01-21,267.61025315301697,271.9236583247579,265.8510785349372,271.1981201171875,20838700,271.1981201171875
2021-01-22,270.34344186271477,276.76385383900316,270.33349342554646,272.81817626953125,21954000,272.81817626953125
2021-01-25,276.43591003074664,278.38389303571574,269.84652577546376,276.30670166015625,19087000,276.30670166015625
2021-01-26,276.43585213829687,283.6414314237365,276.1078570615494,280.3218688964844,19373600,280.3218688964844
2021-01-27,280.7989509250698,281.7133274743246,266.47723666948883,270.4726257324219,35346200,270.4726257324219
2021-01-28,275.48174045199073,285.0328767798525,263.07822349122813,263.3763732910156,37758800,263.3763732910156
2021-01-29,263.67451957536355,264.92680937897524,253.28856394656756,256.7472229003906,30389500,256.7472229003906
2021-02-01,257.9298987989953,262.55143231204124,253.34815902737898,260.4046630859375,22914300,260.4046630859375
2021-02-02,262.3824878363312,267.2027782433836,261.65694958352583,265.443603515625,17320800,265.443603515625
2021-02-03,263.99257775143155,267.5506605664134,262.22348478110126,265.0162658691406,14223400,265.0162658691406
2021-02-04,265.3740722049333,266.5170202299484,262.38250439973507,264.85723876953125,16060000,264.85723876953125
2021-02-05,265.1653441681594,267.5208490103022,264.0422929868712,266.4573974609375,12454400,266.4573974609375
2021-02-08,267.10340382972845,268.2065884459274,263.37637959024386,264.9466857910156,13755200,264.9466857910156
2021-02-09,264.8075352267552,271.71496498758677,264.12176040264853,267.7991027832031,14613400,267.7991027832031
2021-02-10,270.7807480720633,272.12245254136394,266.0797172191311,270.20428466796875,14687200,270.20428466796875
2021-02-11,270.2241776023874,271.9037952738126,266.84498472431835,268.7333679199219,12828600,268.7333679199219
2021-02-12,268.8625484283655,269.51850833437385,266.69591228253864,268.8426818847656,9097600,268.8426818847656
2021-02-16,269.14079114049514,274.9052726290371,268.3953864046955,272.2913818359375,15417200,272.2913818359375
2021-02-17,269.57811865209567,272.2914030205178,267.9282857354953,271.89385986328125,12763200,271.89385986328125
2021-02-18,267.9183613024888,270.28378397849195,264.4000422663077,267.7394714355469,15249100,267.7394714355469
2021-02-19,268.2065620167964,268.61405359983115,258.5560633628881,259.9574279785156,25622600,259.9574279785156
2021-02-22,256.3695624794466,261.45818758498353,255.95212245770577,258.7349548339844,17434900,258.7349548339844
2021-02-23,257.910031164985,265.82125137404944,253.39785463351936,264.2310485839844,21924600,264.2310485839844
2021-02-24,260.7227027259426,264.7479067592774,256.80687083014135,262.6905822753906,15736100,262.6905822753906
2021-02-25,260.6928912817655,265.3044768348905,252.48350527272703,253.12953186035156,19053100,253.12953186035156
2021-02-26,254.89861702389317,263.92297078398195,254.89861702389317,256.04156494140625,26619500,256.04156494140625
2021-03-01,259.22195888828685,265.0162250378023,256.31983643041696,263.2868957519531,22157300,263.2868957519531
2021-03-02,264.1515744293655,265.0758690739727,257.0652548261814,257.4131164550781,15191700,257.4131164550781
2021-03-03,258.6952442537303,259.39093724301756,253.53704030743737,253.8451385498047,15513500,253.8451385498047
2021-03-04,254.89861760998937,264.85721446691514,251.94681349311827,256.06146240234375,31626500,256.06146240234375
2021-03-05,259.0728693741557,263.8235807546986,254.0438596218207,262.6607360839844,26820100,262.6607360839844
2021-03-08,263.92297792824104,263.9527929067016,253.4873260039714,253.7457275390625,18391800,253.7457275390625
2021-03-09,259.57975769372405,266.88473072726873,258.21815645881406,264.11181640625,22039700,264.11181640625
2021-03-10,266.99408354961366,267.32204832642117,261.25941636376814,263.2769775390625,14210300,263.2769775390625
2021-03-11,266.4672982208543,276.19732421411857,266.179096864279,272.20196533203125,21834000,272.20196533203125
2021-03-12,267.49104097379114,268.0873406145225,262.4023848382665,266.75555419921875,20600200,266.75555419921875
2021-03-15,267.43132330996735,274.2691741424575,266.8548903373823,272.0727233886719,16844800,272.0727233886719
2021-03-16,274.38850228927515,280.41140184203397,273.11634579454335,277.56890869140625,22437700,277.56890869140625
2021-03-17,274.0207032393092,284.47626611111787,273.7225534857995,282.2698669433594,21315000,282.2698669433594
2021-03-18,278.1552441377744,283.44265601436086,276.5749896365409,276.91290283203125,18728300,276.91290283203125
2021-03-19,279.4969440020452,291.00597907950714,279.47707746264314,288.33245849609375,38930500,288.33245849609375
2021-03-22,288.67048209295007,297.87372726891874,284.99313913318394,291.7415466308594,28273100,291.7415466308594
2021-03-23,291.35388393010425,296.1741743778774,288.0343515213798,288.8493347167969,23000900,288.8493347167969
2021-03-24,289.21710972352685,289.9326996618401,279.4374007869811,280.4114074707031,18675000,280.4114074707031
2021-03-25,279.2584310315814,286.29503813738637,276.04821049991284,277.0321350097656,24505600,277.0321350097656
2021-03-26,276.59483752215544,282.7568621152536,276.06808605727355,281.2859191894531,17629200,281.2859191894531
2021-03-29,284.0191302066768,291.38373417438004,282.95570894605993,289.0382080078125,21718800,289.0382080078125
2021-03-30,288.05421748123223,290.6780569351427,284.94342026118994,286.2354431152344,17474500,286.2354431152344
2021-03-31,288.2132711778815,294.683395227454,286.84172134888433,292.7254638671875,19498200,292.7254638671875
2021-04-01,296.57172245230413,300.5472147916932,294.78276303181883,296.83013916015625,17616000,296.83013916015625
2021-04-05,299.0464828744356,308.86592333763963,298.8377476915064,307.017333984375,28237000,307.017333984375
2021-04-06,306.94769305949603,309.44232366515274,303.3796931013495,304.3835144042969,17335200,304.3835144042969
2021-04-07,304.46307904806224,312.3246188373065,303.6282292913194,311.1717224121094,22855200,311.1717224121094
2021-04-08,312.92094706575926,313.9446351306983,308.15033805654275,311.1021423339844,20894100,311.1021423339844
2021-04-09,309.4920901583085,312.8116228108316,308.42863861769206,310.54559326171875,15988600,310.54559326171875
2021-04-12,309.1442071554687,310.2374736016447,306.0433280212961,309.6312255859375,10881900,309.6312255859375
2021-04-13,310.2970615648588,312.503460701043,307.4247845451665,307.8620910644531,14036900,307.8620910644531
2021-04-14,305.41719273904334,306.14273102400807,300.0999958969131,300.96466064453125,17421400,300.96466064453125
2021-04-15,304.4630779079505,308.23981383785355,302.23681189830637,305.93402099609375,14558300,305.93402099609375
2021-04-16,306.28184393173495,307.0570636285844,302.7436282841753,304.30401611328125,13059200,304.30401611328125
2021-04-19,303.1412005810102,305.81472126408664,298.7184537863192,300.3881530761719,14553500,300.3881530761719
2021-04-20,300.1397249349623,303.23068601874786,295.38901277495273,300.7956848144531,16796400,300.7956848144531
2021-04-21,300.0999948119176,300.129809791707,295.5679359003317,299.6229248046875,14863500,299.6229248046875
2021-04-22,299.4837433456954,301.0640281361763,294.22617691539443,294.7032165527344,16375400,294.7032165527344
2021-04-23,296.9295596067396,300.73608052329297,295.329408022333,299.2850341796875,17536800,299.2850341796875
2021-04-26,301.4814688958679,303.9263882810522,299.71237595364505,301.1833190917969,16172600,301.1833190917969
2021-04-27,302.4156632822183,303.46916619416015,299.265072651195,301.71002197265625,15309300,301.71002197265625
2021-04-28,305.47677012683687,309.0149856724484,303.498972695966,305.2183837890625,33907200,305.2183837890625
2021-04-29,328.09736738838046,329.7770152743211,319.63949800194774,327.4911193847656,56526800,327.4911193847656
2021-04-30,324.1417902353287,327.79923599605956,322.5118237783463,323.0882568359375,26332400,323.0882568359375
2021-05-03,324.17160784026623,326.5370003804593,319.8681202595433,320.60357666015625,18719500,320.60357666015625
2021-05-04,318.0592568047806,320.21597476545804,311.20153851837824,316.409423828125,24032600,316.409423828125
2021-05-05,316.2404651511072,319.0928759241575,312.5631227693904,313.0898742675781,15577600,313.0898742675781
2021-05-06,312.592932980306,318.27788789791794,311.3505916987527,318.0592346191406,19012200,318.0592346191406
2021-05-07,320.4048301022623,320.96139663834174,316.7970657244104,317.1250305175781,15916700,317.1250305175781
2021-05-10,312.42399788740477,312.6525692762637,302.96230708362003,304.0953369140625,24239200,304.0953369140625
2021-05-11,298.90733126750047,304.96001473479134,297.8538282204869,304.65191650390625,18920100,304.65191650390625
2021-05-12,299.28500627008975,303.09152683166894,296.363016980272,300.6962890625,24645500,300.6962890625
2021-05-13,304.20466235604255,306.96762833587326,300.91494485119154,303.38970947265625,18079200,303.38970947265625
2021-05-14,307.64346073053906,314.9086700242553,307.1862573068352,314.0042419433594,19245700,314.0042419433594
2021-05-17,311.62888995272834,313.7458444514255,309.6709587854065,313.5271911621094,15401300,313.5271911621094
2021-05-18,313.6564237734156,314.560851979601,307.9118381795556,308.0609130859375,14522400,308.0609130859375
2021-05-19,302.32623971188497,312.7320915591814,301.7100432855901,311.66864013671875,19106200,311.66864013671875
2021-05-20,311.65868736866054,317.2939607212957,311.2412776865972,316.6578674316406,17320200,316.6578674316406
2021-05-21,317.3337295264187,317.9697924962838,313.87504044899634,314.29248046875,13600900,314.29248046875
2021-05-24,316.26037314495517,323.9529721107169,316.0814832535799,322.64105224609375,16445400,322.64105224609375
2021-05-25,325.07597504409733,327.1631144586884,322.809945764695,325.7816467285156,16437000,325.7816467285156
2021-05-26,326.3382101086228,327.8091227572899,323.82371259723107,325.6524353027344,9686900,325.6524353027344
2021-05-27,325.99034589829074,331.73493065851846,324.7579530769054,330.71124267578125,20477700,330.71124267578125
2021-05-28,328.97196213269336,330.830499784898,326.3183078842269,326.71588134765625,12037400,326.71588134765625
2021-06-01,328.1271734052021,329.38941155956394,324.63869970941386,327.1134338378906,11765900,327.1134338378906
2021-06-02,328.3557448918935,329.83660585823253,325.11570942023616,327.1332702636719,11654300,327.1332702636719
2021-06-03,323.78400270153224,325.37420585238357,321.49810652447263,324.04241943359375,12610800,324.04241943359375
2021-06-04,323.9032412868138,330.4230464781481,323.1876514326137,328.32598876953125,13289400,328.32598876953125
2021-06-07,327.4612871899695,335.62097603315726,326.9146388412258,334.51776123046875,20136700,334.51776123046875
2021-06-08,334.637105962089,336.22727875768396,330.2044098190924,331.6355895996094,14580500,331.6355895996094
2021-06-09,333.68288460996547,334.73638747920717,327.9780637523065,328.2265319824219,13727900,328.2265319824219
2021-06-10,328.7632532503242,331.8939470874273,326.53695713878267,330.4230041503906,13240200,330.4230041503906
2021-06-11,330.54232777445986,330.7907960686447,326.9146967454822,329.2304382324219,13587900,329.2304382324219
2021-06-14,329.8664773549154,334.7563463750751,327.7892862059463,334.7066345214844,12250800,334.7066345214844
2021-06-15,334.92525687782785,337.8373278565871,332.9772742653062,334.6867370605469,15795200,334.6867370605469
2021-06-16,334.63704425800984,335.4818120259264,326.7059269642888,329.05145263671875,17232200,329.05145263671875
2021-06-17,328.4650768209857,335.90920618761595,328.1271636419363,334.4482116699219,17794100,334.4482116699219
2021-06-18,332.4803547202676,334.09042423024584,326.9842378923227,327.64019775390625,23039500,327.64019775390625
2021-06-21,329.06142954488956,330.8802342394929,325.642503773868,330.25408935546875,11337500,330.25408935546875
2021-06-22,330.65163761523286,337.83735090707296,330.5621926776497,336.9527893066406,15345300,336.9527893066406
2021-06-23,337.2708723338249,341.3159434873689,336.12792423401686,338.5032653808594,14817800,338.5032653808594
2021-06-24,339.755554586652,342.7868556706977,339.69592462196016,341.077392578125,12329100,341.077392578125
2021-06-25,340.4909381052506,342.01156254038114,337.5987641147874,339.2784118652344,14594400,339.2784118652344
2021-06-28,340.3617297049979,355.9456809666633,339.6759549274543,353.46099853515625,29156100,353.46099853515625
2021-06-29,354.08714735332995,354.5542689089571,346.91138258233707,349.7340087890625,21417300,349.7340087890625
2021-06-30,350.0123163953529,350.75772124893905,345.04295070477895,345.5796203613281,15107500,345.5796203613281
2021-07-01,344.69503274122724,352.4969416672617,344.3769861096328,352.2186584472656,17137000,352.2186584472656
2021-07-02,352.9243376004046,354.2561238910508,350.4595214372181,352.52679443359375,11521300,352.52679443359375
2021-07-06,354.31577003943374,356.59174799452734,347.0406114650302,350.6185607910156,13488500,350.6185607910156
2021-07-07,353.08332279913736,354.30576714678796,347.8555412449229,348.342529296875,14218900,348.342529296875
2021-07-08,343.61172286997765,346.1957684029505,340.46113211762366,343.5321960449219,14406500,343.5321960449219
2021-07-09,343.20422151966557,348.5611810598005,343.1545096727732,348.2729797363281,13018700,348.2729797363281
2021-07-12,349.0780784320284,352.01993447221207,347.4978237584993,350.9962463378906,10018600,350.9962463378906
2021-07-13,349.3464187631666,356.2935825058932,346.6629490757037,349.93280029296875,11456000,349.93280029296875
2021-07-14,352.38762447656626,353.02371778417586,344.60561187818195,345.5000915527344,13894200,345.5000915527344
2021-07-15,347.0902500167937,347.0902500167937,338.1354453212517,342.3494567871094,14781600,342.3494567871094
2021-07-16,342.79669488964396,343.87006424271306,338.0559322234834,339.0696716308594,11026100,339.0696716308594
2021-07-19,335.5017861357313,337.70818587092475,332.49035152842976,334.8855895996094,14372300,334.8855895996094
2021-07-20,336.7241881211653,341.34572221793036,332.45054599989373,339.5666809082031,11024300,339.5666809082031
2021-07-21,339.4076427038064,344.3968744388851,339.1591744441404,344.1086730957031,9279700,344.1086730957031
2021-07-22,344.55592213336524,349.38616121480135,343.0949274499766,349.0382995605469,12385400,349.0382995605469
2021-07-23,358.69872500030067,373.03035735162143,355.00151605256804,367.5243225097656,33694300,367.5243225097656
2021-07-26,367.31561904053154,372.14585823740197,365.963966138738,370.177978515625,14925200,370.177978515625
2021-07-27,369.6313123825459,370.8637052011321,362.316391304654,365.5564270019531,15705400,365.5564270019531
2021-07-28,372.2650761750381,375.23674680088516,364.6818201748514,370.992919921875,29676900,370.992919921875
2021-07-29,358.7881758014143,363.2804711278901,354.55426684655333,356.1246032714844,33413200,356.1246032714844
2021-07-30,351.8310778760998,358.51985476716715,350.77757481512225,354.1169738769531,15976200,354.1169738769531
2021-08-02,355.90595346888716,357.19797633140763,348.59103188048755,349.79364013671875,13180400,349.79364013671875
2021-08-03,350.56887373952713,351.6024799380479,345.5696931990382,349.0879821777344,12406100,349.0879821777344
2021-08-04,350.2607421349944,358.2713562287317,349.3563140494954,356.7209167480469,14180600,356.7209167480469
2021-08-05,357.436540153828,361.67041898134795,354.7133072052219,360.7461242675781,10247200,360.7461242675781
2021-08-06,359.18568812376253,362.91271179064705,359.18568812376253,361.28277587890625,8925000,361.28277587890625
2021-08-09,361.531291141996,363.53890389930814,358.5397233838536,359.3944396972656,7798900,359.3944396972656
2021-08-10,359.61308187110274,361.869193166006,356.84019782611114,358.9173889160156,7469900,358.9173889160156
2021-08-11,359.8813886813235,360.1397750144866,355.6176653822969,357.7544860839844,8400300,357.7544860839844
2021-08-12,356.25379112404374,360.775901168992,354.92197460511153,360.42803955078125,7170700,360.42803955078125
2021-08-13,360.7461596207843,362.4258077692172,359.26529824624765,360.9548645019531,7195700,360.9548645019531
2021-08-16,360.2988616556084,364.7017424954154,355.1903697450929,364.3141174316406,11222100,364.3141174316406
2021-08-17,360.7560275957702,362.4356753695751,352.89448863207764,356.2537841796875,12328700,356.2537841796875
2021-08-18,354.0672725837368,357.6551397205648,352.9740061671831,353.2721862792969,10042400,353.2721862792969
2021-08-19,349.1972929689978,355.37918439009394,348.8494313445575,352.9441833496094,12004500,352.9441833496094
2021-08-20,352.4273582303307,357.78431772115385,351.1452536173695,357.1681213378906,8697700,357.1681213378906
2021-08-23,357.23773202618,363.44943859750856,356.89981882837156,361.123779296875,10942000,361.123779296875
2021-08-24,361.4318671714716,365.70550903798613,359.6230109903301,363.2705383300781,9235100,363.2705383300781
2021-08-25,363.360020062835,368.58777206828563,363.16123330587004,366.1329345703125,9684500,366.1329345703125
2021-08-26,366.12295307301355,367.1764560624768,361.8989926790304,362.1474609375,7888700,362.1474609375
2021-08-27,362.8630608868701,371.4501083679066,361.84929095236936,370.346923828125,11219100,370.346923828125
2021-08-30,370.27738016814243,379.152660162176,368.24987043955036,378.3277587890625,13547300,378.3277587890625
2021-08-31,377.62208744255565,380.4148683602898,376.47910914042166,377.0555725097656,12345400,377.0555725097656
2021-09-01,377.26427871435374,381.9752274067233,376.4890589253486,379.7091979980469,11567200,379.7091979980469
2021-09-02,379.1625430230927,379.4110112688483,371.7681256029574,372.98065185546875,14832900,372.98065185546875
2021-09-03,372.45392339362985,374.8491610703361,370.823957042106,373.9546813964844,7509600,373.9546813964844
2021-09-07,373.57699108828416,380.61359863924196,370.8637068575138,379.83837890625,10793800,379.83837890625
2021-09-08,377.83078037858047,378.53642174787274,372.4936869805083,375.25665283203125,11067200,375.25665283203125
2021-09-09,375.3262107605558,377.50276470600465,374.26275938118084,375.6839904785156,9098900,375.6839904785156
2021-09-10,379.0233747757878,381.43850910269265,375.94239288613977,376.3697509765625,11549600,376.3697509765625
2021-09-13,379.3414622525218,379.4110406460639,372.05638606835686,374.2031555175781,13026300,374.2031555175781
2021-09-14,375.0876871711483,376.2703985402362,372.8117093687943,374.2230224609375,8711600,374.2230224609375
2021-09-15,374.6901132338242,375.24667967584054,365.417291681484,371.6289978027344,17940300,371.6289978027344
2021-09-16,370.5059571772918,371.2712285364681,367.4448110793876,370.7742919921875,11934200,370.7742919921875
2021-09-17,369.13442632636867,369.13442632636867,359.3745848185885,362.48541259765625,26299000,362.48541259765625
2021-09-20,357.0985483338319,358.8179595022379,347.65675505682754,353.5206298828125,19822800,353.5206298828125
2021-09-21,356.30353464536375,357.8341078334802,353.0138168495633,355.289794921875,11751900,355.289794921875
2021-09-22,345.10256700299203,347.6965612320792,338.6026284445046,341.107177734375,43692900,341.107177734375
2021-09-23,343.244002100191,347.52762310082153,340.8984761234524,343.84033203125,21806300,343.84033203125
2021-09-24,341.1369770274139,352.17892241885056,340.27231232414516,350.79742431640625,18801900,350.79742431640625
2021-09-27,347.666774800488,352.97405394401756,344.95349009904766,351.4136657714844,15205800,351.4136657714844
2021-09-28,345.83799342530625,347.45801128882255,336.84345479305586,338.5628356933594,21710300,338.5628356933594
2021-09-29,341.0474935070428,343.1147662086621,336.803666969617,337.5291748046875,14452200,337.5291748046875
2021-09-30,338.364141588667,340.69971933394413,336.07821504032796,337.3106384277344,16547100,337.3106384277344
2021-10-01,339.5170005569469,342.90611172141155,336.5652263462801,340.908447265625,14905300,340.908447265625
2021-10-04,333.4742393688953,333.8817309787597,320.72286086663,324.2312316894531,42885000,324.2312316894531
2021-10-05,326.5668138262897,333.1263824322283,324.1616578801591,330.91998291015625,35377900,330.91998291015625
2021-10-06,327.71966580210676,332.33125097508497,323.80380384541974,331.5957946777344,26443000,331.5957946777344
2021-10-07,334.9352430750765,336.7639659851319,326.9643915327809,327.2029113769531,28307500,327.2029113769531
2021-10-08,329.4788474118159,331.3572516069182,326.69598481788336,328.02777099609375,15946100,328.02777099609375
2021-10-11,325.62266032656515,328.4353079553414,323.316867372225,323.4560241699219,14708200,323.4560241699219
2021-10-12,321.0507985581087,322.3925331933744,315.4254736581648,321.7862548828125,31658700,321.7862548828125
2021-10-13,324.96664824228304,324.9964632183453,320.6830581412963,322.5515441894531,14761500,322.5515441894531
2021-10-14,326.3481485929878,328.4949180762692,325.0958891423564,326.5171203613281,14302200,326.5171203613281
2021-10-15,326.66619866675364,327.0538237290284,320.5340187105257,322.7702331542969,21596400,322.7702331542969
2021-10-18,326.9345371427021,333.8320182241814,325.493409153144,333.2853698730469,21585000,333.2853698730469
2021-10-19,337.568977669507,340.36175853261335,335.21350337783207,337.9068908691406,18786300,337.9068908691406
2021-10-20,341.3457014325225,341.8724529207956,337.3702093457525,338.6920471191406,13639500,338.6920471191406
2021-10-21,338.1951363336798,340.21269750796085,335.7303201333769,339.78533935546875,16354400,339.78533935546875
2021-10-22,324.35045336145754,327.61035552537084,319.14253831707924,322.62109375,35224500,322.62109375
2021-10-25,318.3375377005722,327.54081219391276,317.76110465545526,326.6761474609375,38409000,326.6761474609375
2021-10-26,326.24879325256444,328.18682759766455,307.7031175816283,313.87506103515625,65654000,313.87506103515625
2021-10-27,312.2649684277234,317.29396351222897,310.14801402970306,310.3070373535156,29971800,310.3070373535156
2021-10-28,311.0722970694251,323.5255244062937,306.2221920310187,314.9782409667969,50806800,314.9782409667969
2021-10-29,318.2282285023065,324.00262875395816,317.64184701631945,321.5875244140625,37059400,321.5875244140625
2021-11-01,324.042389566454,331.406992775987,324.0026261504321,327.958251953125,31518900,327.958251953125
2021-11-02,329.34968480248006,332.7387958373724,321.8161094432175,326.06988525390625,28353000,326.06988525390625
2021-11-03,325.48346486712654,330.1149167693705,321.2197714591406,329.5881652832031,20786500,329.5881652832031
2021-11-04,331.9635744405393,335.2035802252252,330.61189120945113,333.79229736328125,22495300,333.79229736328125
2021-11-05,338.22490337100646,344.6652110475875,337.5590254753422,339.0398864746094,26872800,339.0398864746094
2021-11-08,342.30980102740114,342.67752923716773,336.26703533688675,336.5453186035156,18342500,336.5453186035156
2021-11-09,337.91685336165636,339.2188246937489,332.42073634226284,333.3152160644531,17556700,333.3152160644531
2021-11-10,330.45289014394774,331.1486135153084,323.51567462831423,325.63262939453125,21872600,325.63262939453125
2021-11-11,327.799237169997,330.42304641449175,324.99650771403645,325.7319641113281,12376600,325.7319641113281
2021-11-12,328.15701917584715,339.76544992726394,327.75947599433846,338.8014221191406,25414300,338.8014221191406
2021-11-15,342.23023907148615,351.4831946506167,341.09723957740795,345.4305114746094,25076600,345.4305114746094
2021-11-16,341.7233377464868,344.52606686534165,338.78148218055935,340.8586730957031,18181100,340.8586730957031
2021-11-17,342.13090064083684,345.17215020619864,338.01628136500744,338.6821594238281,13602800,338.6821594238281
2021-11-18,337.638556199738,340.3617586706303,333.2456239415217,336.6148681640625,17487200,336.6148681640625
2021-11-19,340.1033442135232,349.94268060095374,337.81741817242164,343.184326171875,26488500,343.184326171875
2021-11-22,346.9113716820704,351.6620835891227,338.42371777801765,338.920654296875,27116800,338.920654296875
2021-11-23,336.85341541295674,339.30828327725914,331.456691552481,335.1837158203125,17225000,335.1837158203125
2021-11-24,333.9413417533908,339.685926716758,330.77088432636765,338.9703369140625,13566200,338.9703369140625
2021-11-26,333.7425827010985,335.68064742394336,329.8664835860095,331.0790100097656,14750700,331.0790100097656
2021-11-29,334.82592377586695,338.58276288690587,333.2555872901131,335.95892333984375,16650900,335.95892333984375
2021-11-30,332.9474449781107,333.75247965743097,321.4483274348968,322.4720153808594,25390000,322.4720153808594
2021-12-01,328.26632228263117,328.47502712045826,308.3888622450845,308.69696044921875,30329600,308.69696044921875
2021-12-02,309.4920418236363,312.6724475115821,305.31779348012856,308.4882507324219,24396200,308.4882507324219
2021-12-03,311.8077910685257,311.8276576097567,297.664967184453,304.9599914550781,27471000,304.9599914550781
2021-12-06,306.2421104304496,318.1387721563251,304.46306916280713,315.92242431640625,21758300,315.92242431640625
2021-12-07,319.59976045763955,324.5393106751118,319.033245546018,320.8321533203125,18794000,320.8321533203125
2021-12-08,323.0087063172384,330.71122162172645,321.0905388175281,328.5346374511719,19937700,328.5346374511719
2021-12-09,327.52097209742897,334.0705926313199,325.9903989269715,327.79925537109375,16879200,327.79925537109375
2021-12-10,330.52245645279277,332.9773243770817,324.3703791512469,327.72967529296875,14528000,327.72967529296875
2021-12-13,328.92232375879104,339.0001815021928,327.57064053314815,332.44061279296875,22948700,332.44061279296875
2021-12-14,326.04005020504076,333.643203495218,325.6425070410587,331.6951904296875,20461000,331.6951904296875
2021-12-15,330.4528513988559,340.01390559683887,321.9950120940399,339.5666809082031,24681300,339.5666809082031
2021-12-16,336.90310258757086,342.349507573721,331.6951871006973,332.84808349609375,22635000,332.84808349609375
2021-12-17,330.76091816427623,335.0445083146854,328.7234906717917,331.744873046875,40012600,331.744873046875
2021-12-20,327.7594815023593,327.878741425756,320.55390126799705,323.4560241699219,17901800,323.4560241699219
2021-12-21,324.4101247822165,333.94136424709706,321.7664186755883,332.15240478515625,16116800,332.15240478515625
2021-12-22,331.75483520784053,332.4605069608264,326.2487999629968,328.4253845214844,16764600,328.4253845214844
2021-12-23,328.07748268363116,334.6072355593908,326.3481230424228,333.18597412109375,13987700,333.18597412109375
2021-12-27,336.77391383159124,345.73863848301784,335.9390640478518,344.0589904785156,17795000,344.0589904785156
2021-12-28,344.50621595040997,350.5489506748567,343.08498478567924,344.0987243652344,16637600,344.0987243652344
2021-12-29,344.78454488378634,347.54751108187537,339.5468441993426,340.8388671875,10747000,340.8388671875
2021-12-30,341.8923118315971,345.1025325390308,341.1170921052028,342.2500915527344,10593300,342.2500915527344
2021-12-31,340.91833151787387,341.3357715551441,334.20968825669667,334.2892150878906,12870500,334.2892150878906
2022-01-03,336.22723963885556,338.9902054960533,335.12405511546797,336.4657897949219,14537900,336.4657897949219
2022-01-04,337.86713760996855,340.98788305000136,329.83662680556665,334.46807861328125,15998000,334.46807861328125
2022-01-05,330.9796214127639,333.70285443499347,321.8558732876107,322.1838684082031,20564500,322.1838684082031
2022-01-06,320.84208434545513,337.09191371877637,320.74269098082084,330.4230041503906,27962800,330.4230041503906
2022-01-07,330.701302293414,334.93521110696696,326.8649669563357,329.75714111328125,14722000,329.75714111328125
2022-01-10,323.316867479576,326.32830186874736,313.4973960419713,326.0599670410156,24942400,326.0599670410156
2022-01-11,324.77782693585397,332.57973627319654,323.28701739358206,332.3213195800781,16226800,332.3213195800781
2022-01-12,333.1263589037451,334.3090702500505,328.00791880409434,331.2181396484375,14104900,331.2181396484375
2022-01-13,332.92762729602225,333.57363875526204,323.7641159538473,324.4797058105469,14797100,324.4797058105469
2022-01-14,319.8184428157322,330.69141727827656,319.2419794155193,329.8664855957031,16868500,329.8664855957031
2022-01-18,321.30926730820653,322.22361364426814,315.6938899343556,316.20074462890625,22645600,316.20074462890625
2022-01-19,317.6219790525936,325.09592481386755,317.37351075639384,317.6319274902344,20814700,317.6319274902344
2022-01-20,321.91547748845704,325.811473222108,314.0440198525604,314.6204528808594,16925000,314.6204528808594
2022-01-21,312.8811979923042,316.35975395134494,301.1833221576319,301.3125305175781,28710700,301.3125305175781
2022-01-24,296.01517666276334,307.6335562639881,287.23929005499645,306.8185729980469,38878100,306.8185729980469
2022-01-25,298.1122787144503,304.3538012022973,295.75677375083,298.31103515625,25108500,298.31103515625
2022-01-26,305.1289826297409,305.62591916751484,289.0679900892156,292.8248291015625,28348800,292.8248291015625
2022-01-27,295.92570854139984,299.86143743195197,292.4571012100481,292.83477783203125,21629900,292.83477783203125
2022-01-28,293.8087366396124,300.0502579775452,291.2346091634408,299.8614196777344,21871600,299.8614196777344
2022-01-31,298.8377869016822,311.86748034325547,297.4861339065397,311.3407287597656,21579500,311.3407287597656
2022-02-01,312.63270295780956,317.70146155908856,310.2076502988541,317.0455017089844,18023800,317.0455017089844
2022-02-02,325.8115024611573,325.9903923483456,314.9285793648485,321.0210266113281,58458300,321.0210266113281
2022-02-03,243.15105364833332,246.48053467886555,234.30558891347803,236.3032684326172,188119900,236.3032684326172
2022-02-04,233.53035358963444,241.12354314413145,228.70012992242172,235.63735961914062,89342200,235.63735961914062
2022-02-07,236.24364380593295,236.83997375974104,222.63751800874095,223.53201293945312,88613800,223.53201293945312
2022-02-08,219.49687143062172,224.38672506740048,214.8256559150308,218.83096313476562,94729700,218.83096313476562
2022-02-09,222.82633926682897,231.94015349913388,220.84854156326838,230.57855224609375,86563300,230.57855224609375
2022-02-10,226.87142479219912,233.56018674503886,225.311036690771,226.6726531982422,49310400,226.6726531982422
2022-02-11,227.06024661414577,229.0082293247873,217.42961420856673,218.204833984375,46156900,218.204833984375
2022-02-14,217.96630141676937,219.64594933815616,213.4640576050981,216.3661651611328,38184000,216.3661651611328
2022-02-15,219.11918357688074,219.79500994387155,213.74232695681545,219.64593505859375,42685500,219.64593505859375
2022-02-16,211.10857158035873,216.12763335877167,211.0588748963549,215.2132568359375,45817500,215.2132568359375
2022-02-17,212.708698727665,216.16737244042838,205.89072950063314,206.43736267089844,38747500,206.43736267089844
2022-02-18,208.10707145933895,209.45873937580185,203.92285936420117,204.89686584472656,37128400,204.89686584472656
2022-02-22,201.10027470939178,206.20878171726127,198.83424530763173,200.8418731689453,39852400,200.8418731689453
2022-02-23,202.90912203226807,205.67208785044804,196.83655719476482,197.23410034179688,44481400,197.23410034179688
2022-02-24,189.88939421194382,207.0734687982929,189.05454443815282,206.32806396484375,49957200,206.32806396484375
2022-02-25,203.6843341870944,210.02524875323732,201.93510800868344,209.1903839111328,37627600,209.1903839111328
2022-02-28,206.40754922184917,211.84403605748028,205.56276622248285,209.73703002929688,34239800,209.73703002929688
2022-03-01,208.58414035237334,210.45262661274012,200.98101728702946,202.2432403564453,27094900,202.2432403564453
2022-03-02,203.5253161788994,207.868536431012,200.78223209840178,206.8349151611328,29452100,206.8349151611328
2022-03-03,207.73934477070128,207.79897472599427,200.18590368407854,201.72640991210938,27263500,201.72640991210938
2022-03-04,201.13008813754922,204.62852558700732,197.57202073039406,198.83424377441406,32130900,198.83424377441406
2022-03-07,199.559745321281,199.65913868357725,186.13252706726115,186.3213653564453,38560600,186.3213653564453
2022-03-08,186.69904711746747,195.4948139741279,184.96970265647303,189.12408447265625,37508100,189.12408447265625
2022-03-09,194.540714089971,197.88012810722134,192.731857879865,197.28379821777344,31894700,197.28379821777344
2022-03-10,193.64623368658738,195.07741339567661,189.8993429697998,194.01397705078125,24853000,194.01397705078125
2022-03-11,191.45972146236622,192.37408293314195,185.52629759158506,186.46054077148438,34694500,186.46054077148438
2022-03-14,185.88410021393827,191.11186769730995,184.6815221550079,185.48655700683594,31010500,185.48655700683594
2022-03-15,189.6309797338272,191.10190759193094,184.77094115769938,190.8534393310547,31721700,190.8534393310547
2022-03-16,193.50707594936193,202.4817481989591,193.3281860832671,202.3823699951172,40640300,202.3823699951172
2022-03-17,200.46417927893177,206.76533040305802,199.87779785383353,206.56655883789062,29499700,206.56655883789062
2022-03-18,205.43356348976806,215.47168770722112,204.73785536382474,215.16358947753906,52128000,215.16358947753906
2022-03-21,213.185766246382,213.39448625669743,206.35786334117677,210.1942138671875,30142300,210.1942138671875
2022-03-22,210.07495255701588,218.1153974717066,208.8922411400877,215.32260131835938,31998800,215.32260131835938
2022-03-23,212.0229522873893,215.47169319086976,210.86012256901202,212.15216064453125,23717300,212.15216064453125
2022-03-24,213.6826940584055,219.31795212373788,213.4739740565939,218.22470092773438,31502300,218.22470092773438
2022-03-25,219.15895100499867,224.11838321502992,217.5488814418931,220.4609375,40039000,220.4609375
2022-03-28,220.7690161565062,222.66730207647373,218.19487353973287,222.22006225585938,26224100,222.22006225585938
2022-03-29,224.6848879649204,229.47534818576568,223.90965303290636,228.45166015625,31417900,228.45166015625
2022-03-30,227.50748249401101,229.73374841022698,225.32096482688496,226.4539794921875,25588000,226.4539794921875
2022-03-31,227.0502873958518,227.09005080904572,220.89821100243108,220.9976043701172,24192300,220.9976043701172
2022-04-01,223.17423185517143,225.88750146631008,221.33556035453327,223.47239685058594,19544800,223.47239685058594
2022-04-04,224.5954306429058,232.9141584967844,224.4761707281819,232.45697021484375,28054800,232.45697021484375
2022-04-05,232.6458216526554,235.40878771188198,229.60457233316862,230.41954040527344,29727200,230.41954040527344
2022-04-06,225.51973655141703,227.5869943073352,220.0534347973533,221.93185424804688,28995100,221.93185424804688
2022-04-07,222.5579756777628,224.13824528806708,217.2208824710877,221.583984375,21037200,221.583984375
2022-04-08,221.0175006421963,223.7506516153979,218.68189283534048,220.96780395507812,18375700,220.96780395507812
2022-04-11,217.08175655006357,219.25834102408078,213.90136572366154,215.13377380371094,20516600,215.13377380371094
2022-04-12,218.89061972232165,220.66964592068672,211.82418128693826,212.82798767089844,20128800,212.82798767089844
2022-04-13,210.52219947875912,215.28284477767878,210.03519621839345,213.6727752685547,19231800,213.6727752685547
2022-04-14,213.57339144017408,213.672784817033,208.71335255165468,208.89224243164062,18379500,208.89224243164062
2022-04-18,208.71335116143658,212.07264709493094,207.0237699231897,209.4786376953125,16580800,209.4786376953125
2022-04-19,209.23016971051322,217.0916944228771,207.71947834896403,215.9785614013672,20089900,215.9785614013672
2022-04-20,212.30123588180808,212.8478691260069,197.70123745239846,199.19204711914062,43036500,199.19204711914062
2022-04-21,200.36481032816283,201.72641153597647,184.44296002891315,186.91770935058594,49954100,186.91770935058594
2022-04-22,189.2036038179686,191.53921150396803,182.14711440602153,182.98196411132812,36426800,182.98196411132812
2022-04-25,181.61040596126588,186.03313770313972,180.54696975527065,185.8443145751953,29281100,185.8443145751953
2022-04-26,185.48654635279757,186.04311287689308,178.40022611173077,179.84133911132812,31747400,179.84133911132812
2022-04-27,173.36126405734134,180.09973710282176,167.96454082382462,173.87808227539062,71062900,173.87808227539062
2022-04-28,201.67671684548395,207.25234524488346,191.71810466983638,204.46949768066406,100890600,204.46949768066406
2022-04-29,203.2073041917917,211.17815567179176,198.675230039035,199.2417449951172,49193400,199.2417449951172
2022-05-02,199.9374578863522,210.58184589553264,199.75856800037803,209.83644104003906,49915300,209.83644104003906
2022-05-03,209.1605596537712,213.58329125580977,206.81501888112976,210.7308807373047,41556300,210.7308807373047
2022-05-04,209.3593535489935,222.92572988646552,205.69197470474614,222.0411834716797,41375900,222.0411834716797
2022-05-05,217.3998104374133,218.82104171123007,204.89688484221818,207.00389099121094,41129200,207.00389099121094
2022-05-06,206.06961825582545,208.09712761010167,199.78834896236717,202.52149963378906,34747200,202.52149963378906
2022-05-09,198.61559197295782,201.32887639088509,194.3816981264719,195.00784301757812,36303200,195.00784301757812
2022-05-10,198.2876305807257,201.7165051476255,193.00023320512122,196.43902587890625,34452500,196.43902587890625
2022-05-11,195.1270956342218,199.4405009853025,187.11648136355788,187.58360290527344,31153400,187.58360290527344
2022-05-12,185.9139008688647,196.8365717684213,183.64787139934884,190.06829833984375,38262200,190.06829833984375
2022-05-13,191.40008914110496,198.66529929290215,190.10805103941027,197.403076171875,24549800,197.403076171875
2022-05-16,195.84269080888842,204.11170683714172,194.7295426618797,198.81436157226562,27112600,198.81436157226562
2022-05-17,200.8816187660414,204.2011663241608,197.14466150633683,201.37855529785156,24872700,201.37855529785156
2022-05-18,198.77464561455477,199.76851884262754,190.45593154848228,191.06219482421875,23960000,191.06219482421875
2022-05-19,190.0285360166067,194.09347340576906,188.43834813629167,190.11798095703125,24446900,190.11798095703125
2022-05-20,193.7754487572125,196.69743823694742,186.71894334471935,192.3542022705078,31465600,192.3542022705078
2022-05-23,193.99408863195958,195.7830632064403,190.06829300467948,195.0277099609375,25059200,195.0277099609375
2022-05-24,179.443788418123,182.554600859833,175.03098949702158,180.1693115234375,50406300,180.1693115234375
2022-05-25,179.29469703493453,184.31375910713152,178.2213274571768,182.7036895751953,28030200,182.7036895751953
2022-05-26,181.75951269863486,191.64854675582595,181.14330108010495,190.45590209960938,23056500,190.45590209960938
2022-05-27,190.1875576552293,194.13323508857775,188.6371180405201,193.93446350097656,22562700,193.93446350097656
2022-05-31,193.6959394719876,196.38934240729378,190.8335799193819,192.45359802246094,26131100,192.45359802246094
2022-06-01,195.3059671253086,198.3074676679949,183.86649497832636,187.48419189453125,36623500,187.48419189453125
2022-06-02,187.29536468603064,199.70884397313927,186.57977490948628,197.64158630371094,31951600,197.64158630371094
2022-06-03,194.7792360694879,195.40538094380898,188.6172261932826,189.61109924316406,19465000,189.61109924316406
2022-06-06,192.8014281921417,195.71346879468217,187.2456666119996,193.05982971191406,30574200,193.05982971191406
2022-06-07,190.7540692991116,195.32589192471147,190.31677784531857,194.45127868652344,18828700,194.45127868652344
2022-06-08,193.47724969543168,200.79215537808184,193.21884818214414,195.4351806640625,22267200,195.4351806640625
2022-06-09,193.0896482758057,198.2279699471078,182.55458824332985,182.8726348876953,23501600,182.8726348876953
2022-06-10,181.91851071222317,181.97815583220992,173.94766001941935,174.49429321289062,27450800,174.49429321289062
2022-06-13,169.5448041990691,171.5226170775294,163.02499925449797,163.2535858154297,31749300,163.2535858154297
2022-06-14,165.01273283044665,165.72832260303596,160.37134774439835,162.72682189941406,27244300,162.72682189941406
2022-06-15,166.17555720820496,171.10517380196882,162.97528503818165,168.31239318847656,30008300,168.31239318847656
2022-06-16,162.7168979129167,164.06856587545087,158.63207904686337,159.8843536376953,26944100,159.8843536376953
2022-06-17,160.6893945759585,164.8835402463162,158.9203016816711,162.73678588867188,31374200,162.73678588867188
2022-06-21,164.9133349754347,166.73212433414977,155.01436866623226,156.08775329589844,50724900,156.08775329589844
2022-06-22,157.40960852777172,159.80483090072096,154.4876195196588,154.89511108398438,47267800,154.89511108398438
2022-06-23,155.3125578985894,158.77123213640348,153.30492993452418,157.77735900878906,40499200,157.77735900878906
2022-06-24,160.73907444785254,169.20687657006533,160.31171634143874,169.117431640625,68736000,169.117431640625
2022-06-27,170.2703428961688,170.6977010400986,166.9806102711877,168.45155334472656,29174600,168.45155334472656
2022-06-28,168.85903753025923,170.25046900162855,159.6259628903936,159.69552612304688,27744500,159.69552612304688
2022-06-29,162.56781870699797,165.3109028087811,159.3377313612752,162.935546875,28595200,162.935546875
2022-06-30,161.15651891855018,164.2176499209504,157.51895485710526,160.2620391845703,35250600,160.2620391845703
2022-07-01,159.3277827464295,159.63588095876648,154.05031939240212,159.04949951171875,31423900,159.04949951171875
2022-07-05,157.1710879159555,167.21914533907915,156.0579549217205,167.15951538085938,28618600,167.15951538085938
2022-07-06,167.1694399505983,170.53866890233712,164.4462375649792,168.72982788085938,23085900,168.72982788085938
2022-07-07,168.4117920399614,171.66176129001508,166.75202579976818,171.135009765625,24083400,171.135009765625
2022-07-08,168.93855862906864,171.34372990111598,167.11976889264292,169.8330535888672,19249200,169.8330535888672
2022-07-11,166.04639577758283,166.46382068408457,160.9180066429031,161.88206481933594,21885600,161.88206481933594
2022-07-12,163.79027783798384,164.89347750426487,161.10682369887556,162.2696533203125,16639700,162.2696533203125
2022-07-13,159.17869771547416,163.96915752086144,158.63206455165974,162.48829650878906,16555100,162.48829650878906
2022-07-14,160.23219462380203,161.59379568191352,156.31633286205064,157.0816192626953,23765200,157.0816192626953
2022-07-15,159.55638681837036,163.9691859752314,158.840812111461,163.69090270996094,23342800,163.69090270996094
2022-07-18,165.72832849054046,170.6380637070529,164.6251288157156,166.20538330078125,23574300,166.20538330078125
2022-07-19,169.32614610755383,175.40865946555184,168.47141468080926,174.7030029296875,25933700,174.7030029296875
2022-07-20,176.40252108207747,182.47508561034078,175.61735293351956,181.96820068359375,24784300,181.96820068359375
2022-07-21,179.52328350494386,182.72355575431672,177.77405733218947,182.04771423339844,27195800,182.04771423339844
2022-07-22,172.00961550879498,174.52411310426413,167.3781634705027,168.23289489746094,42583900,168.23289489746094
2022-07-25,167.9645599617784,169.52494806443622,163.80022909604125,165.6289520263672,26166300,165.6289520263672
2022-07-26,164.92328710551078,164.98291705872282,156.9822364213094,158.1748809814453,28468400,158.1748809814453
2022-07-27,161.5938073800749,169.82307460429183,161.0273076562063,168.54098510742188,43846600,168.54098510742188
2022-07-28,160.0731884605082,160.52042829283477,153.9012454107436,159.7352752685547,73214300,159.7352752685547
2022-07-29,156.72383381232743,159.15881959844086,154.21926963775158,158.1251983642578,42065400,158.1251983642578
2022-08-01,156.28653136309566,164.17788551623966,154.27890362966764,158.95010375976562,40596700,158.95010375976562
2022-08-02,157.3400253411379,161.2459539467353,157.04186042108273,159.20851135253906,27374500,159.20851135253906
2022-08-03,161.6932125113141,168.5012339553843,160.58007952356178,167.76577758789062,31721900,167.76577758789062
2022-08-04,167.26883679895064,171.0952389297098,165.77802722884468,169.52493286132812,23938200,169.52493286132812
2022-08-05,165.96686069623243,170.55854918541522,164.78414937864324,166.08612060546875,25832700,166.08612060546875
2022-08-08,166.97069452092512,176.42242301911904,166.10602970576673,169.2069091796875,27299100,169.2069091796875
2022-08-09,167.91483082242084,168.49127894966216,165.57923850366285,167.49740600585938,18655100,167.49740600585938
2022-08-10,174.91175202191744,179.3742330375586,172.884242177071,177.24734497070312,30262100,177.24734497070312
2022-08-11,178.60894161117974,181.9781708161605,175.2893939289972,176.4025421142578,24079100,176.4025421142578
2022-08-12,179.70217168470458,180.34819822303095,177.81381908254673,179.39407348632812,21274000,179.39407348632812
2022-08-15,177.8635097327133,180.32831040143196,177.10815658522864,179.78167724609375,15878700,179.78167724609375
2022-08-16,178.34057686837164,179.8810830801261,175.95527252476185,178.37039184570312,21156700,178.37039184570312
2022-08-17,175.6769877047996,177.04853731084486,173.10286024979172,173.77870178222656,20118100,173.77870178222656
2022-08-18,173.2717971437635,174.68309483701998,170.80699660661818,173.58984375,18844500,173.58984375
2022-08-19,169.15720484122332,171.26422620353063,166.02651052659152,166.93093872070312,26240800,166.93093872070312
2022-08-22,164.47606289450601,164.47606289450601,161.26584189926172,162.05101013183594,19499700,162.05101013183594
2022-08-23,161.48451095733586,164.03877232378844,159.71541790011162,160.12290954589844,18111800,160.12290954589844
2022-08-24,159.61602887934706,164.4462528413282,158.79111237124837,162.2597198486328,20891500,162.2597198486328
2022-08-25,164.167946270942,167.84528875876978,163.01506503643927,167.7458953857422,15550500,167.7458953857422
2022-08-26,167.4477345347144,169.8727873091303,160.67946119490765,160.78878784179688,24023600,160.78878784179688
2022-08-29,159.6756548109233,162.05101089732318,158.03575510778117,158.1947784423828,20052700,158.1947784423828
2022-08-30,159.36757091645794,160.66954235938263,154.95477155870012,156.19711303710938,19567900,156.19711303710938
2022-08-31,166.04638125033776,166.8116525959876,161.1465791243808,161.93173217773438,40953000,161.93173217773438
2022-09-01,162.5777547250822,166.33459362667566,159.36754903198496,164.3468475341797,30145700,164.3468475341797
2022-09-02,166.42404272160482,166.90109754944598,158.2444715927863,159.33773803710938,22634200,159.33773803710938
2022-09-06,159.11908880246543,160.69934338609633,156.72385100042874,157.56863403320312,19339800,157.56863403320312
2022-09-07,156.7933967919132,159.97380247894736,155.84922048839294,159.40728759765625,16831200,159.40728759765625
2022-09-08,157.73759679430853,161.23601897483294,156.7735387326319,161.0670623779297,22530800,161.0670623779297
2022-09-09,162.2497721330029,168.5012268184128,162.021185582407,168.11361694335938,22086800,168.11361694335938
2022-09-12,166.36440153308635,170.33989354908965,166.2550748960343,167.92478942871094,23220400,167.92478942871094
2022-09-13,160.55021650038012,160.639676584168,151.73456900992045,152.19175720214844,44444100,152.19175720214844
2022-09-14,152.3905662670895,152.5992711282938,148.1367905558092,150.54196166992188,43064200,150.54196166992188
2022-09-15,148.88219630717373,153.25523196606096,147.78892980980177,148.63372802734375,34606300,148.63372802734375
2022-09-16,147.14290297080004,147.66965445576596,143.40593072690754,145.3936767578125,40122800,145.3936767578125
2022-09-19,144.35014715635958,147.66967996165755,144.21100551677526,147.1131134033203,22169500,147.1131134033203
2022-09-20,144.88681754068367,147.92806676320646,144.33025103790823,145.19491577148438,23217400,145.19491577148438
2022-09-21,145.49306363469597,148.6834025447015,141.12996189811955,141.2492218017578,38338600,141.2492218017578
2022-09-22,140.6827233581246,143.69415727443058,140.00688184574042,141.9449462890625,34418500,141.9449462890625
2022-09-23,140.55353478506447,141.74617949578803,138.03903700514468,139.5497283935547,31710700,139.5497283935547
2022-09-26,139.2615094026643,141.36853092133398,135.35559496473567,135.53448486328125,30497000,135.53448486328125
2022-09-27,137.07497563144204,138.56578527599626,133.29825483217806,133.5765380859375,30826500,133.5765380859375
2022-09-28,133.79519216176465,141.15979548854583,133.44734567518378,140.74237060546875,32658500,140.74237060546875
2022-09-29,138.5061566379891,138.98321148251352,134.37164087797748,135.57423400878906,38985400,135.57423400878906
2022-09-30,135.21642190371125,140.12615684924032,134.6697887318875,134.8486785888672,33166400,134.8486785888672
2022-10-03,136.2997627076749,138.76456386476994,135.26614130802233,137.76075744628906,27723100,137.76075744628906
2022-10-04,139.6292064278112,141.5175588344648,138.48624351616576,139.4204864501953,34670700,139.4204864501953
2022-10-05,137.39302261669823,139.35095383426008,133.9542150226419,138.12847900390625,27979300,138.12847900390625
2022-10-06,136.876206513763,140.58334898379474,135.76307347865003,138.2179412841797,36231100,138.2179412841797
2022-10-07,135.92205644944352,137.4426808191438,131.62853327773024,132.63233947753906,33214800,132.63233947753906
2022-10-10,132.73174080837853,135.27605323557972,131.06202629971628,132.9702606201172,24024000,132.9702606201172
2022-10-11,130.8135723694131,131.84720888440322,126.21194265319161,127.75244140625,38481400,127.75244140625
2022-10-12,127.53379419723562,128.87551368548736,125.47646975049786,126.71881103515625,34605200,126.71881103515625
2022-10-13,122.77315251009513,130.3365280040581,121.77927933173102,129.49172973632812,34325700,129.49172973632812
2022-10-14,130.19737236097194,130.98252541469182,125.7448176644751,125.98335266113281,23559400,125.98335266113281
2022-10-17,129.5016741346494,133.96415486052337,129.38239904456117,133.21875,29612200,133.21875
2022-10-18,136.25005207329107,136.99545685689836,130.59491202187598,131.98634338378906,25445000,131.98634338378906
2022-10-19,132.07578310683203,136.1606017664371,131.4098900129196,132.4136962890625,30691000,132.4136962890625
2022-10-20,132.1155527192634,135.93203720355203,130.5054830427251,130.72413635253906,26356300,130.72413635253906
2022-10-21,125.53608275095458,129.3227360487245,124.67141818650857,129.21340942382812,46348600,129.21340942382812
2022-10-24,126.47036393129076,132.6621896833713,123.80678346817444,128.92523193359375,63563400,128.92523193359375
2022-10-25,130.07812684664796,137.5023607256218,129.78989513144643,136.66749572753906,38433200,136.66749572753906
2022-10-26,130.8731863467101,134.71948508053464,127.74249253492786,129.02459716796875,82791500,129.02459716796875
2022-10-27,97.37968350473905,101.87198629575688,95.7894805793686,97.33992767333984,232316600,97.33992767333984
2022-10-28,98.96988549463859,100.23210100007816,96.91256847311189,98.59220886230469,95928300,98.59220886230469
2022-10-31,97.61821340931347,98.71147226150374,92.0326440684618,92.58921813964844,121361400,92.58921813964844
2022-11-01,93.75204974814274,96.89268474774352,92.97682995655298,94.61671447753906,110189600,94.61671447753906
2022-11-02,93.63277994453209,94.61671214944352,89.92563768208967,89.98526763916016,71821100,89.98526763916016
2022-11-03,89.5280791918986,89.90574819173403,87.86831314748764,88.36524963378906,60664000,88.36524963378906
2022-11-04,89.79641997478281,90.83004875798197,87.55026497316446,90.23372650146484,55638100,90.23372650146484
2022-11-07,94.19929457915546,96.2864266473901,92.5295874080377,96.12741088867188,81987300,96.12741088867188
2022-11-08,95.3323035432163,97.2007897772896,94.20922969811359,95.87893676757812,52088300,95.87893676757812
2022-11-09,101.09676537553639,104.25728190019662,100.12276647409922,100.84829711914062,107677300,100.84829711914062
2022-11-10,106.46368838261209,112.05919116280576,103.96906479766398,111.18458557128906,80671000,111.18458557128906
2022-11-11,108.56075030892634,114.19600835665824,108.14331788925611,112.32752227783203,59961700,112.32752227783203
2022-11-14,110.30996649561311,115.55761492926752,110.1211357743703,113.52017974853516,53395000,113.52017974853516
2022-11-15,115.35884176080101,118.01248091891954,113.70901648152991,116.36265563964844,50670500,116.36265563964844
2022-11-16,113.79847038830808,115.36879171219235,111.96974751693652,112.5362548828125,33287800,112.5362548828125
2022-11-17,109.73352955640752,111.64176403545873,109.12726637566992,110.76715087890625,35093800,110.76715087890625
2022-11-18,113.10275747250945,113.61956812830978,109.94224083249476,111.36347961425781,33357700,111.36347961425781
2022-11-21,110.83670715985075,111.68150522670312,108.52098896771238,109.18688201904297,24351100,109.18688201904297
2022-11-22,109.18689613594024,110.93611486322943,107.65633069739341,110.75721740722656,29029000,110.75721740722656
2022-11-23,111.03550408203002,111.97968049513334,110.05157183495972,111.55231475830078,21343100,111.55231475830078
2022-11-25,110.6180750897134,112.03931387496921,110.33978426228347,110.72740173339844,12007600,110.72740173339844
2022-11-28,110.10125624959765,111.35353842692945,107.71595939175366,108.11351013183594,23309400,108.11351013183594
2022-11-29,108.8688564526355,110.2602802601989,107.8749833876116,108.78934478759766,23899200,108.78934478759766
2022-11-30,108.83904515996923,117.43604898011128,108.70983680424439,117.37641143798828,43348600,117.37641143798828
2022-12-01,118.46965655557638,120.45740252182867,117.67456271866493,119.70206451416016,36551400,119.70206451416016
2022-12-02,117.10807283035429,123.28002406314457,116.88941952833866,122.73339080810547,39950500,122.73339080810547
2022-12-05,121.00404425522422,123.90615175140682,120.6064935173219,121.67987823486328,35474900,121.67987823486328
2022-12-06,119.17533334723815,119.81141155817963,113.04313023394697,113.42080688476562,43689200,113.42080688476562
2022-12-07,113.06300750188859,115.17001364937002,112.1883943092132,113.23196411132812,29461100,113.23196411132812
2022-12-08,115.67688559230108,116.62106197232622,113.88791103971164,114.62338256835938,30619400,114.62338256835938
2022-12-09,114.59358086687176,116.81985467042288,113.17234191393564,115.18990325927734,26033400,115.18990325927734
2022-12-12,114.47430081764996,115.0109931868295,112.44679883941056,114.0071792602539,24747100,114.0071792602539
2022-12-13,121.38171327630926,122.54455051154657,117.91309844324743,119.41384887695312,44701100,119.41384887695312
2022-12-14,118.6584988754752,123.37939570552724,118.6584988754752,120.84501647949219,36922000,120.84501647949219
2022-12-15,117.60500578363975,117.90316316415321,113.31147429345609,115.43836212158203,34531000,115.43836212158203
2022-12-16,119.49335891118666,122.55448211094848,118.09199428540079,118.69825744628906,67064000,118.69825744628906
2022-12-19,116.11419522164948,117.07825333464031,113.62951249029166,113.77859497070312,29769900,113.77859497070312
2022-12-20,112.56606118009157,116.61112409735583,111.77095972529808,116.37258911132812,28742500,116.37258911132812
2022-12-21,115.98498082678306,119.60267808863577,114.91160370554675,119.02623748779297,20392800,119.02623748779297
2022-12-22,116.48190885981256,117.89321423771008,113.67918739231733,116.40240478515625,23618100,116.40240478515625
2022-12-23,115.31908556299433,117.45591407744604,114.83208990521445,117.3167724609375,17796600,117.3167724609375
2022-12-27,117.20744143251905,117.87333451267963,115.33896295034259,116.16387176513672,21392300,116.16387176513672
2022-12-28,115.53773546153975,117.42609566518293,114.80227156970054,114.9115982055664,19612500,114.9115982055664
2022-12-29,115.68682742518189,120.28845703182881,115.06068253515157,119.52317810058594,22366200,119.52317810058594
2022-12-30,117.43604047277171,119.68218805357222,117.01860803875044,119.60267639160156,19583800,119.60267639160156
2023-01-03,122.06748881300227,125.59574120579911,121.53079645118066,123.97572326660156,35528500,123.97572326660156
2023-01-04,126.59954050930124,128.25931418865747,125.07891602653082,126.58960723876953,32397100,126.58960723876953
2023-01-05,125.35720438179855,127.73256793435728,123.77694988060482,126.16224670410156,25447100,126.16224670410156
2023-01-06,128.17981885180623,129.5314869158771,125.26777027618071,129.223388671875,27584500,129.223388671875
2023-01-09,130.3564058607352,132.13543212468863,128.48791948774445,128.6767578125,26649100,128.6767578125
2023-01-10,126.49019414785658,132.6223953886109,126.3709342588789,132.17515563964844,28684400,132.17515563964844
2023-01-11,130.1576226778225,133.0299152160999,129.54141106789942,132.07579040527344,25423000,132.07579040527344
2023-01-12,132.62243653523657,136.83644901635395,130.9527217450328,135.87240600585938,30757700,135.87240600585938
2023-01-13,134.14305235734915,136.54822341866293,134.01384400257325,136.14073181152344,22423800,136.14073181152344
2023-01-17,135.34560756046085,135.91212240669068,133.42744009578226,134.5306396484375,21147600,134.5306396484375
2023-01-18,134.97788548282642,136.40906498452154,131.986333305879,132.20498657226562,20215500,132.20498657226562
2023-01-19,131.67824728044906,136.60784916928276,131.33038564306105,135.31581115722656,28625200,135.31581115722656
2023-01-20,135.05739390223835,139.08258236292937,133.78523774574157,138.5160675048828,28688600,138.5160675048828
2023-01-23,138.4365709823822,142.87918474581332,137.810441270931,142.39219665527344,27470100,142.39219665527344
2023-01-24,140.82188747000984,144.11160513315303,140.49390751435348,142.26300048828125,21970200,142.26300048828125
2023-01-25,140.35475813154815,142.2928076122308,139.450329985463,140.63304138183594,26622000,140.63304138183594
2023-01-26,143.51528066081548,146.60622684721127,142.42202926553892,146.39752197265625,25482100,146.39752197265625
2023-01-27,147.33174704397013,152.25141563019716,146.4869488816092,150.810302734375,35771900,150.810302734375
2023-01-30,148.49457376224427,150.19408815910592,146.04963942401824,146.15896606445312,28040100,146.15896606445312
2023-01-31,147.04351150022737,148.96169433075355,146.6161533774126,148.05726623535156,29842100,148.05726623535156
2023-02-01,147.12302872377973,152.63902727227818,146.15897063668632,152.1818389892578,55661000,152.1818389892578
2023-02-02,182.25644348378054,195.95201280351327,179.05617107199924,187.61341857910156,150475700,187.61341857910156
2023-02-03,182.3458967715445,195.5644118824682,181.76944856034302,185.38714599609375,76809700,185.38714599609375
2023-02-06,185.3871655594542,189.53161495626986,184.3833590935866,184.9200439453125,42483800,184.9200439453125
2023-02-07,184.4429519039574,192.59270741540576,183.2701738859877,190.44593811035156,47080700,190.44593811035156
2023-02-08,188.8358748844132,189.66079131558624,181.79925204256867,182.30612182617188,36139100,182.30612182617188
2023-02-09,184.98959960734402,185.50640268538584,176.18388358932918,176.82989501953125,37118800,176.82989501953125
2023-02-10,175.26951003235325,177.79394078561702,172.28789102527244,173.08297729492188,33433600,173.08297729492188
2023-02-13,177.12806474414688,179.89103074344655,174.74277537499464,178.3306427001953,31463200,178.3306427001953
2023-02-14,176.07454779779044,180.39788633401318,174.80239154588455,178.3803253173828,24034600,178.3803253173828
2023-02-15,175.3390677265124,177.09822713149123,174.25574982777832,176.0745391845703,25308900,176.0745391845703
2023-02-16,171.69155155619472,174.7725637573309,170.73742685455522,171.38345336914062,25827500,171.38345336914062
2023-02-17,169.17709447400816,172.11895060399803,168.66027617240948,171.82080078125,24171300,171.82080078125
2023-02-21,173.24201325264931,177.07836392822645,170.82690896007983,171.0256805419922,34592600,171.0256805419922
2023-02-22,170.02186694253015,171.70149962853893,168.65031730483764,170.07154846191406,22433200,170.07154846191406
2023-02-23,170.94616788766254,172.62581580091364,168.34222529947886,170.9859161376953,20017800,170.9859161376953
2023-02-24,167.60674577160847,169.67400347656468,166.63275445663348,169.3460235595703,19791300,169.3460235595703
2023-02-27,170.82689503434042,172.0592878409127,168.0241659123647,168.501220703125,19277000,168.501220703125
2023-02-28,170.84675133222174,176.4621425099379,170.81693635741792,173.86813354492188,46051100,173.86813354492188
2023-03-01,173.52029733471028,176.76033328012912,171.98973946479623,172.3574676513672,30998400,172.3574676513672
2023-03-02,171.32384184255076,173.93771766126915,170.37965030933574,173.46066284179688,17352000,173.46066284179688
2023-03-03,177.82375700678676,185.47657614545182,175.96521933226344,184.11497497558594,45877700,184.11497497558594
2023-03-06,186.84813287377062,188.49796577179592,183.5087188285636,183.76712036132812,33209400,183.76712036132812
2023-03-07,187.84199656187243,189.1936644453317,182.8825648439325,183.37950134277344,36701500,183.37950134277344
2023-03-08,181.74956095507594,184.1249169530522,180.22893639214087,183.83670043945312,19432400,183.83670043945312
2023-03-09,185.20824955352518,187.77242868564437,179.19531454783962,180.57679748535156,26582800,180.57679748535156
2023-03-10,179.90096591277234,183.63793850658038,177.7045148355225,178.41015625,25665000,178.41015625
2023-03-13,176.8696519923319,182.6539851704362,173.74889126884977,179.7916259765625,24728000,179.7916259765625
2023-03-14,186.43072294742294,193.12943328165085,185.41696811178954,192.83126831054688,41642600,192.83126831054688
2023-03-15,191.76779755003815,196.56820609087097,189.6707248561998,196.53839111328125,42123600,196.53839111328125
2023-03-16,197.04527617398142,204.4993244552846,194.88857335776035,203.67440795898438,50447100,203.67440795898438
2023-03-17,199.33118300773873,200.66296929867016,194.23260924141354,194.41151428222656,50141100,194.41151428222656
2023-03-20,197.26393088446127,198.13854407530098,192.45358866544325,196.59803771972656,25186300,196.59803771972656
2023-03-21,201.9550080555266,202.30286970176957,196.73717435368076,200.92138671875,31827000,200.92138671875
2023-03-22,201.2592905567942,206.09944740765945,198.44662803436213,198.5857696533203,28477800,198.5857696533203
2023-03-23,201.59718660683401,206.6063147939501,200.91141184125163,203.0283660888672,27389700,203.0283660888672
2023-03-24,203.92287100046076,206.30817548842862,202.30286819464598,204.74778747558594,27716400,204.74778747558594
2023-03-27,203.55512953680412,204.5986992343891,200.12627067213808,201.59719848632812,18527200,201.59719848632812
2023-03-28,198.9236727232811,199.79828580667703,196.68745849756962,199.45042419433594,19127300,199.45042419433594
2023-03-29,202.31281647480318,204.45958612364566,201.29906161307744,204.09185791015625,18851100,204.09185791015625
2023-03-30,202.1338937899942,206.81502708567444,201.57732734140617,206.56655883789062,22608300,206.56655883789062
2023-03-31,205.97026376314298,210.87005079685122,205.50314219958747,210.64146423339844,25440300,210.64146423339844
2023-04-03,207.56043267846516,212.18195120533684,206.92435456814735,211.7645263671875,17924600,211.7645263671875
2023-04-04,212.08255082677763,214.9150948355612,211.23775274267084,213.40440368652344,21026400,213.40440368652344
2023-04-05,212.83790431959054,213.87154076826883,208.65370733597848,210.18426513671875,19396600,210.18426513671875
2023-04-06,207.9679340546365,215.61082017465736,207.37160416327058,214.77597045898438,26104400,214.77597045898438
2023-04-10,213.39450162635387,214.338678045606,209.369312507121,213.4342498779297,16106100,213.4342498779297
2023-04-11,214.1597672136664,214.69646716988922,212.1024578222782,212.53976440429688,16710100,212.53976440429688
2023-04-12,213.52367721662299,215.51142326816176,211.27752963789177,212.68882751464844,18972200,212.68882751464844
2023-04-13,214.40824996755822,219.79504060977666,214.3685017143713,218.9999542236328,23310400,218.9999542236328
2023-04-14,216.54508248092435,220.74916157577553,216.21710252809194,220.13296508789062,21591200,220.13296508789062
2023-04-17,218.4433528927602,219.62606425902763,215.79966208232054,217.51905822753906,15481900,217.51905822753906
2023-04-18,218.56262043131468,219.08937192101277,214.88529327416447,216.55499267578125,12281000,216.55499267578125
2023-04-19,212.1620701699351,215.9984205501588,211.62537025826165,214.37840270996094,15898100,214.37840270996094
2023-04-20,212.17200276959386,215.4219717101903,211.46636143556702,211.7645263671875,16475400,211.7645263671875
2023-04-21,208.92205983816885,212.10245055483261,208.29591496579627,211.58563232421875,17717200,211.58563232421875
2023-04-24,212.37076764472698,212.60930261556788,209.418978894047,211.48622131347656,15750900,211.48622131347656
2023-04-25,209.52833539028245,209.9656268178701,205.86094120437443,206.2783660888672,19198200,206.2783660888672
2023-04-26,211.19803230841,212.79816859509984,207.60021656386388,208.1170196533203,41992700,208.1170196533203
2023-04-27,238.4201804750991,240.20915481145215,235.31930173561895,237.09832763671875,71196500,237.09832763671875
2023-04-28,237.545593514613,238.95689143346272,234.3055728134763,238.8475799560547,39554000,238.8475799560547
2023-05-01,237.1579744285822,242.50501611214727,235.0112202378066,241.69003295898438,29143900,241.69003295898438
2023-05-02,241.69003211453244,243.4193766173221,237.52571692731894,237.77418518066406,24350100,237.77418518066406
2023-05-03,238.00278094449465,240.26881028953395,231.3239528227054,235.57772827148438,34463900,235.57772827148438
2023-05-04,234.61366421305814,236.74055188319167,231.5028367871656,232.0892333984375,17889400,232.0892333984375
2023-05-05,230.81709023237954,233.24212781580562,228.44173417085872,231.35377502441406,27000500,231.35377502441406
2023-05-08,230.0020881586781,234.17635173139905,228.8591402732147,231.84075927734375,16400500,231.84075927734375
2023-05-09,230.0418689786509,234.43478615731217,229.66419235665347,231.94015502929688,16865600,231.94015502929688
2023-05-10,234.7229958402169,235.29944402768135,229.30639076366379,231.6519317626953,19119000,231.6519317626953
2023-05-11,231.62211918235204,236.75050780091402,230.8767143889087,234.34532165527344,20449000,234.34532165527344
2023-05-12,235.28951260342214,235.508165888842,230.03191564759817,232.37745666503906,16161400,232.37745666503906
2023-05-15,235.46839876892366,238.78793108217462,233.88814427531784,237.39651489257812,20653200,237.39651489257812
2023-05-16,234.3453014305916,238.17171843948955,234.0769666471256,237.35675048828125,18163800,237.35675048828125
2023-05-17,236.98903199910285,242.34600727348626,236.68093377191283,241.00428771972656,21193100,241.00428771972656
2023-05-18,239.82158660665414,245.57610529194568,239.71225995697088,245.33758544921875,22943300,245.33758544921875
2023-05-19,245.95378415055086,247.16631057969414,241.9186616781201,244.13499450683594,21733600,244.13499450683594
2023-05-22,243.9063944439659,252.01640235796663,243.61816276027614,246.79856872558594,27738500,246.79856872558594
2023-05-23,245.29780419410025,250.06839785063008,245.13878086697943,245.22824096679688,17748100,245.22824096679688
2023-05-24,243.77717655928683,248.06076690925582,243.44919663824038,247.68310546875,17724300,247.68310546875
2023-05-25,251.8474260443769,254.05382543946865,247.6433472684531,251.14178466796875,22371400,251.14178466796875
2023-05-26,251.3802803282078,260.7028135397748,251.16164222922555,260.4344787597656,25727200,260.4344787597656
2023-05-30,263.6248137552305,267.0039758955872,259.6890851602549,260.9115295410156,23816500,260.9115295410156
2023-05-31,258.40700133554753,263.3763667458465,256.8665101905946,263.09808349609375,25473700,263.09808349609375
2023-06-01,264.2708180932452,272.3211952601198,264.2608999882966,270.939697265625,25609500,270.939697265625
2023-06-02,270.9894091127528,273.66292984303163,269.45883623806697,270.939697265625,19416900,270.939697265625
2023-06-05,268.6438551269302,273.8815851580303,267.9083988254263,269.7272033691406,20742900,269.7272033691406
2023-06-06,268.4849165134261,274.87551380789125,268.03766144833685,269.4588928222656,19419000,269.4588928222656
2023-06-07,270.0055180183233,272.5696972670213,261.1898381568145,261.9849548339844,26163600,261.9849548339844
2023-06-08,259.023224538654,266.010151813737,257.293894903102,262.9589538574219,20899400,262.9589538574219
2023-06-09,260.87179266403274,266.3082791185902,260.0965729470481,263.32666015625,16949800,263.32666015625
2023-06-12,265.53308021076936,270.0850055045359,263.7043270796276,269.3892822265625,15442500,269.3892822265625
2023-06-13,273.1958395792714,274.0306893344269,267.44130590092897,269.65765380859375,16164000,269.65765380859375
2023-06-14,270.22415527089936,273.3051374289,266.6760212405072,271.6752014160156,19175100,271.6752014160156
2023-06-15,270.63166107205046,282.25004124274466,269.75707813102855,280.103271484375,25973500,280.103271484375
2023-06-16,283.00534416008674,286.086356606878,278.4136556327555,279.2783203125,43127700,279.2783203125
2023-06-20,277.02225612652796,283.05504270613227,274.5276249753558,282.5879211425781,20701600,282.5879211425781
2023-06-21,281.79280233719123,282.25992384692233,276.65446573014947,279.9143981933594,20556200,279.9143981933594
2023-06-22,277.3700403666748,283.5121980457788,276.0879661416074,283.134521484375,17563100,283.134521484375
2023-06-23,279.78520359910493,287.8952110829365,277.2408910940516,286.9609680175781,51092000,286.9609680175781
2023-06-26,286.9311565003175,288.0144744656378,275.8991597778569,276.7638244628906,24232700,276.7638244628906
2023-06-27,280.2821612052411,287.57718608230954,278.9304780242329,285.291259765625,26108300,285.291259765625
2023-06-28,283.07493167215046,287.77593182512726,282.31957844224354,283.54205322265625,16722100,283.54205322265625
2023-06-29,282.7568884601105,284.8142129946825,278.9702344892543,279.8050842285156,15395700,279.8050842285156
2023-06-30,283.01528045118727,287.27897371182956,282.6773672765119,285.2216796875,19694900,285.2216796875
2023-07-03,284.9433737158313,287.6268123583389,283.10470277726864,284.26751708984375,8629300,284.26751708984375
2023-07-05,285.8875781094008,296.2934302050085,284.6054733763103,292.56640625,33865500,292.56640625
2023-07-06,294.077118017242,296.29343555760886,289.5251623594911,290.20098876953125,47600500,290.20098876953125
2023-07-07,290.38982344804356,294.38521256160533,286.89140119517737,288.74993896484375,25586000,288.74993896484375
2023-07-10,293.7391935536377,296.30340323263175,285.2912718878283,292.298095703125,37058300,292.298095703125
2023-07-11,292.09928506956203,298.34080664753265,290.1115389577166,296.46240234375,27585900,296.46240234375
2023-07-12,299.9012089337365,307.5540439617173,298.26132437934064,307.4447021484375,36677100,307.4447021484375
2023-07-13,311.6984509348841,314.3023933881679,308.38886713165334,311.48974609375,30281000,311.48974609375
2023-07-14,309.8796922833436,312.95075642298957,305.4768115419985,306.9775695800781,23054100,306.9775695800781
2023-07-17,305.6557118882692,309.8001453263646,302.8430343041564,308.7168273925781,25323100,308.7168273925781
2023-07-18,308.97530788986757,312.2749742212026,305.7352715245901,310.13812255859375,20731900,310.13812255859375
2023-07-19,311.11206950979573,316.7274459935439,308.6174385296386,314.0738220214844,21763700,314.0738220214844
2023-07-20,311.57921073138994,313.6067203081429,300.36832359676674,300.6664733886719,23836900,300.6664733886719
2023-07-21,302.7039525520134,303.5884838835339,289.4158733904119,292.4571228027344,42139300,292.4571228027344
2023-07-24,293.96779810729123,295.6971276766955,286.533616051222,289.8233337402344,24915700,289.8233337402344
2023-07-25,293.3813918203589,296.47232248683173,290.0717775362577,292.6658020019531,19585600,292.6658020019531
2023-07-26,299.3446039644183,299.9210369448367,290.1115155280028,296.74066162109375,47256900,296.74066162109375
2023-07-27,323.1280444412518,323.356646192385,307.94166341648815,309.8002014160156,64229200,309.8002014160156
2023-07-28,314.9384950804358,324.20139913117765,312.3246041214481,323.4858093261719,39220300,323.4858093261719
2023-07-31,321.7067902397238,323.6647214847441,315.6441581868232,316.6479797363281,25799600,316.6479797363281
2023-08-01,315.5944509795889,322.1540190549493,312.7320917953881,320.7327575683594,22817900,320.7327575683594
2023-08-02,316.05161005931467,316.4392350831681,308.7466375342772,312.38421630859375,20461100,312.38421630859375
2023-08-03,308.03105195704984,314.01418683536014,308.03105195704984,311.2710876464844,15180200,311.2710876464844
2023-08-04,313.0302353033232,316.4591093262651,308.29942039197095,308.826171875,17612800,308.826171875
2023-08-07,311.31086894247983,315.1273378463386,308.5578211596519,314.6204528808594,16236500,314.6204528808594
2023-08-08,312.47368326135734,315.94232085738867,308.2099593514396,310.7244873046875,15183500,310.7244873046875
2023-08-09,310.9630475438108,311.7084524339226,300.9945006932728,303.34002685546875,19955800,303.34002685546875
2023-08-10,306.05323179199655,310.42626660789495,302.0081616967878,303.86669921875,14358900,303.86669921875
2023-08-11,300.7161647396788,302.85298565091904,298.5196835435255,299.7918701171875,14046300,299.7918701171875
2023-08-14,299.13595519780057,304.33389242312825,296.4226705467051,304.31402587890625,15641900,304.31402587890625
2023-08-15,304.2643060364655,305.34762400687663,298.1917260098696,300.0999755859375,11623600,300.0999755859375
2023-08-16,298.36070131576014,299.2352841208073,292.4769595227071,292.4869079589844,18547700,292.4869079589844
2023-08-17,291.2545140049859,294.2361334501716,283.20416576746555,283.3432922363281,23950100,283.3432922363281
2023-08-18,277.32035104420436,283.9395481255645,272.6988481758105,281.5144958496094,35347900,281.5144958496094
2023-08-21,281.7133165859842,288.720109168506,280.1231137051673,288.123779296875,20181500,288.123779296875
2023-08-22,290.75757498743184,291.1054366525672,284.9931229074211,285.8379211425781,12980200,285.8379211425781
2023-08-23,286.7323433339667,295.5778064382889,285.90744213881436,292.4371643066406,18287000,292.4371643066406
2023-08-24,296.67111160823754,297.6252212635556,284.88379154825276,284.99310302734375,18360900,284.99310302734375
2023-08-25,284.3769078296585,286.62307068516355,274.3387837050851,283.7507629394531,23701400,283.7507629394531
2023-08-28,286.235435127281,289.66430924281576,284.0489023100417,288.4815979003906,14239300,288.4815979003906
2023-08-29,286.81189577136405,297.3171420810114,286.41435258373576,296.16424560546875,20844500,296.16424560546875
2023-08-30,295.3492862928779,296.4624193263805,291.63218022598824,293.2919616699219,17717000,293.2919616699219
2023-08-31,293.98764265248815,299.25518813400873,293.84851619427843,294.0771179199219,17229900,294.0771179199219
2023-09-01,297.5357575016883,299.8912316773539,292.66578582943225,294.5640869140625,12842300,294.5640869140625
2023-09-05,295.20020718482607,299.54345855006136,293.6994792764168,298.31103515625,14956000,298.31103515625
2023-09-06,299.86139047876975,301.44164478336415,293.8484714394303,297.33697509765625,15418100,297.33697509765625
2023-09-07,296.17421002677173,305.16875024601484,290.4296242133021,296.8401184082031,33748700,296.8401184082031
2023-09-08,297.38668763075606,303.37974075580405,294.961635024311,296.0648498535156,17548000,296.0648498535156
2023-09-11,299.563254939566,307.1465105386814,299.43404660082416,305.6755676269531,19489300,305.6755676269531
2023-09-12,304.45313804108457,306.7688793846926,298.3905363026989,299.811767578125,13480400,299.811767578125
2023-09-13,300.50741828533484,305.29789330613903,299.473812228941,303.1908874511719,13210900,303.1908874511719
2023-09-14,304.86062074084737,310.95306761186254,303.1611062560932,309.81011962890625,19343100,309.81011962890625
2023-09-15,309.7007857678787,310.088410840117,296.9195921105287,298.47003173828125,28131100,298.47003173828125
2023-09-18,296.363016980272,301.73987399777747,295.9753919193005,300.6962890625,14234200,300.6962890625
2023-09-19,300.6267693294819,304.2941637770046,297.9731146029142,303.2008972167969,15924400,303.2008972167969
2023-09-20,303.1809654536814,306.17253307631813,297.59540369771673,297.8339538574219,19379500,297.8339538574219
2023-09-21,293.8882758417499,298.42033456685886,291.4731412557836,293.9180908203125,21319600,293.9180908203125
2023-09-22,297.4662118927926,303.5089774314611,296.44252379513864,297.24755859375,25369600,297.24755859375
2023-09-25,293.82867316991013,299.10613717975474,291.90055682888425,298.9868469238281,18987000,298.9868469238281
2023-09-26,295.83627299017616,298.46008222359,294.19638842796746,297.1282958984375,19417200,297.1282958984375
2023-09-27,298.60915866807244,299.4539264640221,285.0328496808238,295.9157409667969,36429800,295.9157409667969
2023-09-28,297.1084242521594,304.45313062279126,294.8821582340951,302.09765625,22167100,302.09765625
2023-09-29,305.4966882392906,308.73672393193715,297.52580735084314,298.37060546875,25373700,298.37060546875
2023-10-02,300.8851357535023,305.2979347903727,299.7819511595849,304.9401550292969,16265600,304.9401550292969
2023-10-03,302.3958575791046,304.89045858764183,297.8041684295861,299.09619140625,17362300,299.09619140625
2023-10-04,296.89972658062237,305.019652945519,296.67112484514263,303.7077331542969,16880500,303.7077331542969
2023-10-05,302.76352307427896,304.33382899740434,297.66494996324855,302.92254638671875,19130000,302.92254638671875
2023-10-06,299.59310093157706,314.37198864360715,299.06634941720114,313.49737548828125,21803900,313.49737548828125
2023-10-09,310.58534205264175,318.36735503764885,309.9095156276792,316.409423828125,22503700,316.409423828125
2023-10-10,317.16476708215896,322.67083234497045,316.21065743403454,319.86810302734375,19038000,319.86810302734375
2023-10-11,321.03093557755113,326.8252019690386,320.9713056224866,325.81146240234375,22036300,325.81146240234375
2023-10-12,325.99035800443886,328.51480402545536,320.7128945741685,322.17388916015625,20530500,322.17388916015625
2023-10-13,321.54773567791074,323.0584117433315,310.45610917882857,312.76190185546875,21341000,312.76190185546875
2023-10-16,316.68771137426313,319.84822027579327,313.5868020964591,319.18231201171875,16536100,319.18231201171875
2023-10-17,316.2305137404862,322.4124052068477,315.3559006202656,322.0148620605469,16387800,322.0148620605469
2023-10-18,319.42085555543287,323.9429655381797,313.6265590251634,315.0279235839844,16851000,315.0279235839844
2023-10-19,317.92015370913833,319.91784848183437,309.83996000354335,310.8934631347656,18709200,310.8934631347656
2023-10-20,312.21529480774785,313.36816085601043,304.59227516092113,306.7589111328125,22312300,306.7589111328125
2023-10-23,307.6037128698438,315.415540583069,305.3774469154465,312.0860900878906,17796800,312.0860900878906
2023-10-24,314.83907275717036,316.3994605723221,308.72676016391097,310.6349792480469,19525500,310.6349792480469
2023-10-25,308.1006773408739,308.97529056815716,297.00904931693026,297.69482421875,42192500,297.69482421875
2023-10-26,293.19256300342494,293.19256300342494,277.68813665644586,286.58331298828125,66684100,286.58331298828125
2023-10-27,292.6758030292474,297.4761974394607,291.1750447290284,294.9120178222656,29596300,294.9120178222656
2023-10-30,297.25749932854717,307.50432847654946,297.21773591231505,300.8056335449219,28435100,300.8056335449219
2023-10-31,301.45164288608447,301.819371074518,295.04114935769604,299.42413330078125,19434200,299.42413330078125
2023-11-01,300.0006000946565,310.82386233821836,300.0006000946565,309.9393310546875,20434600,309.9393310546875
2023-11-02,315.3559289149485,316.8666354692739,306.440885813312,308.96533203125,21631800,308.96533203125
2023-11-03,310.63499696628685,313.61661599458813,309.11437247507706,312.6724548339844,16764300,312.6724548339844
2023-11-06,314.0440325136339,316.37961003011276,312.523407886489,313.8651123046875,12887700,313.8651123046875
2023-11-07,315.1173814221133,319.0332435986505,313.18926531161134,316.8666076660156,14055600,316.8666076660156
2023-11-08,316.1907732675959,319.3612002584029,312.9507375563008,317.8207092285156,13609700,317.8207092285156
2023-11-09,317.46297786053185,322.19379347356534,316.84675102411575,318.5860290527344,16103100,318.5860290527344
2023-11-10,317.97972999135806,327.08361030945247,317.5026600324258,326.755615234375,19096200,326.755615234375
2023-11-13,324.20136429112557,330.2937799192933,323.7044278224578,327.17303466796875,16908900,327.17303466796875
2023-11-14,332.4902759068059,336.02846129644803,331.2876677604988,334.2494201660156,17179400,334.2494201660156
2023-11-15,335.85946556298404,336.32658704441684,327.99792719664504,330.67144775390625,14531200,330.67144775390625
2023-11-16,327.35192024475583,332.52998968812386,324.3802499066988,332.14239501953125,18932600,332.14239501953125
2023-11-17,328.2365616476584,333.4444473339065,327.332133426544,332.9872741699219,14494400,332.9872741699219
2023-11-20,332.83819221036384,339.7754073534348,332.142468876367,337.8870544433594,16960500,337.8870544433594
2023-11-21,336.257079202815,337.8174672799034,333.84197480157417,334.9153747558594,12027900,334.9153747558594
2023-11-22,337.1316756910171,340.8189666199393,336.505530803819,339.397705078125,10702700,339.397705078125
2023-11-24,338.04603700845905,339.7654179309521,334.7066078709448,336.1576843261719,5467500,336.1576843261719
2023-11-27,334.12023521458156,337.8174441798354,332.1523859839552,332.6493225097656,15684500,332.6493225097656
2023-11-28,331.35727803769555,337.3006499613328,331.35727803769555,336.91302490234375,12637200,336.91302490234375
2023-11-29,337.60874184014665,337.8174466899702,328.75332924473264,330.1646423339844,16024500,330.1646423339844
2023-11-30,329.8565478251804,331.4566689095043,320.42467176423753,325.14556884765625,23146400,325.14556884765625
2023-12-01,323.4858243812868,324.8573437683303,318.7947421813911,322.8298645019531,15276400,322.8298645019531
2023-12-04,315.3459806718107,318.89408432067273,311.73821673728423,318.0592346191406,19037100,318.0592346191406
2023-12-05,317.025649126037,319.90787502054275,313.45764837307246,316.3398742675781,16952100,316.3398742675781
2023-12-06,319.9575366368389,320.2755832851544,315.0975133016453,315.5050048828125,11294300,315.5050048828125
2023-12-07,315.823051546474,326.22890436310206,315.823051546474,324.5890197753906,15905100,324.5890197753906
2023-12-08,321.1104258002026,331.1286826836747,321.0209808693534,330.71124267578125,14087400,330.71124267578125
2023-12-11,327.38173894679295,327.8687573100806,318.0393394175222,323.2869873046875,25802500,323.2869873046875
2023-12-12,322.6111876329253,332.420709465379,322.5714242196474,332.1722412109375,18485500,332.1722412109375
2023-12-13,331.8839912054447,336.29678958695024,330.6019169213961,332.68902587890625,16353300,332.68902587890625
2023-12-14,331.8045190118393,332.64931715824605,326.6264489887644,331.1286926269531,19607300,331.1286926269531
2023-12-15,329.9559098193617,336.58505652195277,329.1906384767599,332.86798095703125,31776900,332.86798095703125
2023-12-18,335.4122768319549,345.43050350190754,334.9550734059196,342.5085144042969,18993900,342.5085144042969
2023-12-19,343.46266650843853,351.433548505903,343.00549335643024,348.21337890625,17729400,348.21337890625
2023-12-20,346.5138087823147,352.7851448663893,345.6590925772847,347.13995361328125,16369900,347.13995361328125
2023-12-21,350.8173476132564,354.2263251626879,347.0704265094024,351.9205322265625,15289600,351.9205322265625
2023-12-22,353.4013464367252,355.0114461673292,349.068074734513,351.22479248046875,11772800,351.22479248046875
2023-12-26,352.8149681446027,354.7927960482681,351.2844255557766,352.65594482421875,9898600,352.65594482421875
2023-12-27,353.8883773329017,356.8004180336097,353.1330241237523,355.6375732421875,13207900,355.6375732421875
2023-12-28,357.4961529515435,359.68265549214016,355.6177183034802,356.1246032714844,11798800,356.1246032714844
2023-12-29,356.79050137743616,357.7943229336812,349.6644480974767,351.79132080078125,14987100,351.79132080078125
2024-01-02,349.16748463483236,350.9962073936978,337.9267829485323,344.1683044433594,19042200,344.1683044433594
2024-01-03,342.86632097466634,345.81812501954795,341.07733136318217,342.35943603515625,15451100,342.35943603515625
2024-01-04,342.389282432488,346.01691317588495,341.29601595802046,344.99322509765625,12099900,344.99322509765625
2024-01-05,344.8640078571411,351.3341312674623,344.1384999255131,349.79364013671875,13920700,349.79364013671875
2024-01-08,352.52679548883475,356.780571080703,349.893007548305,356.4625244140625,13890200,356.4625244140625
2024-01-09,354.2163327704473,358.43037493472315,353.1826963531045,355.2400207519531,13463900,355.2400207519531
2024-01-10,357.96328410212465,370.65503253997514,356.87993574330466,368.2001647949219,22117200,368.2001647949219
2024-01-11,369.84997899876964,370.49599040824944,360.70633490419993,367.4050598144531,17205400,367.4050598144531
2024-01-12,367.8920991263074,374.74981798686133,367.27590260898086,372.195556640625,19310000,372.195556640625
2024-01-16,371.36066433979323,373.3086470528875,364.9800162533216,365.2085876464844,15306900,365.2085876464844
2024-01-17,364.0556821213397,366.28197835392155,356.41279602355684,366.1130065917969,12724800,366.1130065917969
2024-01-18,369.2139146650085,374.5410903460098,368.67724501966245,373.82550048828125,16354300,373.82550048828125
2024-01-19,376.6778996075572,382.0050447900212,375.6542115421644,381.10064697265625,21670800,381.10064697265625
2024-01-22,385.57306708026704,387.9583563663196,378.8246604871784,379.44085693359375,17680500,379.44085693359375
2024-01-23,382.2634719119936,386.0004445230844,379.7390257121226,382.8399353027344,15506100,382.8399353027344
2024-01-24,387.610490110571,393.7228033115795,385.4339057011945,388.30621337890625,15698500,388.30621337890625
2024-01-25,387.7794285726768,393.0668097016756,383.2970517892668,390.7709655761719,15091100,390.7709655761719
2024-01-26,391.93383301626653,394.3588856208768,389.190733764685,391.7251281738281,13163700,391.7251281738281
2024-01-29,392.56993457158336,400.4612895830649,390.6915301437837,398.56298828125,18742400,398.56298828125
2024-01-30,401.11719612269314,403.87021338411336,397.12183762461456,397.60882568359375,18614700,397.60882568359375
2024-01-31,386.61663441829495,395.56149228401387,384.72828160165204,387.7496643066406,20180800,387.7496643066406
2024-02-01,391.52635632259523,398.0461611804006,390.64179473906245,392.3612060546875,29727100,392.3612060546875
2024-02-02,456.7840522194359,482.9825308213264,450.2344325689633,472.0797424316406,84707600,472.0797424316406
2024-02-05,467.00106673786183,469.00867935040276,456.40637654057167,456.59521484375,40832400,456.59521484375
2024-02-06,461.15710076297296,464.2579798634834,450.2244970810922,451.9339599609375,21655200,451.9339599609375
2024-02-07,455.19384488408633,468.63099724636555,453.3849887014917,466.71282958984375,23066000,466.71282958984375
2024-02-08,465.45063137550386,467.706712266999,462.1807805672625,467.1203308105469,18815100,467.1203308105469
2024-02-09,470.0523160722294,470.6883791131333,464.6058803184711,465.241943359375,18413100,465.241943359375
2024-02-12,465.3214277158165,476.21426789829854,463.7212763264938,466.0270690917969,19382000,466.0270690917969
2024-02-13,454.0707550183592,465.0232549468963,452.30166228238346,457.30084228515625,20916600,457.30084228515625
2024-02-14,465.0630521639691,471.2051809036013,463.2343292219395,470.3802795410156,16858400,470.3802795410156
2024-02-15,472.36800252431715,485.62626594797376,469.3267532855638,481.06439208984375,24212300,481.06439208984375
2024-02-16,475.1806436421215,476.0254418261027,466.3351792976931,470.4200134277344,23324600,470.4200134277344
2024-02-20,466.8420276425139,473.26243874190203,463.7013853169942,468.8595886230469,18015500,468.8595886230469
2024-02-21,464.13370687149865,466.6210257722033,459.4476065641492,465.65594482421875,12921800,465.65594482421875
2024-02-22,477.80398582727605,487.5045292150567,473.6451960516841,483.66412353515625,21625800,483.66412353515625
2024-02-23,485.57439655198465,491.8523871951448,479.90332752536756,481.5747985839844,18374300,481.5747985839844
2024-02-26,481.01762230545603,483.67409221525327,478.1621851039499,479.29638671875,12101400,479.29638671875
2024-02-27,477.5453528283639,484.79835305648805,477.4856596023301,484.5794677734375,10809600,484.5794677734375
2024-02-28,482.5398592605076,488.5591587618415,480.30127228455683,481.5648193359375,12715500,481.5648193359375
2024-02-29,485.96242982330085,489.2059034516527,480.16198502612906,487.64385986328125,17732000,487.64385986328125
2024-03-01,489.61379135678675,501.69222661735574,489.3551308355633,499.7521057128906,16273600,499.7521057128906
2024-03-04,500.44856300487174,501.8613735006119,493.9019530154449,495.6629638671875,12324100,495.6629638671875
2024-03-05,492.4891818603496,493.0662265319962,485.4152609132181,487.7334289550781,15325300,487.7334289550781
2024-03-06,495.10580533869546,500.4187148526618,491.7827509398976,493.5736083984375,11757900,493.5736083984375
2024-03-07,500.72714125840946,517.2130678544032,498.83678496667795,509.5919494628906,18586400,509.5919494628906
2024-03-08,511.5818612803264,520.9142876868756,496.817138294884,503.3836669921875,18597100,503.3836669921875
2024-03-11,494.48893402114817,494.79735912182264,473.58549721174256,481.1369934082031,20428300,481.1369934082031
2024-03-12,490.757987104442,499.76206954507495,482.27125607404656,497.2150573730469,15448200,497.2150573730469
2024-03-13,492.8771337214511,498.4387746327808,488.5392341655081,493.05621337890625,12090700,493.05621337890625
2024-03-14,497.72249846706455,498.8069659240357,485.6838682512892,489.3352355957031,12620000,489.3352355957031
2024-03-15,486.52950685184305,489.33517932821235,478.8585939599552,481.6444091796875,29153600,481.6444091796875
2024-03-18,489.4148164622424,494.89687699785384,484.3406798670799,494.4591064453125,11755300,494.4591064453125
2024-03-19,485.69382709698664,494.1109062169702,478.83876125659106,493.7228698730469,10903100,493.7228698730469
2024-03-20,496.9663269197439,505.62220902321786,492.6583038518146,502.9557800292969,11711100,502.9557800292969
2024-03-21,512.0991762768015,512.4274586427936,503.4432945285819,505.1844177246094,9712500,505.1844177246094
2024-03-22,504.42830881241053,507.38324509037915,501.7817976709655,506.9952087402344,8120600,506.9952087402344
2024-03-25,503.2244135674405,504.647152675605,497.7025474521958,500.46844482421875,8380600,500.46844482421875
2024-03-26,502.56775456874027,507.4130468442872,492.6980599842247,493.3746337890625,11205400,493.3746337890625
2024-03-27,496.767358744382,497.3543927715108,485.59434077402085,491.3549499511719,9989700,491.3549499511719
2024-03-28,490.3400656938038,490.38983028649454,482.68907078607833,483.11688232421875,15212800,483.11688232421875
2024-04-01,484.7287226859957,494.90681226209506,479.33620191436194,488.857666015625,9247000,488.857666015625
2024-04-02,482.6393866829691,495.00632951131587,482.1916571161402,494.8471374511719,11081000,494.8471374511719
2024-04-03,496.3992343504389,504.6670805134186,496.22015466439456,504.16961669921875,12099200,504.16961669921875
2024-04-04,513.8004708468255,527.3116040441703,507.99009757032513,508.3283996582031,26476300,508.3283996582031
2024-04-05,514.2381586722303,528.0079805347015,511.8005744100025,524.6650390625,19263300,524.6650390625
2024-04-08,526.5953649691681,528.7941163333494,516.2580515377557,516.6162109375,13260600,516.6162109375
2024-04-09,519.5809963042401,523.2025471694348,504.1695782322722,514.278076171875,10863800,514.278076171875
2024-04-10,506.7066917775848,519.9093702519839,503.2343737666547,517.1932373046875,11418500,517.1932373046875
2024-04-11,518.4666972249036,521.202748072992,514.6660665779463,520.5062866210938,10369500,520.5062866210938
2024-04-12,515.1237688565577,517.5513946482263,506.7464650405899,509.3034362792969,11984500,509.3034362792969
2024-04-15,514.0989424271244,515.899819616972,494.7575784901864,497.692626953125,13512900,497.692626953125
2024-04-16,495.5833513425876,502.2095725224191,494.5884237845849,497.2250061035156,9847900,497.2250061035156
2024-04-17,500.5480563274721,500.60774955143194,484.6690211358115,491.6633605957031,12193700,491.6633605957031
2024-04-18,497.2847015304836,509.611868602869,496.50865924631546,499.254638671875,14808700,499.254638671875
2024-04-19,500.2495469241986,500.2495469241986,473.31688192511666,478.6297912597656,25215400,478.6297912597656
2024-04-22,487.23593006211394,489.51432269556557,470.99870485706737,479.2864685058594,17271100,479.2864685058594
2024-04-23,488.7581827216131,496.2300987018033,486.489749011737,493.5835876464844,15079200,493.5835876464844
2024-04-24,505.4828769845554,507.41303881613317,482.1219677178712,490.9967346191406,37772700,490.9967346191406
2024-04-25,419.2624796532268,443.5088601229877,412.39748536624825,439.1411437988281,82890700,439.1411437988281
2024-04-26,439.22076923161086,444.175520055094,429.7689561829421,441.04150390625,32691400,441.04150390625
2024-04-29,437.3303675065,437.52936516891833,426.3861640546601,430.4255676269531,21502600,430.4255676269531
2024-04-30,428.8635173495727,437.39005392041076,427.5402770397191,427.9880065917969,18429500,427.9880065917969
2024-05-01,426.42600002532464,447.6776402128109,424.94353716913736,436.9622802734375,20344900,436.9622802734375
2024-05-02,436.6140150326607,441.7080393780206,430.08729254482085,439.4396057128906,15221300,439.4396057128906
2024-05-03,443.6680379997611,451.86626171232126,441.59860204178574,449.6674499511719,16489100,449.6674499511719
2024-05-06,453.2690963997237,463.79544726576734,451.04046832253687,463.31787109375,15094600,463.31787109375
2024-05-07,463.92477765145014,469.13818831826694,458.9700275019807,465.8648681640625,13406800,465.8648681640625
2024-05-08,461.1489121542549,473.167623409138,460.65144838709824,470.2027587890625,11683900,470.2027587890625
2024-05-09,467.6159630384394,473.6651093708879,465.2579895296734,473.00848388671875,9437700,473.00848388671875
2024-05-10,474.6700156936645,475.07793966235334,467.2180175185063,473.7845458984375,10750000,473.7845458984375
2024-05-13,470.3520558365837,470.9490185109424,460.50227797940533,465.6361083984375,14668800,465.6361083984375
2024-05-14,461.0195768787777,470.1430759291589,457.7462567171564,469.4565734863281,10478600,469.4565734863281
2024-05-15,472.5707200323795,480.05256461663254,468.8098949375625,479.0974426269531,13100500,479.0974426269531
2024-05-16,472.59060073060846,475.26695835113685,470.3520136745161,470.82958984375,16608200,470.82958984375
2024-05-17,468.4417271071665,470.4017356039655,466.04397842016175,469.5162658691406,10807300,469.5162658691406
2024-05-20,467.5662690434469,470.79978395975627,464.6710258902329,466.4618835449219,11745100,466.4618835449219
2024-05-21,464.7505532478491,468.31241088728547,459.9251485479307,462.273193359375,11742200,462.273193359375
2024-05-22,465.4967664020138,471.31709887265345,463.2880259389991,465.4072265625,10078600,465.4072265625
2024-05-23,470.48135015790984,471.95382351680644,459.19887525360787,463.4173583984375,11747900,463.4173583984375
2024-05-24,465.2480124674549,477.41598724025806,463.93470082456554,475.79425048828125,12024300,475.79425048828125
2024-05-28,474.16257190750633,478.42086072812737,472.4314076373506,477.48565673828125,10175800,477.48565673828125
2024-05-29,472.25232339256837,477.41599990303325,471.29720142821515,471.9538269042969,9226200,471.9538269042969
2024-05-30,469.2775298886452,469.33722311758635,462.3528117036524,464.6809387207031,10719600,464.6809387207031
2024-05-31,463.4372923740159,466.7404594957843,452.1548163411932,464.4620666503906,16919800,464.4620666503906
2024-06-03,468.4715578088158,477.16724498616594,465.8648525627034,475.06793212890625,11279400,475.06793212890625
2024-06-04,474.5804545973361,476.46088229346,470.8295885597358,474.57049560546875,7088700,474.57049560546875
2024-06-05,481.9926913075107,494.1307898940144,481.4554218982064,492.5488586425781,15690500,492.5488586425781
2024-06-06,490.479420331172,500.26950429464387,488.40002528581937,491.2554626464844,10667300,491.2554626464844
2024-06-07,493.39455175078575,496.3793345628318,487.68367701982754,490.4595031738281,9380700,490.4595031738281
2024-06-10,491.3549406030967,500.1103218903797,490.90724139106936,500.0506286621094,11220900,500.0506286621094
2024-06-11,497.6229562202623,505.02521946016685,495.7425286175577,504.8958740234375,9673700,504.8958740234375
2024-06-12,511.3828125691555,511.40273055275725,501.9111130225961,506.2589416503906,11983200,506.2589416503906
2024-06-13,503.1448180976174,506.7762976929087,498.81687705105156,501.5429992675781,9954600,501.5429992675781
2024-06-14,500.59686603916805,505.078485306113,498.70463287170975,502.1007080078125,10243300,502.1007080078125
2024-06-17,499.6209064121598,508.6638051304805,493.98402143943144,504.5606384277344,11266600,504.5606384277344
2024-06-18,502.4990663843649,503.9331869763641,492.9980250606016,497.44976806640625,13060400,497.44976806640625
2024-06-20,499.9495498277159,501.61274198190324,494.7409011460252,499.6507873535156,11801200,499.6507873535156
2024-06-21,501.39363331842634,501.39363331842634,490.3788111395844,492.759033203125,22359200,492.759033203125
2024-06-24,497.1609858447437,505.72583407389845,492.27103752450364,496.8721618652344,13525300,496.8721618652344
2024-06-25,495.01973252438273,508.6239404011888,493.47607582679717,508.514404296875,12063200,508.514404296875
2024-06-26,504.5805952518834,511.7113540663618,502.6186404496251,511.024169921875,8882300,511.024169921875
2024-06-27,512.1495572202243,520.7443130384854,511.8010111018465,517.4378662109375,10121200,517.4378662109375
2024-06-28,515.0376705751687,519.7483309396368,501.78200871300663,502.16046142578125,15855100,502.16046142578125
2024-07-01,502.8875079258409,504.5108245447137,491.1556253903847,502.61859130859375,10328200,502.61859130859375
2024-07-02,498.71462360739537,508.414830231222,497.40997681727634,507.4189147949219,7739500,507.4189147949219
2024-07-03,504.30171178683565,509.19166039271295,503.9531352936769,507.8770446777344,6005600,507.8770446777344
2024-07-05,509.5103190433139,538.6607515351633,509.5103190433139,537.7046508789062,21354100,537.7046508789062
2024-07-08,540.1347678747426,540.5929109052636,524.4989425523502,527.1580200195312,14917500,527.1580200195312
2024-07-09,531.5698266659143,535.2845715300655,526.0325396617277,527.8351440429688,8753200,527.8351440429688
2024-07-10,528.6218872621627,536.67886919734,526.2018202535905,532.5059814453125,10983300,532.5059814453125
2024-07-11,528.721538419874,533.27287906743,506.2935042823457,510.6058349609375,16458300,510.6058349609375
2024-07-12,495.7268544135475,506.01464702271,492.21127430141985,496.8323059082031,19750500,496.8323059082031
2024-07-15,496.5933352762342,504.61044264622257,491.35481018244013,494.1334228515625,12539200,494.1334228515625
2024-07-16,499.4515899278473,501.89159489722795,483.8057669767174,487.7894287109375,14075800,487.7894287109375
2024-07-17,477.212785084963,477.212785084963,457.24466351880915,460.1029357910156,28076600,460.1029357910156
2024-07-18,473.05980739775333,477.28247890015706,462.64254099118193,473.9063415527344,19267200,473.9063415527344
2024-07-19,474.11550008705484,484.72199340312955,473.766923605828,474.842529296875,15149400,474.842529296875
2024-07-22,484.5924607994057,490.05008766930604,481.92341504840806,485.40911865234375,12023100,485.40911865234375
2024-07-23,487.8392053450212,493.1972351637483,485.7278695189637,486.69390869140625,9455500,486.69390869140625
2024-07-24,470.3807782726331,474.3544708081435,458.6986802323284,459.3858642578125,17649700,459.3858642578125
2024-07-25,461.367786874794,461.65658046348636,440.84195427851495,451.5580139160156,18240500,451.5580139160156
2024-07-26,462.30391750274583,467.8511429021302,457.543443346744,463.79779052734375,14222400,463.79779052734375
2024-07-29,467.96071973080876,472.0240410745753,463.1205552198856,463.8077392578125,11339600,463.8077392578125
2024-07-30,465.0925004990839,470.79910678927354,454.83458384439035,461.2980651855469,11390400,461.2980651855469
2024-07-31,469.09606763159144,474.5536950449151,464.8435197528104,472.8905029296875,24285800,472.8905029296875
2024-08-01,518.8719105350699,525.0166913806773,490.08996226727584,495.7069091796875,43083100,495.7069091796875
2024-08-02,487.002621320717,499.10298712157305,474.20510259597404,486.1461486816406,24044700,486.1461486816406
2024-08-05,449.50644184069836,481.5052099273104,448.9586701106046,473.786865234375,21396200,473.786865234375
2024-08-06,477.0434489922108,500.5072120268656,476.6948725437987,492.0718078613281,20955000,492.0718078613281
2024-08-07,501.0749230408442,508.0662382489136,484.8713599351357,486.9229736328125,20105300,486.9229736328125
2024-08-08,495.4679116917839,507.8770090705679,492.69926809442927,507.5483703613281,16156800,507.5483703613281
2024-08-09,505.6362141852453,516.2228304562868,503.6344448392047,515.6551513671875,13696600,515.6551513671875
2024-08-12,514.7487855060338,515.9040813348131,507.0205031729234,513.842529296875,9767400,513.842529296875
2024-08-13,517.8859767641638,529.3290349818739,516.0335887091818,526.381103515625,13743800,526.381103515625
2024-08-14,525.9031374678709,531.8188779802086,520.9932813381243,524.6084594726562,11444200,524.6084594726562
2024-08-15,529.6177227208768,537.565167357187,524.548548389159,535.1351318359375,13482100,535.1351318359375
2024-08-16,529.7273668316062,531.4801266811227,522.5168890750775,525.265625,14776700,525.265625
2024-08-19,524.7178522483599,529.4882643160762,520.6246552425891,527.1180419921875,9879700,527.1180419921875
2024-08-20,526.1918692715275,528.9207284861334,523.7319874481549,524.5784912109375,7944400,524.5784912109375
2024-08-21,524.9968287446477,537.1967924253291,524.7776957474535,532.9740600585938,13423300,532.9740600585938
2024-08-22,534.8066230942219,542.0070727022841,526.4310004913544,529.75732421875,15708300,529.75732421875
2024-08-23,534.7268709591801,537.664833499161,522.9153290935016,525.8433227539062,11323900,525.8433227539062
2024-08-26,525.4449677505722,525.8433582454032,512.8466737641226,518.991455078125,9584000,518.991455078125
2024-08-27,516.8601092832141,521.869592480875,513.2051171074127,516.9796142578125,6282700,516.9796142578125
2024-08-28,515.5555079616431,518.961582394556,510.35685875222663,514.669189453125,9106100,514.669189453125
2024-08-29,516.9298371888538,525.0465714004475,513.5736074070899,516.1032104492188,8317400,516.1032104492188
2024-08-30,519.2205398361449,521.4015972891378,513.0956957676677,519.1807250976562,9157500,519.1807250976562
2024-09-03,517.517465006485,523.3435454664982,506.54245844161755,509.6696472167969,12459100,509.6696472167969
2024-09-04,504.0028914786801,514.4799404747201,502.011060766785,510.6456298828125,8335200,510.6456298828125
2024-09-05,509.6298507687644,519.4993764378627,509.0621716729977,514.7488403320312,8640900,514.7488403320312
2024-09-06,519.7483090738448,522.4372926830144,496.214824429216,498.2265625,14744500,498.2265625
2024-09-09,504.0925180654504,509.2413834137203,500.0291664104619,502.7281188964844,11047800,502.7281188964844
2024-09-10,506.08434876885764,512.0797482446605,497.9875520966394,502.7281188964844,9899000,502.7281188964844
2024-09-11,504.93903016052286,511.0240581053146,493.5756328462631,509.73931884765625,10782500,509.73931884765625
2024-09-12,514.9381202842458,524.558698487144,513.1155778172116,523.4531860351562,11970500,523.4531860351562
2024-09-13,518.2146256800378,525.4250431678239,514.9977777296826,522.4771118164062,10321400,522.4771118164062
2024-09-16,522.8958039523781,532.4258356345829,515.7782305715274,531.6084594726562,9527600,531.6084594726562
2024-09-17,535.9149334066087,540.400828700226,528.9069997311592,534.6389770507812,11690800,534.6389770507812
2024-09-18,535.3865474606228,542.4942031582568,532.2265009440925,536.2637939453125,10323500,536.2637939453125
2024-09-19,548.2760214901399,560.3081952993754,544.8069490423769,557.3474731445312,15647000,557.3474731445312
2024-09-20,558.2446490535445,562.7305435548677,554.5562347392446,559.5903930664062,22066800,559.5903930664062
2024-09-23,567.7148800735523,572.1808178690717,560.6470771833491,562.6408081054688,12830700,562.6408081054688
2024-09-24,564.9037451716252,565.9703985785299,552.4529045706721,561.5642700195312,12993000,561.5642700195312
2024-09-25,562.2819081784797,575.071708102893,561.9529255651923,566.528564453125,16543400,566.528564453125
2024-09-26,573.9253420066469,575.5901511619721,560.5872770475031,566.0601196289062,14400800,566.0601196289062
2024-09-27,568.3130057800689,569.0507373700175,562.7405616236127,565.5816040039062,9398400,565.5816040039062
2024-09-30,565.9205581692032,572.8786599094663,563.0296238732356,570.6456909179688,12792300,570.6456909179688
2024-10-01,576.1683015405835,581.212438530882,568.3129965423386,574.6630249023438,15259300,574.6630249023438
2024-10-02,573.0581497332581,574.194591130728,567.5554929420721,571.0145874023438,6524700,571.0145874023438
2024-10-03,568.3628612159356,581.5314148833746,566.9472684679748,580.9432983398438,11581000,580.9432983398438
2024-10-04,581.9003317540365,594.9792034357206,579.6075530643348,594.0720825195312,14169500,594.0720825195312
2024-10-07,596.3448350538949,601.06005012291,582.2092899242913,582.947021484375,12014200,582.947021484375
2024-10-08,587.8415736537875,591.6994379728387,584.1332026418665,591.0315551757812,7857400,591.0315551757812
2024-10-09,592.1280687010161,592.5268391982069,579.7868701921382,588.6589965820312,9529700,588.6589965820312
2024-10-10,585.728205796661,588.3798409686276,580.6940477348141,581.9999389648438,7740400,581.9999389648438
2024-10-11,582.9968834451732,589.3568903777061,580.8835333945218,588.100830078125,8587100,588.100830078125
2024-10-14,592.3572899702161,598.2188630056579,588.1106947532855,588.5692138671875,8252000,588.5692138671875
2024-10-15,588.3100722725044,588.758673882389,578.3215220907713,584.4323120117188,9564200,584.4323120117188
2024-10-16,579.5776520667735,580.2555133359557,572.2307578693267,574.9820556640625,11268400,574.9820556640625
2024-10-17,581.5016070194145,583.1364203045559,573.3970851091301,575.1216430664062,8701200,575.1216430664062
2024-10-18,579.2785170294087,582.1395161435279,573.4468781988217,574.6630249023438,7694300,574.6630249023438
2024-10-21,574.224445634066,575.4306139121728,567.3260927771657,573.3571166992188,8171900,573.3571166992188
2024-10-22,572.4898962759062,581.7009850903903,570.3267150631275,580.1857299804688,8544500,580.1857299804688
2024-10-23,578.1519710164968,583.1662329596339,560.7367624611865,561.9230346679688,14248400,561.9230346679688
2024-10-24,565.3523182834161,567.0968328541104,559.7599176050263,566.0003051757812,7184700,566.0003051757812
2024-10-25,572.1309862116045,579.4679013953893,569.9278916410104,571.453125,11337900,571.453125
2024-10-28,580.1757074872899,581.9202220716588,572.3204026627383,576.3477172851562,10925100,576.3477172851562
2024-10-29,578.331560895051,591.8091414711773,573.5964496330529,591.42041015625,13019100,591.42041015625
2024-10-30,599.0961635884153,599.3155056206892,587.5325489970706,589.9449462890625,26864900,589.9449462890625
2024-10-31,583.1662822441984,588.0509472364286,561.2452209594691,565.8009033203125,26838400,565.8009033203125
2024-11-01,565.8308648693949,571.8718679316679,560.7967057914752,565.3822631835938,15303200,565.3822631835938
2024-11-04,562.3317479843915,566.9073869431594,556.1412527884435,558.9224853515625,12064600,558.9224853515625
2024-11-05,565.5217565361041,571.6823777040769,564.8937264362966,570.6356811523438,9775400,570.6356811523438
2024-11-06,560.9860599935962,571.2039313662027,553.4298024690905,570.2568969726562,18305400,570.2568969726562
2024-11-07,575.0817610826855,592.9355956705097,573.40703432011,589.8453369140625,14653700,589.8453369140625
2024-11-08,589.6857922274284,591.2408999638149,582.6878378356098,587.4927368164062,9415700,587.4927368164062
2024-11-11,584.5219830495145,585.1599915098993,574.7028831683562,581.3419799804688,10209100,581.3419799804688
2024-11-12,586.6951878227678,597.7803270952668,578.560792275492,582.9868774414062,16287700,582.9868774414062
2024-11-13,580.7837499543639,583.8042813935028,573.3670687675797,578.1819458007812,10757600,578.1819458007812
2024-11-14,575.1914193973914,578.939643581166,571.213935608324,575.3508911132812,11053700,575.3508911132812
2024-11-15,569.4294274853681,570.775232288529,549.7712709022105,552.3432006835938,17712900,552.3432006835938
2024-11-18,555.2939713255412,558.1450530771248,548.3658043375702,552.6622924804688,14327300,552.6622924804688
2024-11-19,550.1301887468238,559.670199030822,548.8741284623578,559.331298828125,9522400,559.331298828125
2024-11-20,561.1654671706501,564.5747300141007,552.4628511582212,563.7473754882812,9797300,563.7473754882812
2024-11-21,567.7348499684634,568.2133259307972,547.3289818703621,561.3250122070312,11154700,561.3250122070312
2024-11-22,561.7836017359018,562.0627533114455,552.8517248200764,557.387451171875,9164000,557.387451171875
2024-11-25,560.3381090003746,570.7952798720845,554.6460455718901,563.3386840820312,13599800,563.3386840820312
2024-11-26,564.2259041539218,575.6898580369078,563.428423878657,571.7422485351562,10356600,571.7422485351562
2024-11-27,573.0879994258706,573.1776832448027,562.3317821625797,567.4158325195312,7200200,567.4158325195312
2024-11-29,567.2165043387864,576.6468744517884,565.1231109977455,572.5198364257812,7130500,572.5198364257812
2024-12-02,575.6898363387268,592.6365501357109,573.7658931912714,590.9718017578125,12522400,590.9718017578125
2024-12-03,593.1349366752197,612.2747652879608,589.3966912760062,611.7265014648438,14907200,611.7265014648438
2024-12-04,611.0387031196573,615.8436021650134,603.2032939927384,611.8561401367188,14697000,611.8561401367188
2024-12-05,615.1457175753995,617.9568853024075,605.1471284163698,607.021240234375,8081200,607.021240234375
2024-12-06,608.1876239914793,627.8159083390149,606.6225986816157,621.8148193359375,16935500,621.8148193359375
2024-12-09,621.9642613672759,624.4365290047741,604.2699000041796,611.646728515625,11426000,611.646728515625
2024-12-10,615.6242910640193,623.6291506932943,610.8193917771058,617.3787841796875,10938900,617.3787841796875
2024-12-11,621.4160232851857,636.398940507193,619.5818248925854,630.6968383789062,10837200,630.6968383789062
2024-12-12,629.520540523856,634.6643395468709,625.2440095870248,628.812744140625,7474700,628.812744140625
2024-12-13,625.2539790166715,629.1019262683816,614.9564017264901,618.405517578125,8453300,618.405517578125
2024-12-16,628.5118922373878,629.6792095440776,617.1384950234287,622.7852783203125,10885600,622.7852783203125
2024-12-17,624.7107568886487,630.8963205922495,615.103193761423,617.9964599609375,12897800,617.9964599609375
2024-12-18,619.5528517396282,625.8980160900031,594.9303721209593,595.79833984375,17075500,595.79833984375
2024-12-19,608.9674755212903,610.0948468810748,593.6133279373188,594.1820068359375,14958100,594.1820068359375
2024-12-20,589.2037041887596,601.7044720771678,578.6483432227146,583.8861083984375,48989400,583.8861083984375
2024-12-23,588.2259739647594,599.6892488609435,584.8838051496438,598.4520874023438,10205800,598.4520874023438
2024-12-24,601.3153720498085,606.5731101523746,597.8834471973506,606.3336791992188,4726100,606.3336791992188
2024-12-26,604.069010990469,604.8871074252385,597.5442732843297,601.9439697265625,6081400,601.9439697265625
2024-12-27,598.0131392274001,600.4474556136508,588.4255484873448,598.4122314453125,8084200,598.4122314453125
2024-12-30,587.3779342019037,595.5488500662633,584.2153388503573,589.8621215820312,7025900,589.8621215820312
2024-12-31,590.8897637116248,592.5857532318533,582.4893422598942,584.1455078125,6019500,584.1455078125
2025-01-02,588.3456720279144,603.5002752946805,586.4501363728165,597.843505859375,12682300,597.843505859375
2025-01-03,603.3505881307898,608.0795315950786,595.0200116626086,603.2208862304688,11436800,603.2208862304688
2025-01-06,610.4041988830613,629.5195213275813,604.2086488423892,628.7313842773438,14560800,628.7313842773438
2025-01-07,630.2278877474329,630.6269190448738,606.8125509705602,616.4500732421875,12071500,616.4500732421875
2025-01-08,611.9705610612136,615.0034547439036,601.3852402562982,609.2967529296875,10085800,609.2967529296875
2025-01-10,608.6084345783213,628.4420508325449,595.9480045179172,614.4248046875,19256600,614.4248046875
2025-01-13,605.6852394350362,607.5508768684803,597.0554332236283,606.9124145507812,10785000,606.9124145507812
2025-01-14,603.6599659655254,604.078970157077,587.1784443113863,592.8651733398438,13598000,592.8651733398438
2025-01-15,608.7880143304319,621.0094674482275,605.0866380361617,615.681884765625,15524300,615.681884765625
2025-01-16,610.0749122937867,614.813842520108,608.289105772054,609.8753662109375,8355300,609.8753662109375
2025-01-17,622.595722821053,623.5135618341703,602.2632108119018,611.342041015625,17280600,611.342041015625
2025-01-21,616.3902400115962,620.0516704767022,607.5907866326766,615.0234375,11674000,615.0234375
2025-01-22,621.8474509712569,632.2232391929498,617.9864744815644,622.0469970703125,12274000,622.0469970703125
2025-01-23,625.897953878345,635.1164107716554,619.7024649482253,634.966796875,9910200,634.966796875
2025-01-24,634.916957345469,650.4805787372286,632.7220720484465,645.9810791015625,19065300,645.9810791015625
2025-01-27,625.1497368617698,662.3229161040041,623.6432460146609,658.3422241210938,28399200,658.3422241210938
2025-01-28,664.4478799893883,680.9892571748755,657.9330689945277,672.7584838867188,20950100,672.7584838867188
2025-01-29,673.426995188933,679.4628842264866,664.1187205609702,674.9135131835938,21377800,674.9135131835938
2025-01-30,695.1961710974357,709.1335868447954,674.5244243363409,685.3990478515625,29322900,685.3990478515625
2025-01-31,689.3896795162744,703.656342326233,683.9823274447602,687.5739135742188,19303900,687.5739135742188
2025-02-03,674.3348273334816,702.35939297386,673.6763921954532,695.8346557617188,21415700,695.8346557617188
2025-02-04,700.8628861544697,706.0607666337353,689.9982497177888,702.5489501953125,13826300,702.5489501953125
2025-02-05,701.9104857176951,716.4665130283939,697.381087327231,703.2274169921875,17778200,703.2274169921875
2025-02-06,704.2350030352095,717.2246803609337,701.860544580122,710.3307495117188,13080700,710.3307495117188
2025-02-07,715.1295132827424,723.3204021183071,710.091294290037,712.8548583984375,16427100,712.8548583984375
2025-02-10,716.885419282827,719.5192814719111,709.6722880239806,715.7281494140625,12904300,715.7281494140625
2025-02-11,711.6576791372714,721.9735485962613,708.3852936539699,718.12255859375,12998000,718.12255859375
2025-02-12,713.6330486346045,725.4055376689322,710.9393285513713,723.6895751953125,12016500,723.6895751953125
2025-02-13,719.8386103490428,727.3011596897542,716.3666786322259,726.8621826171875,12569100,726.8621826171875
2025-02-14,724.4478780109462,739.1834178172538,723.9290702902056,734.9533081054688,16901200,734.9533081054688
2025-02-18,734.2848205070356,735.2824901001159,704.7937097713013,714.7005615234375,21938700,714.7005615234375
2025-02-19,702.4591920318235,705.352458439168,693.7695281560459,702.1300048828125,17535500,702.1300048828125
2025-02-20,695.6550803935475,703.9855971062905,692.0235484745193,693.2207641601562,12587400,693.2207641601562
2025-02-21,694.9566951444989,702.2296844827868,680.7698020105673,681.95703125,15660400,681.95703125
2025-02-24,684.6807257344343,685.6684089004975,660.9062419977378,666.572998046875,15677000,666.572998046875
2025-02-25,664.4180058682373,666.4433044201521,640.3642060071343,655.9677734375,20579700,655.9677734375
2025-02-26,658.1127595320887,681.4183061907152,656.466580376106,672.1300048828125,14488700,672.1300048828125
2025-02-27,680.8596586153011,687.0452225675066,656.0376330781108,656.7060546875,12500000,656.7060546875
2025-02-28,656.5064652824952,668.0694824508789,641.1024446071139,666.642822265625,17534200,666.642822265625
2025-03-03,672.1100263993885,679.6623923265935,649.3232875955849,653.5234375,10843800,653.5234375
2025-03-04,644.0056526080473,648.2357615709305,622.1966118195909,638.5084838867188,21495200,638.5084838867188
2025-03-05,639.5062648271543,657.9631539056292,636.1740213033428,654.940185546875,13770000,654.940185546875
2025-03-06,646.4898483233629,649.0438798563313,622.6555088997344,626.4666137695312,13446500,626.4666137695312
2025-03-07,623.9126020486227,633.3106321661818,599.2102942304716,624.201904296875,21375700,624.201904296875
2025-03-10,606.65296218488,608.6881862514739,585.502354444259,596.596435546875,21999900,596.596435546875
2025-03-11,593.6633300752528,613.497008157352,591.9473674566563,604.2985229492188,17401500,604.2985229492188
2025-03-12,628.4321419951534,631.8541416152899,607.9299818068337,618.1162109375,15747000,618.1162109375
2025-03-13,618.8045942687469,619.0540116787705,585.1432303548188,589.2636108398438,16480300,589.2636108398438
2025-03-14,601.9302652875026,607.9815194546456,593.921878023224,606.7233276367188,12364500,606.7233276367188
2025-03-17,606.5835867430537,612.2154031063742,597.1372135641119,604.0272827148438,15473900,604.0272827148438
2025-03-18,599.1841923852631,599.383916000254,573.8308122814993,581.5197143554688,20297700,581.5197143554688
2025-03-19,583.437060479347,591.465438844832,573.9407712608652,583.2173461914062,20537500,583.2173461914062
2025-03-20,581.9191646208485,609.3195747902407,578.6738539383629,585.1544799804688,24336500,585.1544799804688
2025-03-21,582.5782039839329,596.6778262742098,580.1117970416443,595.3897094726562,25015900,595.3897094726562
2025-03-24,614.0826855144928,621.6417707519487,611.3167235438618,617.9570922851562,15741300,617.9570922851562
2025-03-25,625.8557350102046,632.9654575641416,620.2837686391537,625.4063720703125,15312500,625.4063720703125
2025-03-26,623.9884142880119,625.8457160257799,605.7347596820686,610.0984497070312,12609800,610.0984497070312
2025-03-27,601.1313910896048,613.3637159082887,599.2341081674626,601.7105712890625,10436500,601.7105712890625
2025-03-28,599.4438360887048,600.8817608125378,573.091898457094,575.9078369140625,17602800,575.9078369140625
2025-03-31,562.6870107661883,577.86509316616,552.5017146196878,575.5284423828125,21124700,575.5284423828125
2025-04-01,570.01638065981,589.0588115540622,569.1775658513092,585.1544799804688,12836600,585.1544799804688
2025-04-02,574.080458474082,591.8048477070258,572.5327070966798,583.0874633789062,13470800,583.0874633789062
2025-04-03,545.4318768443412,551.7627562198618,529.5348635095143,530.8529663085938,34777500,530.8529663085938
2025-04-04,505.8890272194756,517.2526126590658,493.48696426685154,504.00177001953125,38589800,504.00177001953125
2025-04-07,484.40007792998455,538.5917633076846,481.2046828713169,515.505126953125,36606100,515.505126953125
2025-04-08,542.466195243981,546.6401569981987,502.1344555804991,509.7135314941406,28034200,509.7135314941406
2025-04-09,508.5352100791647,587.0418020934284,501.38553692930896,584.9248657226562,39216600,584.9248657226562
2025-04-10,574.6597156332648,580.4613309550042,534.5276963693453,545.5018310546875,28173500,545.5018310546875
2025-04-11,534.7373976799885,546.6102578983532,527.8273986400332,542.7857666015625,17642300,542.7857666015625
2025-04-14,555.3675132456816,556.9652412544987,527.5178006421743,530.713134765625,14130900,530.713134765625
2025-04-15,531.3422648985347,537.163870525552,516.7533586187461,520.767578125,15558700,520.767578125
2025-04-16,507.7763329602169,512.629306338645,494.91491131205976,501.58526611328125,18735100,501.58526611328125
2025-04-17,504.52101935573154,506.5680494021945,497.2914750644452,500.7564697265625,14593500,500.7564697265625
2025-04-21,490.62108316605304,492.78796564319924,479.1077201623686,483.9607238769531,16166000,483.9607238769531
2025-04-22,491.16032727526476,506.1486806655398,485.6582673272301,499.5581970214844,17399400,499.5581970214844
2025-04-23,527.7674399584153,534.5676117147929,515.7747588305107,519.5193481445312,18173900,519.5193481445312
2025-04-24,517.981559558718,533.1297162437559,516.7533536993726,532.3807983398438,13910000,532.3807983398438
2025-04-25,546.0110541474862,549.0666366821536,535.4762880818677,546.4804077148438,17098900,546.4804077148438
2025-04-28,554.8383503772915,557.6842140858612,539.8100763507483,548.9468383789062,15179000,548.9468383789062
2025-04-29,545.2122501842537,555.767007469421,543.3349577071189,553.6400756835938,11835000,553.6400756835938
2025-04-30,537.623204130374,548.3077170802433,528.7360209480661,548.2078857421875,29244000,548.2078857421875
2025-05-01,591.2257247848668,592.0944646154164,569.676844774487,571.3843994140625,31159000,571.3843994140625
2025-05-02,582.6182570229101,603.4681380658725,577.4956532612366,596.15869140625,24739300,596.15869140625
2025-05-05,590.3669612530514,602.3397133318473,587.2015519796344,598.4053955078125,13887700,598.4053955078125
2025-05-06,591.6751469367607,595.1700972546984,585.7337192068476,586.462646484375,10600700,586.462646484375
2025-05-07,589.5082075152634,602.2098866527917,585.8235290496914,595.9489135742188,13139100,595.9489135742188
2025-05-08,605.4152389401659,610.4180203966848,595.7592076246763,597.147216796875,14622800,597.147216796875
2025-05-09,602.8489716185445,606.0942827774223,590.8563498854548,591.6351928710938,10427300,591.6351928710938
2025-05-12,630.0096542338201,639.4660220500658,620.1339704306981,638.5073852539062,21965100,638.5073852539062
2025-05-13,644.608580079292,659.966394384485,641.9025291274511,655.08349609375,18570800,655.08349609375
2025-05-14,660.2559976740721,661.7138521126336,653.365928933295,658.4086303710938,12348200,658.4086303710938
2025-05-15,653.336007607732,656.3616041086932,637.6586480133124,642.9509887695312,14341800,642.9509887695312
2025-05-16,637.039566707962,639.515969035449,625.2466087350075,639.4161376953125,18519000,639.4161376953125
2025-05-19,627.3435620408461,642.0722807676308,626.89419911061,639.5059814453125,9592400,639.5059814453125
2025-05-20,635.0923928837207,638.427539897765,631.3478032754666,636.1807861328125,6743500,636.1807861328125
2025-05-21,630.8784605589066,645.6770862594399,629.2608026960274,634.5831298828125,11464600,634.5831298828125
2025-05-22,633.1351667006269,642.321904930245,629.8000198555354,635.6515502929688,8228400,635.6515502929688
2025-05-23,623.0996908529319,631.5375113559843,621.7516630159821,626.1552734375,8454100,626.1552734375
2025-05-27,634.4931853284312,642.1521627133571,631.8370500697896,641.3932495117188,9508400,641.3932495117188
2025-05-28,641.6728007707804,649.9408832345952,641.6228851026552,642.6514282226562,9042900,642.6514282226562
2025-05-29,650.7098379625838,652.3774114577973,638.5773433389169,644.1193237304688,8858800,644.1193237304688
2025-05-30,641.5729954990708,648.4729988751875,631.8670488528962,646.5557861328125,16241000,646.5557861328125
2025-06-02,643.4603060358205,672.2886482991516,643.3304887205626,669.9320678710938,15766300,669.9320678710938
2025-06-03,670.4812168844167,674.6052628286036,664.0704969861027,665.8878173828125,11585000,665.8878173828125
2025-06-04,668.3542730450752,688.0058702697532,667.6053551891937,686.9573974609375,14031900,686.9573974609375
2025-06-05,690.6620226565076,693.3781298406639,681.2656265406558,683.6322021484375,13083100,683.6322021484375
2025-06-06,695.1655520394484,701.7959865050877,690.8717682492216,696.703369140625,11728000,696.703369140625
2025-06-09,697.4522697198046,704.1725400365549,692.9387717641956,693.05859375,12773200,693.05859375
2025-06-10,700.3380628694553,702.2153552678959,690.5622098918083,701.3865966796875,10850100,701.3865966796875
2025-06-11,702.6946882022667,707.8472163839234,690.9915664747034,693.1384887695312,9582500,693.1384887695312
2025-06-12,692.2997081453341,694.3767242272471,686.0088098513999,692.359619140625,7322700,692.359619140625
2025-06-13,686.9574533802801,693.5678973171928,680.0274638185289,681.884765625,9274400,681.884765625
2025-06-16,698.8583271202571,706.6730599404123,693.042245323344,701.6464233398438,13720300,701.6464233398438
2025-06-17,701.5265067822095,705.4937997727949,695.5905108235235,696.7597045898438,10066100,696.7597045898438
2025-06-18,697.7090678240436,701.1168019237268,694.4313119124115,695.3007202148438,10068300,695.3007202148438
2025-06-20,700.2773225024961,701.3466080737581,678.2121990654855,681.8897094726562,22538600,681.8897094726562
2025-06-23,683.2288810707365,698.578506730811,678.2922104620159,698.0588989257812,11080100,698.0588989257812
2025-06-24,704.4145982313105,712.7089880581048,701.6364439383941,711.7196655273438,13823200,711.7196655273438
2025-06-25,712.8389115768144,716.0967226422507,704.9042642374237,708.2020263671875,9320400,708.2020263671875
2025-06-26,713.8781511444844,727.7287879670295,710.5703861718163,725.6002807617188,13964800,725.6002807617188
2025-06-27,726.0300029969949,734.933966624867,725.3704139910845,733.1351928710938,18775700,733.1351928710938
2025-06-30,744.0478281561813,747.3956053545359,733.7547871608941,737.5922241210938,15402100,737.5922241210938
2025-07-01,736.3829859262192,737.2523942395003,714.8874844693272,718.73486328125,13431200,718.73486328125
2025-07-02,714.8475066710681,719.814124987759,712.3191839508311,713.0886840820312,9336700,713.0886840820312
2025-07-03,726.1198736779997,728.5382852595793,713.9380936153356,718.5250244140625,8601700,718.5250244140625
2025-07-07,717.1159843593155,726.5096688493239,713.0287770502092,717.865478515625,9457100,717.865478515625
2025-07-08,721.0833162832664,722.4223783113574,714.3278660699458,720.1838989257812,7770700,720.1838989257812
2025-07-09,722.2324935525554,737.0325627099321,722.2324935525554,732.2857666015625,11418000,732.2857666015625
2025-07-10,731.0565410529589,735.3036743334181,719.1145893949879,726.7494506835938,9913600,726.7494506835938
2025-07-11,722.0126865863356,724.6708656262394,709.2213321577215,717.0260620117188,10873900,717.0260620117188
2025-07-14,717.1159478712506,727.5089573741911,716.0666683046045,720.4337158203125,8939400,720.4337158203125
2025-07-15,723.4117865461602,723.9813484321952,709.3412657918492,709.910888671875,11529500,709.910888671875
2025-07-16,712.8888186148534,713.4883895101593,698.7983536292803,702.4358520507812,13067600,702.4358520507812
2025-07-17,703.9149211888315,705.4239124906103,696.6398020897627,700.9368896484375,11803300,700.9368896484375
2025-07-18,701.7163755426589,704.2346953216606,691.1835067266235,703.8049926757812,12779800,703.8049926757812
2025-07-21,706.323253430884,716.5163857618587,705.283976865439,712.4890747070312,9404400,712.4890747070312
2025-07-22,715.7069236590216,716.1166202717292,700.936863669917,704.3345947265625,8921100,704.3345947265625
2025-07-23,705.8935351714335,714.1479734039639,704.4545040389586,713.0986938476562,8771600,713.0986938476562
2025-07-24,716.5663535187755,723.1319295191287,713.518422874761,714.31787109375,10920800,714.31787109375
2025-07-25,716.4364100852231,720.1639356225638,711.4198376232321,712.1992797851562,8271700,712.1992797851562
2025-07-28,714.7176423374738,724.2511860836681,712.199322444747,717.14599609375,8715700,717.14599609375
2025-07-29,719.5143415178571,723.9812971110003,699.4378659012062,699.52783203125,13267000,699.52783203125
2025-07-30,707.6124059283386,708.0221025377599,690.7337839335887,694.7410888671875,27077300,694.7410888671875
2025-07-31,774.6771576404832,784.2207041864842,764.9936908827026,772.9183349609375,38831100,772.9183349609375
2025-08-01,760.2168907933417,765.4833558536491,744.8073082016023,749.504150390625,19028700,749.504150390625
2025-08-04,759.4874200926632,776.3260312589632,757.898465626429,775.8463745117188,15801700,775.8463745117188
2025-08-05,775.9262968482556,782.6017838704779,762.485356671436,762.945068359375,11640300,762.945068359375
2025-08-06,769.4806512883487,773.1182108239055,759.9471077743785,771.4692993164062,9733900,771.4692993164062
2025-08-07,772.9682705923176,774.4772618550992,759.037670694158,761.316162109375,9019700,761.316162109375
2025-08-08,762.2355578226991,769.3807598518028,758.0683873872562,768.7811279296875,7320800,768.7811279296875
2025-08-11,769.5606371158788,772.9383623565644,764.1542517302764,765.3534545898438,7612000,765.3534545898438
2025-08-12,772.4786291967464,793.13467067664,771.9090063294184,789.4671630859375,14563100,789.4671630859375
2025-08-13,790.6164352280034,794.9235259193555,777.7051051745191,779.5538940429688,8811800,779.5538940429688
2025-08-14,777.3553445445746,787.2786396920953,771.9889713529242,781.6024780273438,8116200,781.6024780273438
2025-08-15,783.621150744718,795.7129654452535,780.293379600551,784.7003784179688,13375400,784.7003784179688
2025-08-18,774.5672416992095,775.2867267942328,756.0497105947067,766.8524169921875,16513700,766.8524169921875
2025-08-19,766.6026107662994,766.6525648449835,748.854579245516,750.97314453125,12286700,750.97314453125
2025-08-20,747.0657749776972,749.6940059349637,730.506944043105,747.2156372070312,11898200,747.2156372070312
2025-08-21,744.2077027473434,744.9971479214436,732.6154905427838,738.6014404296875,8876300,738.6014404296875
2025-08-22,738.7313812096488,756.389506981927,733.8946798718869,754.2808837890625,10612700,754.2808837890625
2025-08-25,754.3108643612958,758.3681233608074,749.6240254313439,752.7918701171875,6861200,752.7918701171875
2025-08-26,750.2936075268326,754.3608698171868,747.4355511046348,753.5913696289062,7601800,753.5913696289062
2025-08-27,751.7925800305345,753.6413688476172,742.338999603057,746.8759155273438,8315400,746.8759155273438
2025-08-28,743.4982035863915,752.5420875468095,740.3003496517379,750.6033935546875,7468000,750.6033935546875
2025-08-29,744.7773613013366,746.6360921511391,734.8540051000575,738.2017822265625,9070500,738.2017822265625
2025-09-02,725.5502463590637,735.5035500540433,721.2431559989143,734.6141357421875,9350900,734.6141357421875
2025-09-03,735.5035768564753,739.7507102826166,733.4949228182503,736.5528564453125,7699300,736.5528564453125
2025-09-04,748.0651174458885,760.6465916805791,745.3169722452417,748.1450805664062,11439100,748.1450805664062
2025-09-05,752.1123731440612,757.4387952805295,744.5275265518461,751.9425048828125,9663400,751.9425048828125
2025-09-08,755.4900579545978,765.992978439962,751.5127620882034,751.7925415039062,13087800,751.7925415039062
2025-09-09,756.9790485610613,765.7831036056251,752.9217895494754,765.1835327148438,10999000,765.1835327148438
2025-09-10,764.6139331888977,765.1835560495044,750.4934588375091,751.4727783203125,12478300,751.4727783203125
2025-09-11,754.1410253741255,756.5893240941964,747.8652318538085,750.3935546875,7923300,750.3935546875
2025-09-12,748.2249639979328,757.0590282777322,743.2583455274284,755.0803833007812,8248600,755.0803833007812
2025-09-15,756.9590394303372,773.547878937133,751.4827553370264,764.1842041015625,10533800,764.1842041015625
2025-09-16,766.4826425887807,780.8329418323293,764.583899780601,778.4745483398438,11782500,778.4745483398438
2025-09-17,779.4639169106475,782.7616789884555,765.7931508650867,775.19677734375,9400900,775.19677734375
2025-09-18,780.223417654285,788.2480310412486,772.8383872533639,779.7237548828125,10955000,779.7237548828125
2025-09-19,785.8895354575697,790.2665859871321,768.6711767678263,777.85498046875,23696800,777.85498046875
2025-09-22,781.8499755859375,785.72998046875,764.469970703125,765.1599731445312,11706900,765.1599731445312
2025-09-23,769.25,770.5999755859375,751.0700073242188,755.4000244140625,10872600,755.4000244140625
2025-09-24,757.5,761.1099853515625,752.530029296875,760.6599731445312,8828200,760.6599731445312
2025-09-25,753.4500122070312,756.77001953125,744.5499877929688,748.9099731445312,10591100,748.9099731445312
2025-09-26,750.0,751.9299926757812,737.3499755859375,743.75,9696300,743.75
2025-09-29,748.719970703125,750.780029296875,739.1500244140625,743.4000244140625,9246800,743.4000244140625
2025-09-30,742.25,742.969970703125,726.2999877929688,734.3800048828125,16226800,734.3800048828125
2025-10-01,721.489990234375,721.8499755859375,710.2000122070312,717.3400268554688,20419600,717.3400268554688
2025-10-02,722.5800170898438,727.77001953125,718.1400146484375,727.0499877929688,11415300,727.0499877929688
2025-10-03,729.6300048828125,731.0,710.1799926757812,710.5599975585938,16154300,710.5599975585938
2025-10-06,705.1900024414062,716.8800048828125,690.510009765625,715.6599731445312,21654700,715.6599731445312
2025-10-07,717.719970703125,718.5,705.75,713.0800170898438,12062900,713.0800170898438
2025-10-08,713.4500122070312,719.6500244140625,707.8099975585938,717.8400268554688,10790600,717.8400268554688
2025-10-09,718.280029296875,733.510009765625,712.4400024414062,733.510009765625,12717200,733.510009765625
2025-10-10,730.9199829101562,735.27001953125,704.510009765625,705.2999877929688,16980100,705.2999877929688
2025-10-13,713.010009765625,719.9400024414062,707.6400146484375,715.7000122070312,9251800,715.7000122070312
2025-10-14,707.780029296875,715.5499877929688,699.3300170898438,708.6500244140625,8829800,708.6500244140625
2025-10-15,717.0599975585938,723.9000244140625,709.510009765625,717.5499877929688,10246800,717.5499877929688
2025-10-16,717.5499877929688,725.489990234375,703.8800048828125,712.0700073242188,9017000,712.0700073242188
2025-10-17,707.0800170898438,718.5399780273438,706.1199951171875,716.9199829101562,12232400,716.9199829101562
2025-10-20,721.1900024414062,733.77001953125,720.1799926757812,732.1699829101562,8900200,732.1699829101562
2025-10-21,736.02001953125,738.5,728.75,733.27001953125,7647300,733.27001953125
2025-10-22,733.8300170898438,740.5999755859375,724.030029296875,733.4099731445312,8734500,733.4099731445312
2025-10-23,734.7000122070312,742.4099731445312,733.0999755859375,734.0,9856000,734.0
2025-10-24,736.7899780273438,741.2100219726562,731.1500244140625,738.3599853515625,9151300,738.3599853515625
2025-10-27,749.72998046875,755.75,748.010009765625,750.8200073242188,11321100,750.8200073242188
2025-10-28,752.6300048828125,758.4000244140625,745.52001953125,751.4400024414062,12193800,751.4400024414062
2025-10-29,754.75,759.1599731445312,742.510009765625,751.6699829101562,26818600,751.6699829101562
2025-10-30,669.1500244140625,680.9600219726562,650.1699829101562,666.469970703125,88440100,666.469970703125
2025-10-31,674.510009765625,674.8900146484375,645.5700073242188,648.3499755859375,56953200,648.3499755859375
2025-11-03,656.0,659.3300170898438,636.1799926757812,637.7100219726562,33003600,637.7100219726562
2025-11-04,628.0399780273438,641.739990234375,626.010009765625,627.3200073242188,27356600,627.3200073242188
2025-11-05,632.3099975585938,642.22998046875,626.5399780273438,635.9500122070312,20219900,635.9500122070312
2025-11-06,635.8499755859375,636.0,618.0,618.9400024414062,23628800,618.9400024414062
2025-11-07,616.489990234375,622.1300048828125,601.2000122070312,621.7100219726562,29946800,621.7100219726562
2025-11-10,631.0900268554688,635.0,618.1099853515625,631.760009765625,19245000,631.760009765625
2025-11-11,628.0,629.5599975585938,619.3900146484375,627.0800170898438,13302200,627.0800170898438
2025-11-12,628.1300048828125,628.989990234375,607.77001953125,609.010009765625,24493300,609.010009765625
2025-11-13,613.0700073242188,617.6500244140625,603.0,609.8900146484375,20973800,609.8900146484375
2025-11-14,601.7899780273438,613.6799926757812,595.2000122070312,609.4600219726562,20724100,609.4600219726562
2025-11-17,609.0399780273438,611.6900024414062,595.4000244140625,602.010009765625,16501300,602.010009765625
2025-11-18,591.5999755859375,603.6599731445312,583.780029296875,597.6900024414062,25500600,597.6900024414062
2025-11-19,593.719970703125,595.3300170898438,581.25,590.3200073242188,24744700,590.3200073242188
2025-11-20,603.5,606.719970703125,583.3499755859375,589.1500244140625,20603000,589.1500244140625
2025-11-21,588.5,598.1199951171875,581.8599853515625,594.25,21052600,594.25
2025-11-24,598.719970703125,616.7000122070312,597.6300048828125,613.0499877929688,23554900,613.0499877929688
2025-11-25,624.0,637.0499877929688,618.2999877929688,636.219970703125,25213000,636.219970703125
2025-11-26,637.6900024414062,638.3599853515625,631.6300048828125,633.6099853515625,15209500,633.6099853515625
2025-11-28,636.0800170898438,648.0499877929688,635.5,647.9500122070312,11033200,647.9500122070312
2025-12-01,639.5499877929688,645.3200073242188,637.760009765625,640.8699951171875,13029900,640.8699951171875
2025-12-02,642.3400268554688,647.8699951171875,638.0700073242188,647.0999755859375,11640900,647.0999755859375
2025-12-03,644.4099731445312,648.8499755859375,637.5499877929688,639.5999755859375,11134300,639.5999755859375
2025-12-04,676.0,676.0999755859375,660.0499877929688,661.530029296875,29874600,661.530029296875
2025-12-05,664.0,674.6900024414062,662.3900146484375,673.4199829101562,21166900,673.4199829101562
